dataset,path,step,xfer,circuit_gates,source_gates,declared_destination_gates,removed_gates,created_gates,modified_surviving_gates,changed_nodes_total,outside_source_removed,source_qubits,affected_qubits,affected_before_gates,affected_after_gates,boundary_surviving_gates,removed_edges,added_edges,changed_edges,one_hop_gates,two_hop_gates,source_fraction,affected_before_fraction
barenco_tof_3,38_0,0,4358,40,2,2,2,2,0,4,0,3,3,8,8,6,7,7,14,8,14,0.05,0.2
barenco_tof_3,38_0,1,106,40,3,5,3,5,0,8,0,2,3,6,8,3,5,7,12,6,13,0.075,0.15
barenco_tof_3,38_0,2,107,42,5,3,5,3,0,8,0,2,3,8,6,3,7,5,12,8,15,0.11904761904761904,0.19047619047619047
barenco_tof_3,38_0,3,3572,40,3,4,3,4,0,7,0,3,3,8,9,5,7,9,16,8,12,0.075,0.2
barenco_tof_3,38_0,4,951,41,4,3,4,3,0,7,0,3,3,9,8,5,9,7,16,9,13,0.0975609756097561,0.21951219512195122
barenco_tof_3,38_0,5,1482,40,3,4,3,4,0,7,0,3,3,8,9,5,8,10,18,8,15,0.075,0.2
barenco_tof_3,38_0,6,3432,41,3,2,3,2,0,5,0,3,3,9,8,6,9,7,16,9,18,0.07317073170731707,0.21951219512195122
barenco_tof_3,38_0,7,45,40,2,2,2,2,0,4,0,2,3,6,6,4,5,5,10,6,10,0.05,0.15
barenco_tof_3,38_0,8,24,40,2,4,2,4,0,6,0,2,2,5,7,3,4,6,10,5,10,0.05,0.125
barenco_tof_3,38_0,9,44,42,2,2,2,2,0,4,0,2,3,6,6,4,5,5,10,6,11,0.047619047619047616,0.14285714285714285
barenco_tof_3,38_0,10,107,42,5,3,5,3,0,8,0,2,3,8,6,3,7,5,12,8,15,0.11904761904761904,0.19047619047619047
barenco_tof_3,38_0,11,20,40,2,4,2,4,0,6,0,2,3,6,8,4,5,7,12,6,13,0.05,0.15
barenco_tof_3,38_0,12,27,42,4,2,4,2,0,6,0,2,3,8,6,4,7,5,12,8,15,0.09523809523809523,0.19047619047619047
barenco_tof_3,38_0,13,101,40,3,5,3,5,0,8,0,2,3,6,8,3,5,7,12,6,13,0.075,0.15
barenco_tof_3,38_0,14,107,42,5,3,5,3,0,8,0,2,3,8,6,3,7,5,12,8,15,0.11904761904761904,0.19047619047619047
barenco_tof_3,38_0,15,36,40,2,4,2,4,0,6,0,2,3,6,8,4,5,9,14,6,9,0.05,0.15
barenco_tof_3,38_0,16,44,42,2,2,2,2,0,4,0,2,3,5,5,3,5,5,10,5,11,0.047619047619047616,0.11904761904761904
barenco_tof_3,38_0,17,2909,42,4,5,4,5,0,9,0,3,3,9,10,5,10,12,22,9,18,0.09523809523809523,0.21428571428571427
barenco_tof_3,38_0,18,4670,43,2,0,2,0,0,2,0,2,2,5,3,3,6,2,8,5,9,0.046511627906976744,0.11627906976744186
barenco_tof_3,38_0,19,340,41,4,4,4,4,0,8,0,2,3,7,7,3,8,8,16,7,13,0.0975609756097561,0.17073170731707318
barenco_tof_3,38_0,20,4682,41,2,0,2,0,0,2,0,2,3,6,4,4,6,2,8,6,10,0.04878048780487805,0.14634146341463414
barenco_tof_3,38_0,21,106,39,3,5,3,5,0,8,0,2,3,6,8,3,5,7,12,6,13,0.07692307692307693,0.15384615384615385
barenco_tof_3,38_0,22,45,41,2,2,2,2,0,4,0,2,3,6,6,4,5,5,10,6,11,0.04878048780487805,0.14634146341463414
barenco_tof_3,38_0,23,44,41,2,2,2,2,0,4,0,2,3,6,6,4,5,5,10,6,11,0.04878048780487805,0.14634146341463414
barenco_tof_3,38_0,24,39,41,2,2,2,2,0,4,0,2,3,6,6,4,5,5,10,6,11,0.04878048780487805,0.14634146341463414
barenco_tof_3,38_0,25,38,41,2,2,2,2,0,4,0,2,3,6,6,4,5,5,10,6,11,0.04878048780487805,0.14634146341463414
barenco_tof_3,38_0,26,45,41,2,2,2,2,0,4,0,2,3,6,6,4,5,5,10,6,11,0.04878048780487805,0.14634146341463414
barenco_tof_3,38_0,27,25,41,4,2,4,2,0,6,0,2,2,7,5,3,6,4,10,7,12,0.0975609756097561,0.17073170731707318
barenco_tof_3,38_0,28,36,39,2,4,2,4,0,6,0,2,3,6,8,4,5,9,14,6,14,0.05128205128205128,0.15384615384615385
barenco_tof_3,38_0,29,4353,41,3,2,3,2,0,5,0,3,3,8,7,5,9,7,16,8,15,0.07317073170731707,0.1951219512195122
barenco_tof_3,38_0,30,121,40,3,3,3,3,0,6,0,2,3,7,7,4,7,7,14,7,15,0.075,0.175
barenco_tof_3,38_0,31,121,40,3,3,3,3,0,6,0,2,3,7,7,4,7,7,14,7,15,0.075,0.175
barenco_tof_3,38_0,32,36,40,2,4,2,4,0,6,0,2,2,5,7,3,5,9,14,5,11,0.05,0.125
barenco_tof_3,38_0,33,37,42,4,2,4,2,0,6,0,2,2,7,5,3,9,5,14,7,13,0.09523809523809523,0.16666666666666666
barenco_tof_3,38_0,34,3418,40,3,2,3,2,0,5,0,3,3,9,8,6,9,7,16,9,16,0.075,0.225
barenco_tof_3,38_0,35,1492,39,4,5,4,5,0,9,0,3,3,8,9,4,8,10,18,8,12,0.10256410256410256,0.20512820512820512
barenco_tof_3,38_0,36,121,40,3,3,3,3,0,6,0,2,2,6,6,3,7,7,14,6,12,0.075,0.15
barenco_tof_3,38_0,37,4664,40,2,0,2,0,0,2,0,2,3,6,4,4,6,2,8,6,11,0.05,0.15
barenco_tof_3,38_3,0,40,39,2,4,2,4,0,6,0,2,3,6,8,4,5,9,14,6,12,0.05128205128205128,0.15384615384615385
barenco_tof_3,38_3,1,896,41,3,3,3,3,0,6,0,3,3,8,8,5,9,9,18,8,15,0.07317073170731707,0.1951219512195122
barenco_tof_3,38_3,2,4676,41,2,0,2,0,0,2,0,2,2,5,3,3,6,2,8,5,11,0.04878048780487805,0.12195121951219512
barenco_tof_3,38_3,3,940,39,3,4,3,4,0,7,0,3,3,7,8,4,7,9,16,7,11,0.07692307692307693,0.1794871794871795
barenco_tof_3,38_3,4,39,40,2,2,2,2,0,4,0,2,3,6,6,4,5,5,10,6,10,0.05,0.15
barenco_tof_3,38_3,5,44,40,2,2,2,2,0,4,0,2,3,6,6,4,5,5,10,6,10,0.05,0.15
barenco_tof_3,38_3,6,38,40,2,2,2,2,0,4,0,2,3,6,6,4,5,5,10,6,13,0.05,0.15
barenco_tof_3,38_3,7,822,40,2,3,2,3,0,5,0,3,3,7,8,5,6,8,14,7,12,0.05,0.175
barenco_tof_3,38_3,8,39,41,2,2,2,2,0,4,0,2,2,4,4,2,5,5,10,4,7,0.04878048780487805,0.0975609756097561
barenco_tof_3,38_3,9,4406,41,2,2,2,2,0,4,0,3,3,6,6,4,6,6,12,6,11,0.04878048780487805,0.14634146341463414
barenco_tof_3,38_3,10,4688,41,2,0,2,0,0,2,0,2,3,6,4,4,6,2,8,6,10,0.04878048780487805,0.14634146341463414
barenco_tof_3,38_3,11,24,39,2,4,2,4,0,6,0,2,3,4,6,2,3,5,8,4,7,0.05128205128205128,0.10256410256410256
barenco_tof_3,38_3,12,23,41,4,2,4,2,0,6,0,2,3,6,4,2,5,3,8,6,9,0.0975609756097561,0.14634146341463414
barenco_tof_3,38_3,13,1540,39,4,5,4,5,0,9,0,3,3,8,9,4,8,10,18,8,12,0.10256410256410256,0.20512820512820512
barenco_tof_3,38_3,14,121,40,3,3,3,3,0,6,0,2,2,6,6,3,7,7,14,6,12,0.075,0.15
barenco_tof_3,38_3,15,4664,40,2,0,2,0,0,2,0,2,3,6,4,4,6,2,8,6,11,0.05,0.15
barenco_tof_3,38_4,0,24,39,2,4,2,4,0,6,0,2,3,4,6,2,3,5,8,4,6,0.05128205128205128,0.10256410256410256
barenco_tof_3,38_4,1,25,41,4,2,4,2,0,6,0,2,3,6,4,2,5,3,8,6,8,0.0975609756097561,0.14634146341463414
barenco_tof_3,38_4,2,2909,39,4,5,4,5,0,9,0,3,3,8,9,4,8,10,18,8,12,0.10256410256410256,0.20512820512820512
barenco_tof_3,38_4,3,37,40,4,2,4,2,0,6,0,2,3,8,6,4,9,5,14,8,14,0.1,0.2
barenco_tof_3,38_5,0,106,40,3,5,3,5,0,8,0,2,3,6,8,3,5,7,12,6,13,0.075,0.15
barenco_tof_3,38_5,1,107,42,5,3,5,3,0,8,0,2,3,8,6,3,7,5,12,8,15,0.11904761904761904,0.19047619047619047
barenco_tof_3,38_5,2,40,40,2,4,2,4,0,6,0,2,3,6,8,4,5,9,14,6,12,0.05,0.15
barenco_tof_3,38_5,3,43,42,4,2,4,2,0,6,0,2,3,8,6,4,9,5,14,8,14,0.09523809523809523,0.19047619047619047
barenco_tof_3,38_5,4,106,40,3,5,3,5,0,8,0,2,4,7,9,4,6,8,14,7,18,0.075,0.175
barenco_tof_3,38_5,5,107,42,5,3,5,3,0,8,0,2,4,9,7,4,8,6,14,9,20,0.11904761904761904,0.21428571428571427
barenco_tof_3,38_5,6,4358,40,2,2,2,2,0,4,0,3,3,8,8,6,7,7,14,8,14,0.05,0.2
barenco_tof_3,38_5,7,45,40,2,2,2,2,0,4,0,2,3,6,6,4,5,5,10,6,12,0.05,0.15
barenco_tof_3,38_5,8,39,40,2,2,2,2,0,4,0,2,3,6,6,4,5,5,10,6,13,0.05,0.15
barenco_tof_3,38_5,9,22,40,2,4,2,4,0,6,0,2,3,5,7,3,4,6,10,5,12,0.05,0.125
barenco_tof_3,38_5,10,4397,42,2,2,2,2,0,4,0,3,4,8,8,6,7,7,14,8,16,0.047619047619047616,0.19047619047619047
barenco_tof_3,38_5,11,927,42,5,3,5,3,0,8,0,3,4,10,8,5,9,7,16,10,20,0.11904761904761904,0.23809523809523808
barenco_tof_3,38_5,12,3317,40,5,5,5,5,0,10,0,3,3,9,9,4,9,9,18,9,11,0.125,0.225
barenco_tof_3,38_5,13,874,40,3,5,3,5,0,8,0,3,4,8,10,5,7,9,16,8,17,0.075,0.2
barenco_tof_3,38_5,14,927,42,5,3,5,3,0,8,0,3,4,10,8,5,9,7,16,10,19,0.11904761904761904,0.23809523809523808
barenco_tof_3,38_5,15,42,40,2,4,2,4,0,6,0,2,3,6,8,4,5,9,14,6,14,0.05,0.15
barenco_tof_3,38_5,16,110,42,3,3,3,3,0,6,0,2,3,6,6,3,7,7,14,6,12,0.07142857142857142,0.14285714285714285
barenco_tof_3,38_5,17,111,42,3,3,3,3,0,6,0,2,3,6,6,3,7,7,14,6,12,0.07142857142857142,0.14285714285714285
barenco_tof_3,38_5,18,43,42,4,2,4,2,0,6,0,2,3,8,6,4,9,5,14,8,16,0.09523809523809523,0.19047619047619047
barenco_tof_3,38_5,19,22,40,2,4,2,4,0,6,0,2,3,6,8,4,5,7,12,6,14,0.05,0.15
barenco_tof_3,38_5,20,25,42,4,2,4,2,0,6,0,2,3,8,6,4,7,5,12,8,16,0.09523809523809523,0.19047619047619047
barenco_tof_3,38_5,21,1482,40,3,4,3,4,0,7,0,3,3,8,9,5,8,10,18,8,15,0.075,0.2
barenco_tof_3,38_5,22,822,41,2,3,2,3,0,5,0,3,3,8,9,6,7,9,16,8,16,0.04878048780487805,0.1951219512195122
barenco_tof_3,38_5,23,823,42,3,2,3,2,0,5,0,3,3,9,8,6,9,7,16,9,17,0.07142857142857142,0.21428571428571427
barenco_tof_3,38_5,24,938,41,3,4,3,4,0,7,0,3,3,8,9,5,8,10,18,8,16,0.07317073170731707,0.1951219512195122
barenco_tof_3,38_5,25,4394,42,2,2,2,2,0,4,0,3,3,8,8,6,7,7,14,8,16,0.047619047619047616,0.19047619047619047
barenco_tof_3,38_5,26,4694,42,2,0,2,0,0,2,0,2,3,6,4,4,6,2,8,6,10,0.047619047619047616,0.14285714285714285
barenco_tof_3,38_5,27,944,40,3,4,3,4,0,7,0,3,3,9,10,6,8,10,18,9,16,0.075,0.225
barenco_tof_3,38_5,28,3561,41,3,4,3,4,0,7,0,3,3,8,9,5,8,10,18,8,16,0.07317073170731707,0.1951219512195122
barenco_tof_3,38_5,29,4682,42,2,0,2,0,0,2,0,2,3,6,4,4,6,2,8,6,11,0.047619047619047616,0.14285714285714285
barenco_tof_3,38_5,30,874,40,3,5,3,5,0,8,0,3,4,8,10,5,7,9,16,8,17,0.075,0.2
barenco_tof_3,38_5,31,927,42,5,3,5,3,0,8,0,3,4,10,8,5,9,7,16,10,19,0.11904761904761904,0.23809523809523808
barenco_tof_3,38_5,32,1482,40,3,4,3,4,0,7,0,3,3,8,9,5,8,10,18,8,15,0.075,0.2
barenco_tof_3,38_5,33,3568,41,4,3,4,3,0,7,0,3,3,9,8,5,10,8,18,9,16,0.0975609756097561,0.21951219512195122
barenco_tof_3,38_5,34,4359,40,2,3,2,3,0,5,0,3,3,8,9,6,7,9,16,8,15,0.05,0.2
barenco_tof_3,38_5,35,4413,41,3,2,3,2,0,5,0,3,3,9,8,6,9,7,16,9,16,0.07317073170731707,0.21951219512195122
barenco_tof_3,38_5,36,1482,40,3,4,3,4,0,7,0,3,3,8,9,5,8,10,18,8,15,0.075,0.2
barenco_tof_3,38_5,37,1558,41,4,4,4,4,0,8,0,3,3,9,9,5,10,10,20,9,15,0.0975609756097561,0.21951219512195122
barenco_tof_3,38_5,38,40,41,2,4,2,4,0,6,0,2,3,6,8,4,5,9,14,6,13,0.04878048780487805,0.14634146341463414
barenco_tof_3,38_5,39,41,43,4,2,4,2,0,6,0,2,3,8,6,4,9,5,14,8,15,0.09302325581395349,0.18604651162790697
barenco_tof_3,38_5,40,3432,41,3,2,3,2,0,5,0,3,3,9,8,6,9,7,16,9,18,0.07317073170731707,0.21951219512195122
barenco_tof_3,38_5,41,39,40,2,2,2,2,0,4,0,2,3,6,6,4,5,5,10,6,10,0.05,0.15
barenco_tof_3,38_5,42,44,40,2,2,2,2,0,4,0,2,3,5,5,3,4,4,8,5,8,0.05,0.125
barenco_tof_3,38_5,43,39,40,2,2,2,2,0,4,0,2,3,5,5,3,4,4,8,5,8,0.05,0.125
barenco_tof_3,38_5,44,24,40,2,4,2,4,0,6,0,2,3,5,7,3,4,6,10,5,8,0.05,0.125
barenco_tof_3,38_5,45,25,42,4,2,4,2,0,6,0,2,3,7,5,3,6,4,10,7,10,0.09523809523809523,0.16666666666666666
barenco_tof_3,38_5,46,44,40,2,2,2,2,0,4,0,2,3,6,6,4,5,5,10,6,10,0.05,0.15
barenco_tof_3,38_5,47,2909,40,4,5,4,5,0,9,0,3,3,10,11,6,10,12,22,10,18,0.1,0.25
barenco_tof_3,38_5,48,120,41,3,3,3,3,0,6,0,2,2,6,6,3,7,7,14,6,9,0.07317073170731707,0.14634146341463414
barenco_tof_3,38_5,49,4676,41,2,0,2,0,0,2,0,2,3,6,4,4,6,2,8,6,13,0.04878048780487805,0.14634146341463414
barenco_tof_3,38_5,50,24,39,2,4,2,4,0,6,0,2,3,5,7,3,4,6,10,5,8,0.05128205128205128,0.1282051282051282
barenco_tof_3,38_5,51,69,41,3,3,3,3,0,6,0,2,3,6,6,3,5,5,10,6,10,0.07317073170731707,0.14634146341463414
barenco_tof_3,38_5,52,4652,41,2,0,2,0,0,2,0,1,2,4,2,2,3,1,4,4,7,0.04878048780487805,0.0975609756097561
barenco_tof_3,38_5,53,1492,39,4,5,4,5,0,9,0,3,3,9,10,5,9,11,20,9,13,0.10256410256410256,0.23076923076923078
barenco_tof_3,38_5,54,4385,40,2,2,2,2,0,4,0,3,3,6,6,4,6,6,12,6,13,0.05,0.15
barenco_tof_3,38_5,55,3840,40,4,4,4,4,0,8,0,3,3,8,8,4,9,9,18,8,15,0.1,0.2
barenco_tof_3,38_5,56,120,40,3,3,3,3,0,6,0,2,2,6,6,3,7,7,14,6,8,0.075,0.15
barenco_tof_3,38_5,57,41,40,4,2,4,2,0,6,0,2,3,8,6,4,9,5,14,8,12,0.1,0.2
barenco_tof_3,39_0,0,1497,40,4,4,4,4,0,8,0,3,3,9,9,5,10,10,20,9,18,0.1,0.225
barenco_tof_3,39_0,1,121,40,3,3,3,3,0,6,0,2,3,7,7,4,7,7,14,7,15,0.075,0.175
barenco_tof_3,39_0,2,1565,40,4,4,4,4,0,8,0,3,3,8,8,4,9,9,18,8,14,0.1,0.2
barenco_tof_3,39_0,3,1595,40,5,4,5,4,0,9,0,3,3,11,10,6,12,10,22,11,19,0.125,0.275
barenco_tof_3,39_1,0,814,40,2,3,2,3,0,5,0,3,3,8,9,6,7,9,16,8,18,0.05,0.2
barenco_tof_3,39_1,1,4358,41,2,2,2,2,0,4,0,3,3,8,8,6,7,7,14,8,13,0.04878048780487805,0.1951219512195122
barenco_tof_3,39_1,2,1574,41,4,5,4,5,0,9,0,3,3,10,11,6,10,12,22,10,14,0.0975609756097561,0.24390243902439024
barenco_tof_3,39_1,3,41,42,4,2,4,2,0,6,0,2,3,8,6,4,9,5,14,8,15,0.09523809523809523,0.19047619047619047
barenco_tof_3,39_1,4,39,40,2,2,2,2,0,4,0,2,3,6,6,4,5,5,10,6,11,0.05,0.15
barenco_tof_3,39_1,5,38,40,2,2,2,2,0,4,0,2,3,6,6,4,5,5,10,6,11,0.05,0.15
barenco_tof_3,39_1,6,45,40,2,2,2,2,0,4,0,2,3,6,6,4,5,5,10,6,11,0.05,0.15
barenco_tof_3,39_1,7,4431,40,3,4,3,4,0,7,0,3,3,9,10,6,8,10,18,9,18,0.075,0.225
barenco_tof_3,39_1,8,939,41,4,3,4,3,0,7,0,3,3,10,9,6,10,8,18,10,19,0.0975609756097561,0.24390243902439024
barenco_tof_3,39_1,9,44,40,2,2,2,2,0,4,0,2,3,6,6,4,5,5,10,6,11,0.05,0.15
barenco_tof_3,39_1,10,45,40,2,2,2,2,0,4,0,2,3,6,6,4,5,5,10,6,11,0.05,0.15
barenco_tof_3,39_1,11,822,40,2,3,2,3,0,5,0,3,3,8,9,6,7,9,16,8,16,0.05,0.2
barenco_tof_3,39_1,12,4385,41,2,2,2,2,0,4,0,3,3,8,8,6,7,7,14,8,13,0.04878048780487805,0.1951219512195122
barenco_tof_3,39_1,13,4406,41,2,2,2,2,0,4,0,3,3,8,8,6,7,7,14,8,17,0.04878048780487805,0.1951219512195122
barenco_tof_3,39_1,14,38,41,2,2,2,2,0,4,0,2,3,6,6,4,5,5,10,6,14,0.04878048780487805,0.14634146341463414
barenco_tof_3,39_1,15,45,41,2,2,2,2,0,4,0,2,3,6,6,4,5,5,10,6,14,0.04878048780487805,0.14634146341463414
barenco_tof_3,39_1,16,45,41,2,2,2,2,0,4,0,2,3,6,6,4,5,5,10,6,13,0.04878048780487805,0.14634146341463414
barenco_tof_3,39_1,17,4394,41,2,2,2,2,0,4,0,3,3,7,7,5,7,7,14,7,16,0.04878048780487805,0.17073170731707318
barenco_tof_3,39_1,18,4676,41,2,0,2,0,0,2,0,2,3,6,4,4,6,2,8,6,14,0.04878048780487805,0.14634146341463414
barenco_tof_3,39_2,0,121,41,3,3,3,3,0,6,0,2,3,7,7,4,7,7,14,7,13,0.07317073170731707,0.17073170731707318
barenco_tof_3,39_2,1,1595,41,5,4,5,4,0,9,0,3,3,11,10,6,12,10,22,11,20,0.12195121951219512,0.2682926829268293
barenco_tof_3,39_2,2,4361,40,2,2,2,2,0,4,0,3,3,8,8,6,7,7,14,8,13,0.05,0.2
barenco_tof_3,39_2,3,957,40,4,3,4,3,0,7,0,3,3,9,8,5,10,8,18,9,17,0.1,0.225
barenco_tof_3,39_3,0,4394,41,2,2,2,2,0,4,0,3,3,7,7,5,7,7,14,7,16,0.04878048780487805,0.17073170731707318
barenco_tof_3,39_3,1,4361,41,2,2,2,2,0,4,0,3,3,7,7,5,7,7,14,7,16,0.04878048780487805,0.17073170731707318
barenco_tof_3,39_3,2,823,41,3,2,3,2,0,5,0,3,3,9,8,6,9,7,16,9,19,0.07317073170731707,0.21951219512195122
barenco_tof_3,39_3,3,4358,40,2,2,2,2,0,4,0,3,3,8,8,6,7,7,14,8,13,0.05,0.2
barenco_tof_3,39_3,4,39,40,2,2,2,2,0,4,0,2,3,6,6,4,5,5,10,6,11,0.05,0.15
barenco_tof_3,39_3,5,44,40,2,2,2,2,0,4,0,2,3,6,6,4,5,5,10,6,11,0.05,0.15
barenco_tof_3,39_3,6,101,40,3,5,3,5,0,8,0,2,3,6,8,3,5,7,12,6,13,0.075,0.15
barenco_tof_3,39_3,7,102,42,5,3,5,3,0,8,0,2,3,8,6,3,7,5,12,8,15,0.11904761904761904,0.19047619047619047
barenco_tof_3,39_3,8,3432,40,3,2,3,2,0,5,0,3,3,9,8,6,9,7,16,9,17,0.075,0.225
barenco_tof_3,39_4,0,39,40,2,2,2,2,0,4,0,2,3,6,6,4,5,5,10,6,11,0.05,0.15
barenco_tof_3,39_4,1,44,40,2,2,2,2,0,4,0,2,3,6,6,4,5,5,10,6,11,0.05,0.15
barenco_tof_3,39_4,2,40,40,2,4,2,4,0,6,0,2,2,6,8,4,5,9,14,6,12,0.05,0.15
barenco_tof_3,39_4,3,41,42,4,2,4,2,0,6,0,2,2,8,6,4,9,5,14,8,14,0.09523809523809523,0.19047619047619047
barenco_tof_3,39_4,4,42,40,2,4,2,4,0,6,0,2,2,6,8,4,5,9,14,6,12,0.05,0.15
barenco_tof_3,39_4,5,43,42,4,2,4,2,0,6,0,2,2,8,6,4,9,5,14,8,14,0.09523809523809523,0.19047619047619047
barenco_tof_3,39_4,6,1496,40,4,4,4,4,0,8,0,3,3,10,10,6,10,10,20,10,17,0.1,0.25
barenco_tof_3,39_4,7,938,40,3,4,3,4,0,7,0,3,3,8,9,5,8,10,18,8,15,0.075,0.2
barenco_tof_3,39_4,8,3564,41,4,3,4,3,0,7,0,3,3,9,8,5,10,8,18,9,16,0.0975609756097561,0.21951219512195122
barenco_tof_3,39_4,9,36,40,2,4,2,4,0,6,0,2,3,6,8,4,5,9,14,6,12,0.05,0.15
barenco_tof_3,39_4,10,121,42,3,3,3,3,0,6,0,2,3,6,6,3,7,7,14,6,11,0.07142857142857142,0.14285714285714285
barenco_tof_3,39_4,11,121,42,3,3,3,3,0,6,0,2,3,6,6,3,7,7,14,6,11,0.07142857142857142,0.14285714285714285
barenco_tof_3,39_4,12,811,42,3,2,3,2,0,5,0,3,3,8,7,5,9,7,16,8,18,0.07142857142857142,0.19047619047619047
barenco_tof_3,39_4,13,120,41,3,3,3,3,0,6,0,2,3,7,7,4,7,7,14,7,13,0.07317073170731707,0.17073170731707318
barenco_tof_3,39_4,14,121,41,3,3,3,3,0,6,0,2,3,7,7,4,7,7,14,7,13,0.07317073170731707,0.17073170731707318
barenco_tof_3,39_4,15,3836,41,5,4,5,4,0,9,0,3,3,11,10,6,12,10,22,11,19,0.12195121951219512,0.2682926829268293
barenco_tof_3,39_4,16,816,40,2,3,2,3,0,5,0,3,3,8,9,6,7,9,16,8,15,0.05,0.2
barenco_tof_3,39_4,17,4397,41,2,2,2,2,0,4,0,3,3,7,7,5,7,7,14,7,16,0.04878048780487805,0.17073170731707318
barenco_tof_3,39_4,18,44,41,2,2,2,2,0,4,0,2,3,6,6,4,5,5,10,6,11,0.04878048780487805,0.14634146341463414
barenco_tof_3,39_4,19,40,41,2,4,2,4,0,6,0,2,3,6,8,4,5,9,14,6,12,0.04878048780487805,0.14634146341463414
barenco_tof_3,39_4,20,43,43,4,2,4,2,0,6,0,2,3,8,6,4,9,5,14,8,14,0.09302325581395349,0.18604651162790697
barenco_tof_3,39_4,21,3434,41,2,3,2,3,0,5,0,3,3,8,9,6,7,9,16,8,17,0.04878048780487805,0.1951219512195122
barenco_tof_3,39_4,22,4397,42,2,2,2,2,0,4,0,3,3,7,7,5,7,7,14,7,14,0.047619047619047616,0.16666666666666666
barenco_tof_3,39_4,23,811,42,3,2,3,2,0,5,0,3,3,8,7,5,9,7,16,8,12,0.07142857142857142,0.19047619047619047
barenco_tof_3,39_4,24,40,41,2,4,2,4,0,6,0,2,3,6,8,4,5,9,14,6,12,0.04878048780487805,0.14634146341463414
barenco_tof_3,39_4,25,41,43,4,2,4,2,0,6,0,2,3,8,6,4,9,5,14,8,14,0.09302325581395349,0.18604651162790697
barenco_tof_3,39_4,26,3438,41,3,2,3,2,0,5,0,3,3,9,8,6,9,7,16,9,15,0.07317073170731707,0.21951219512195122
barenco_tof_3,39_4,27,22,40,2,4,2,4,0,6,0,2,3,4,6,2,3,5,8,4,7,0.05,0.1
barenco_tof_3,39_4,28,25,42,4,2,4,2,0,6,0,2,3,6,4,2,5,3,8,6,9,0.09523809523809523,0.14285714285714285
barenco_tof_3,39_4,29,2909,40,4,5,4,5,0,9,0,3,3,10,11,6,10,12,22,10,18,0.1,0.25
barenco_tof_3,39_4,30,120,41,3,3,3,3,0,6,0,2,2,6,6,3,7,7,14,6,9,0.07317073170731707,0.14634146341463414
barenco_tof_3,39_4,31,121,41,3,3,3,3,0,6,0,2,2,6,6,3,7,7,14,6,9,0.07317073170731707,0.14634146341463414
barenco_tof_3,39_4,32,121,41,3,3,3,3,0,6,0,2,2,6,6,3,7,7,14,6,9,0.07317073170731707,0.14634146341463414
barenco_tof_3,39_4,33,4694,41,2,0,2,0,0,2,0,2,3,6,4,4,6,2,8,6,13,0.04878048780487805,0.14634146341463414
barenco_tof_3,39_5,0,4358,40,2,2,2,2,0,4,0,3,3,8,8,6,7,7,14,8,14,0.05,0.2
barenco_tof_3,39_5,1,106,40,3,5,3,5,0,8,0,2,3,6,8,3,5,7,12,6,13,0.075,0.15
barenco_tof_3,39_5,2,107,42,5,3,5,3,0,8,0,2,3,8,6,3,7,5,12,8,15,0.11904761904761904,0.19047619047619047
barenco_tof_3,39_5,3,106,40,3,5,3,5,0,8,0,2,3,6,8,3,5,7,12,6,13,0.075,0.15
barenco_tof_3,39_5,4,107,42,5,3,5,3,0,8,0,2,3,8,6,3,7,5,12,8,15,0.11904761904761904,0.19047619047619047
barenco_tof_3,39_5,5,816,40,2,3,2,3,0,5,0,3,3,8,9,6,7,9,16,8,17,0.05,0.2
barenco_tof_3,39_5,6,121,41,3,3,3,3,0,6,0,2,3,7,7,4,7,7,14,7,13,0.07317073170731707,0.17073170731707318
barenco_tof_3,39_5,7,1496,41,4,4,4,4,0,8,0,3,3,9,9,5,10,10,20,9,16,0.0975609756097561,0.21951219512195122
barenco_tof_3,39_5,8,121,41,3,3,3,3,0,6,0,2,3,7,7,4,7,7,14,7,13,0.07317073170731707,0.17073170731707318
barenco_tof_3,39_5,9,120,41,3,3,3,3,0,6,0,2,3,7,7,4,7,7,14,7,13,0.07317073170731707,0.17073170731707318
barenco_tof_3,39_5,10,1592,41,4,4,4,4,0,8,0,3,3,9,9,5,10,10,20,9,16,0.0975609756097561,0.21951219512195122
barenco_tof_3,39_5,11,1496,41,4,4,4,4,0,8,0,3,3,9,9,5,10,10,20,9,16,0.0975609756097561,0.21951219512195122
barenco_tof_3,39_5,12,39,41,2,2,2,2,0,4,0,2,3,6,6,4,5,5,10,6,11,0.04878048780487805,0.14634146341463414
barenco_tof_3,39_5,13,38,41,2,2,2,2,0,4,0,2,3,6,6,4,5,5,10,6,11,0.04878048780487805,0.14634146341463414
barenco_tof_3,39_5,14,106,41,3,5,3,5,0,8,0,2,3,6,8,3,5,7,12,6,13,0.07317073170731707,0.14634146341463414
barenco_tof_3,39_5,15,107,43,5,3,5,3,0,8,0,2,3,8,6,3,7,5,12,8,15,0.11627906976744186,0.18604651162790697
barenco_tof_3,39_5,16,3840,41,4,4,4,4,0,8,0,3,3,9,9,5,10,10,20,9,16,0.0975609756097561,0.21951219512195122
barenco_tof_3,39_5,17,3432,41,3,2,3,2,0,5,0,3,3,9,8,6,9,7,16,9,16,0.07317073170731707,0.21951219512195122
barenco_tof_3,39_5,18,1540,40,4,5,4,5,0,9,0,3,3,10,11,6,10,12,22,10,18,0.1,0.25
barenco_tof_3,39_5,19,120,41,3,3,3,3,0,6,0,2,2,6,6,3,7,7,14,6,9,0.07317073170731707,0.14634146341463414
barenco_tof_3,39_5,20,4373,41,2,2,2,2,0,4,0,3,3,7,7,5,7,7,14,7,15,0.04878048780487805,0.17073170731707318
barenco_tof_3,39_5,21,121,41,3,3,3,3,0,6,0,2,3,7,7,4,7,7,14,7,11,0.07317073170731707,0.17073170731707318
barenco_tof_3,39_5,22,1477,41,5,4,5,4,0,9,0,3,3,11,10,6,12,10,22,11,19,0.12195121951219512,0.2682926829268293
barenco_tof_3,39_5,23,42,40,2,4,2,4,0,6,0,2,3,6,8,4,5,9,14,6,11,0.05,0.15
barenco_tof_3,39_5,24,110,42,3,3,3,3,0,6,0,2,3,6,6,3,7,7,14,6,11,0.07142857142857142,0.14285714285714285
barenco_tof_3,39_5,25,111,42,3,3,3,3,0,6,0,2,3,6,6,3,7,7,14,6,11,0.07142857142857142,0.14285714285714285
barenco_tof_3,39_5,26,41,42,4,2,4,2,0,6,0,2,3,8,6,4,9,5,14,8,13,0.09523809523809523,0.19047619047619047
barenco_tof_3,39_5,27,1482,40,3,4,3,4,0,7,0,3,3,8,9,5,8,10,18,8,15,0.075,0.2
barenco_tof_3,39_5,28,959,41,4,3,4,3,0,7,0,3,3,9,8,5,10,8,18,9,16,0.0975609756097561,0.21951219512195122
barenco_tof_3,39_5,29,2909,40,4,5,4,5,0,9,0,3,3,10,11,6,10,12,22,10,18,0.1,0.25
barenco_tof_3,39_5,30,120,41,3,3,3,3,0,6,0,2,2,6,6,3,7,7,14,6,9,0.07317073170731707,0.14634146341463414
barenco_tof_3,39_5,31,121,41,3,3,3,3,0,6,0,2,2,6,6,3,7,7,14,6,9,0.07317073170731707,0.14634146341463414
barenco_tof_3,39_5,32,120,41,3,3,3,3,0,6,0,2,2,6,6,3,7,7,14,6,9,0.07317073170731707,0.14634146341463414
barenco_tof_3,39_5,33,4676,41,2,0,2,0,0,2,0,2,3,6,4,4,6,2,8,6,13,0.04878048780487805,0.14634146341463414
barenco_tof_3,40_2,0,4382,44,2,2,2,2,0,4,0,3,3,8,8,6,7,7,14,8,19,0.045454545454545456,0.18181818181818182
barenco_tof_3,40_2,1,39,44,2,2,2,2,0,4,0,2,3,5,5,3,5,5,10,5,13,0.045454545454545456,0.11363636363636363
barenco_tof_3,40_2,2,4664,44,2,0,2,0,0,2,0,2,3,6,4,4,6,2,8,6,12,0.045454545454545456,0.13636363636363635
barenco_tof_3,40_2,3,3322,42,2,1,2,0,0,2,0,1,2,4,2,2,3,1,4,4,10,0.047619047619047616,0.09523809523809523
barenco_tof_3,41_2,0,39,47,2,2,2,2,0,4,0,2,3,6,6,4,5,5,10,6,10,0.0425531914893617,0.1276595744680851
barenco_tof_3,41_2,1,44,47,2,2,2,2,0,4,0,2,3,6,6,4,5,5,10,6,10,0.0425531914893617,0.1276595744680851
barenco_tof_3,41_2,2,1533,47,4,4,4,4,0,8,0,3,3,10,10,6,10,10,20,10,18,0.0851063829787234,0.2127659574468085
barenco_tof_3,41_2,3,26,47,2,4,2,4,0,6,0,2,2,6,8,4,5,7,12,6,10,0.0425531914893617,0.1276595744680851
barenco_tof_3,41_2,4,695,49,5,5,5,5,0,10,0,2,3,9,9,4,9,9,18,9,15,0.10204081632653061,0.1836734693877551
barenco_tof_3,41_2,5,695,49,5,5,5,5,0,10,0,2,3,9,9,4,9,9,18,9,15,0.10204081632653061,0.1836734693877551
barenco_tof_3,41_2,6,69,49,3,3,3,3,0,6,0,2,2,7,7,4,6,6,12,7,11,0.061224489795918366,0.14285714285714285
barenco_tof_3,41_2,7,82,49,3,3,3,3,0,6,0,2,2,7,7,4,6,6,12,7,11,0.061224489795918366,0.14285714285714285
barenco_tof_3,41_2,8,695,49,5,5,5,5,0,10,0,2,3,9,9,4,9,9,18,9,15,0.10204081632653061,0.1836734693877551
barenco_tof_3,41_2,9,25,49,4,2,4,2,0,6,0,2,2,8,6,4,7,5,12,8,12,0.08163265306122448,0.16326530612244897
barenco_tof_3,41_2,10,101,47,3,5,3,5,0,8,0,2,3,7,9,4,6,8,14,7,13,0.06382978723404255,0.14893617021276595
barenco_tof_3,41_2,11,107,49,5,3,5,3,0,8,0,2,3,9,7,4,8,6,14,9,15,0.10204081632653061,0.1836734693877551
barenco_tof_3,41_2,12,1564,47,4,4,4,4,0,8,0,3,3,9,9,5,10,10,20,9,18,0.0851063829787234,0.19148936170212766
barenco_tof_3,41_2,13,3284,47,5,5,5,5,0,10,0,3,3,10,10,5,11,11,22,10,20,0.10638297872340426,0.2127659574468085
barenco_tof_3,41_2,14,101,47,3,5,3,5,0,8,0,2,3,7,9,4,6,8,14,7,15,0.06382978723404255,0.14893617021276595
barenco_tof_3,41_2,15,26,49,2,4,2,4,0,6,0,2,2,5,7,3,4,6,10,5,10,0.04081632653061224,0.10204081632653061
barenco_tof_3,41_2,16,27,51,4,2,4,2,0,6,0,2,2,7,5,3,6,4,10,7,12,0.0784313725490196,0.13725490196078433
barenco_tof_3,41_2,17,290,49,4,4,4,4,0,8,0,2,3,8,8,4,7,7,14,8,14,0.08163265306122448,0.16326530612244897
barenco_tof_3,41_2,18,68,49,3,3,3,3,0,6,0,2,2,7,7,4,6,6,12,7,12,0.061224489795918366,0.14285714285714285
barenco_tof_3,41_2,19,69,49,3,3,3,3,0,6,0,2,2,7,7,4,6,6,12,7,12,0.061224489795918366,0.14285714285714285
barenco_tof_3,41_2,20,68,49,3,3,3,3,0,6,0,2,2,7,7,4,6,6,12,7,12,0.061224489795918366,0.14285714285714285
barenco_tof_3,41_2,21,38,49,2,2,2,2,0,4,0,2,3,6,6,4,5,5,10,6,11,0.04081632653061224,0.12244897959183673
barenco_tof_3,41_2,22,107,49,5,3,5,3,0,8,0,2,3,9,7,4,8,6,14,9,17,0.10204081632653061,0.1836734693877551
barenco_tof_3,41_2,23,132,47,3,5,3,5,0,8,0,2,3,6,8,3,5,9,14,6,10,0.06382978723404255,0.1276595744680851
barenco_tof_3,41_2,24,133,49,5,3,5,3,0,8,0,2,3,8,6,3,9,5,14,8,12,0.10204081632653061,0.16326530612244897
barenco_tof_3,41_2,25,3236,47,5,5,5,5,0,10,0,3,3,10,10,5,11,11,22,10,18,0.10638297872340426,0.2127659574468085
barenco_tof_3,41_2,26,38,47,2,2,2,2,0,4,0,2,3,6,6,4,5,5,10,6,11,0.0425531914893617,0.1276595744680851
barenco_tof_3,41_2,27,3322,47,2,1,2,0,0,2,0,1,2,4,2,2,3,1,4,4,7,0.0425531914893617,0.0851063829787234
barenco_tof_3,41_2,28,3307,45,5,5,5,5,0,10,0,3,3,10,10,5,11,11,22,10,14,0.1111111111111111,0.2222222222222222
barenco_tof_3,41_2,29,2946,45,5,5,5,5,0,10,0,3,3,11,11,6,12,12,24,11,19,0.1111111111111111,0.24444444444444444
barenco_tof_3,41_2,30,345,45,4,4,4,4,0,8,0,2,3,8,8,4,8,8,16,8,15,0.08888888888888889,0.17777777777777778
barenco_tof_3,41_2,31,1534,45,4,4,4,4,0,8,0,3,3,10,10,6,10,10,20,10,17,0.08888888888888889,0.2222222222222222
barenco_tof_3,41_2,32,4391,45,3,2,3,2,0,5,0,3,3,8,7,5,9,7,16,8,18,0.06666666666666667,0.17777777777777778
barenco_tof_3,41_2,33,44,44,2,2,2,2,0,4,0,2,3,6,6,4,5,5,10,6,14,0.045454545454545456,0.13636363636363635
barenco_tof_3,41_2,34,38,44,2,2,2,2,0,4,0,2,3,6,6,4,5,5,10,6,12,0.045454545454545456,0.13636363636363635
barenco_tof_3,41_2,35,3322,44,2,1,2,0,0,2,0,1,2,4,2,2,3,1,4,4,8,0.045454545454545456,0.09090909090909091
barenco_tof_3,41_2,36,1436,42,4,4,4,4,0,8,0,3,3,9,9,5,10,10,20,9,15,0.09523809523809523,0.21428571428571427
barenco_tof_3,41_2,37,1553,42,5,4,5,4,0,9,0,3,3,11,10,6,12,10,22,11,15,0.11904761904761904,0.2619047619047619
barenco_tof_3,41_3,0,36,46,2,4,2,4,0,6,0,2,3,5,7,3,4,8,12,5,10,0.043478260869565216,0.10869565217391304
barenco_tof_3,41_3,1,37,48,4,2,4,2,0,6,0,2,3,7,5,3,8,4,12,7,12,0.08333333333333333,0.14583333333333334
barenco_tof_3,41_3,2,810,46,2,3,2,3,0,5,0,3,3,8,9,6,7,9,16,8,15,0.043478260869565216,0.17391304347826086
barenco_tof_3,41_3,3,3430,47,3,2,3,2,0,5,0,3,3,9,8,6,9,7,16,9,16,0.06382978723404255,0.19148936170212766
barenco_tof_3,41_3,4,101,46,3,5,3,5,0,8,0,2,4,7,9,4,6,8,14,7,14,0.06521739130434782,0.15217391304347827
barenco_tof_3,41_3,5,102,48,5,3,5,3,0,8,0,2,4,9,7,4,8,6,14,9,16,0.10416666666666667,0.1875
barenco_tof_3,41_3,6,1482,46,3,4,3,4,0,7,0,3,3,8,9,5,8,10,18,8,16,0.06521739130434782,0.17391304347826086
barenco_tof_3,41_3,7,959,47,4,3,4,3,0,7,0,3,3,9,8,5,10,8,18,9,17,0.0851063829787234,0.19148936170212766
barenco_tof_3,41_3,8,101,46,3,5,3,5,0,8,0,2,4,7,9,4,6,8,14,7,14,0.06521739130434782,0.15217391304347827
barenco_tof_3,41_3,9,102,48,5,3,5,3,0,8,0,2,4,9,7,4,8,6,14,9,16,0.10416666666666667,0.1875
barenco_tof_3,41_3,10,36,46,2,4,2,4,0,6,0,2,3,6,8,4,5,9,14,6,10,0.043478260869565216,0.13043478260869565
barenco_tof_3,41_3,11,44,48,2,2,2,2,0,4,0,2,3,5,5,3,5,5,10,5,11,0.041666666666666664,0.10416666666666667
barenco_tof_3,41_3,12,4394,48,2,2,2,2,0,4,0,3,3,8,8,6,7,7,14,8,16,0.041666666666666664,0.16666666666666666
barenco_tof_3,41_3,13,4397,48,2,2,2,2,0,4,0,3,3,8,8,6,7,7,14,8,16,0.041666666666666664,0.16666666666666666
barenco_tof_3,41_3,14,22,48,2,4,2,4,0,6,0,2,3,6,8,4,5,7,12,6,11,0.041666666666666664,0.125
barenco_tof_3,41_3,15,83,50,3,3,3,3,0,6,0,2,3,7,7,4,6,6,12,7,12,0.06,0.14
barenco_tof_3,41_3,16,313,50,4,4,4,4,0,8,0,2,4,8,8,4,7,7,14,8,15,0.08,0.16
barenco_tof_3,41_3,17,102,50,5,3,5,3,0,8,0,2,4,9,7,4,8,6,14,9,16,0.1,0.18
barenco_tof_3,41_3,18,45,48,2,2,2,2,0,4,0,2,3,6,6,4,5,5,10,6,10,0.041666666666666664,0.125
barenco_tof_3,41_3,19,38,48,2,2,2,2,0,4,0,2,3,6,6,4,5,5,10,6,10,0.041666666666666664,0.125
barenco_tof_3,41_3,20,951,48,4,3,4,3,0,7,0,3,3,9,8,5,10,8,18,9,15,0.08333333333333333,0.1875
barenco_tof_3,41_3,21,38,47,2,2,2,2,0,4,0,2,3,6,6,4,5,5,10,6,13,0.0425531914893617,0.1276595744680851
barenco_tof_3,41_3,22,24,47,2,4,2,4,0,6,0,2,3,6,8,4,5,7,12,6,12,0.0425531914893617,0.1276595744680851
barenco_tof_3,41_3,23,23,49,4,2,4,2,0,6,0,2,3,8,6,4,7,5,12,8,14,0.08163265306122448,0.16326530612244897
barenco_tof_3,41_3,24,4336,47,5,5,5,5,0,10,0,3,3,10,10,5,11,11,22,10,18,0.10638297872340426,0.2127659574468085
barenco_tof_3,41_3,25,3320,47,2,1,2,0,0,2,0,1,3,4,2,2,3,1,4,4,10,0.0425531914893617,0.0851063829787234
barenco_tof_3,41_3,26,45,45,2,2,2,2,0,4,0,2,3,6,6,4,5,5,10,6,9,0.044444444444444446,0.13333333333333333
barenco_tof_3,41_3,27,38,45,2,2,2,2,0,4,0,2,3,6,6,4,5,5,10,6,9,0.044444444444444446,0.13333333333333333
barenco_tof_3,41_3,28,45,45,2,2,2,2,0,4,0,2,3,6,6,4,5,5,10,6,11,0.044444444444444446,0.13333333333333333
barenco_tof_3,41_3,29,1553,45,5,4,5,4,0,9,0,3,3,11,10,6,12,10,22,11,14,0.1111111111111111,0.24444444444444444
barenco_tof_3,41_3,30,1496,44,4,4,4,4,0,8,0,3,3,10,10,6,10,10,20,10,18,0.09090909090909091,0.22727272727272727
barenco_tof_3,41_3,31,4377,44,3,2,3,2,0,5,0,3,3,9,8,6,9,7,16,9,16,0.06818181818181818,0.20454545454545456
barenco_tof_3,41_3,32,44,43,2,2,2,2,0,4,0,2,3,6,6,4,5,5,10,6,13,0.046511627906976744,0.13953488372093023
barenco_tof_3,41_3,33,3320,43,2,1,2,0,0,2,0,1,3,4,2,2,3,1,4,4,9,0.046511627906976744,0.09302325581395349
barenco_tof_3,42_2,0,39,47,2,2,2,2,0,4,0,2,3,6,6,4,5,5,10,6,10,0.0425531914893617,0.1276595744680851
barenco_tof_3,42_2,1,44,47,2,2,2,2,0,4,0,2,3,6,6,4,5,5,10,6,10,0.0425531914893617,0.1276595744680851
barenco_tof_3,42_2,2,1533,47,4,4,4,4,0,8,0,3,3,10,10,6,10,10,20,10,18,0.0851063829787234,0.2127659574468085
barenco_tof_3,42_2,3,26,47,2,4,2,4,0,6,0,2,2,6,8,4,5,7,12,6,10,0.0425531914893617,0.1276595744680851
barenco_tof_3,42_2,4,695,49,5,5,5,5,0,10,0,2,3,9,9,4,9,9,18,9,15,0.10204081632653061,0.1836734693877551
barenco_tof_3,42_2,5,695,49,5,5,5,5,0,10,0,2,3,9,9,4,9,9,18,9,15,0.10204081632653061,0.1836734693877551
barenco_tof_3,42_2,6,69,49,3,3,3,3,0,6,0,2,2,7,7,4,6,6,12,7,11,0.061224489795918366,0.14285714285714285
barenco_tof_3,42_2,7,82,49,3,3,3,3,0,6,0,2,2,7,7,4,6,6,12,7,11,0.061224489795918366,0.14285714285714285
barenco_tof_3,42_2,8,695,49,5,5,5,5,0,10,0,2,3,9,9,4,9,9,18,9,15,0.10204081632653061,0.1836734693877551
barenco_tof_3,42_2,9,25,49,4,2,4,2,0,6,0,2,2,8,6,4,7,5,12,8,12,0.08163265306122448,0.16326530612244897
barenco_tof_3,42_2,10,101,47,3,5,3,5,0,8,0,2,3,7,9,4,6,8,14,7,13,0.06382978723404255,0.14893617021276595
barenco_tof_3,42_2,11,107,49,5,3,5,3,0,8,0,2,3,9,7,4,8,6,14,9,15,0.10204081632653061,0.1836734693877551
barenco_tof_3,42_2,12,1564,47,4,4,4,4,0,8,0,3,3,9,9,5,10,10,20,9,18,0.0851063829787234,0.19148936170212766
barenco_tof_3,42_2,13,3284,47,5,5,5,5,0,10,0,3,3,10,10,5,11,11,22,10,20,0.10638297872340426,0.2127659574468085
barenco_tof_3,42_2,14,101,47,3,5,3,5,0,8,0,2,3,7,9,4,6,8,14,7,15,0.06382978723404255,0.14893617021276595
barenco_tof_3,42_2,15,26,49,2,4,2,4,0,6,0,2,2,5,7,3,4,6,10,5,10,0.04081632653061224,0.10204081632653061
barenco_tof_3,42_2,16,27,51,4,2,4,2,0,6,0,2,2,7,5,3,6,4,10,7,12,0.0784313725490196,0.13725490196078433
barenco_tof_3,42_2,17,290,49,4,4,4,4,0,8,0,2,3,8,8,4,7,7,14,8,14,0.08163265306122448,0.16326530612244897
barenco_tof_3,42_2,18,68,49,3,3,3,3,0,6,0,2,2,7,7,4,6,6,12,7,12,0.061224489795918366,0.14285714285714285
barenco_tof_3,42_2,19,69,49,3,3,3,3,0,6,0,2,2,7,7,4,6,6,12,7,12,0.061224489795918366,0.14285714285714285
barenco_tof_3,42_2,20,68,49,3,3,3,3,0,6,0,2,2,7,7,4,6,6,12,7,12,0.061224489795918366,0.14285714285714285
barenco_tof_3,42_2,21,38,49,2,2,2,2,0,4,0,2,3,6,6,4,5,5,10,6,11,0.04081632653061224,0.12244897959183673
barenco_tof_3,42_2,22,107,49,5,3,5,3,0,8,0,2,3,9,7,4,8,6,14,9,17,0.10204081632653061,0.1836734693877551
barenco_tof_3,42_2,23,132,47,3,5,3,5,0,8,0,2,3,6,8,3,5,9,14,6,10,0.06382978723404255,0.1276595744680851
barenco_tof_3,42_2,24,133,49,5,3,5,3,0,8,0,2,3,8,6,3,9,5,14,8,12,0.10204081632653061,0.16326530612244897
barenco_tof_3,42_2,25,3236,47,5,5,5,5,0,10,0,3,3,10,10,5,11,11,22,10,18,0.10638297872340426,0.2127659574468085
barenco_tof_3,42_2,26,38,47,2,2,2,2,0,4,0,2,3,6,6,4,5,5,10,6,11,0.0425531914893617,0.1276595744680851
barenco_tof_3,42_2,27,3322,47,2,1,2,0,0,2,0,1,2,4,2,2,3,1,4,4,7,0.0425531914893617,0.0851063829787234
barenco_tof_3,42_2,28,3307,45,5,5,5,5,0,10,0,3,3,10,10,5,11,11,22,10,14,0.1111111111111111,0.2222222222222222
barenco_tof_3,42_2,29,2946,45,5,5,5,5,0,10,0,3,3,11,11,6,12,12,24,11,19,0.1111111111111111,0.24444444444444444
barenco_tof_3,42_2,30,345,45,4,4,4,4,0,8,0,2,3,8,8,4,8,8,16,8,15,0.08888888888888889,0.17777777777777778
barenco_tof_3,42_2,31,1534,45,4,4,4,4,0,8,0,3,3,10,10,6,10,10,20,10,17,0.08888888888888889,0.2222222222222222
barenco_tof_3,42_2,32,4391,45,3,2,3,2,0,5,0,3,3,8,7,5,9,7,16,8,18,0.06666666666666667,0.17777777777777778
barenco_tof_3,42_2,33,44,44,2,2,2,2,0,4,0,2,3,6,6,4,5,5,10,6,14,0.045454545454545456,0.13636363636363635
barenco_tof_3,42_2,34,38,44,2,2,2,2,0,4,0,2,3,6,6,4,5,5,10,6,12,0.045454545454545456,0.13636363636363635
barenco_tof_3,42_2,35,3322,44,2,1,2,0,0,2,0,1,2,4,2,2,3,1,4,4,8,0.045454545454545456,0.09090909090909091
barenco_tof_3,43_3,0,36,46,2,4,2,4,0,6,0,2,3,5,7,3,4,8,12,5,10,0.043478260869565216,0.10869565217391304
barenco_tof_3,43_3,1,37,48,4,2,4,2,0,6,0,2,3,7,5,3,8,4,12,7,12,0.08333333333333333,0.14583333333333334
barenco_tof_3,43_3,2,810,46,2,3,2,3,0,5,0,3,3,8,9,6,7,9,16,8,15,0.043478260869565216,0.17391304347826086
barenco_tof_3,43_3,3,3430,47,3,2,3,2,0,5,0,3,3,9,8,6,9,7,16,9,16,0.06382978723404255,0.19148936170212766
barenco_tof_3,43_3,4,101,46,3,5,3,5,0,8,0,2,4,7,9,4,6,8,14,7,14,0.06521739130434782,0.15217391304347827
barenco_tof_3,43_3,5,102,48,5,3,5,3,0,8,0,2,4,9,7,4,8,6,14,9,16,0.10416666666666667,0.1875
barenco_tof_3,43_3,6,1482,46,3,4,3,4,0,7,0,3,3,8,9,5,8,10,18,8,16,0.06521739130434782,0.17391304347826086
barenco_tof_3,43_3,7,959,47,4,3,4,3,0,7,0,3,3,9,8,5,10,8,18,9,17,0.0851063829787234,0.19148936170212766
barenco_tof_3,43_3,8,101,46,3,5,3,5,0,8,0,2,4,7,9,4,6,8,14,7,14,0.06521739130434782,0.15217391304347827
barenco_tof_3,43_3,9,102,48,5,3,5,3,0,8,0,2,4,9,7,4,8,6,14,9,16,0.10416666666666667,0.1875
barenco_tof_3,43_3,10,36,46,2,4,2,4,0,6,0,2,3,6,8,4,5,9,14,6,10,0.043478260869565216,0.13043478260869565
barenco_tof_3,43_3,11,44,48,2,2,2,2,0,4,0,2,3,5,5,3,5,5,10,5,11,0.041666666666666664,0.10416666666666667
barenco_tof_3,43_3,12,4394,48,2,2,2,2,0,4,0,3,3,8,8,6,7,7,14,8,16,0.041666666666666664,0.16666666666666666
barenco_tof_3,43_3,13,4397,48,2,2,2,2,0,4,0,3,3,8,8,6,7,7,14,8,16,0.041666666666666664,0.16666666666666666
barenco_tof_3,43_3,14,22,48,2,4,2,4,0,6,0,2,3,6,8,4,5,7,12,6,11,0.041666666666666664,0.125
barenco_tof_3,43_3,15,83,50,3,3,3,3,0,6,0,2,3,7,7,4,6,6,12,7,12,0.06,0.14
barenco_tof_3,43_3,16,313,50,4,4,4,4,0,8,0,2,4,8,8,4,7,7,14,8,15,0.08,0.16
barenco_tof_3,43_3,17,102,50,5,3,5,3,0,8,0,2,4,9,7,4,8,6,14,9,16,0.1,0.18
barenco_tof_3,43_3,18,45,48,2,2,2,2,0,4,0,2,3,6,6,4,5,5,10,6,10,0.041666666666666664,0.125
barenco_tof_3,43_3,19,38,48,2,2,2,2,0,4,0,2,3,6,6,4,5,5,10,6,10,0.041666666666666664,0.125
barenco_tof_3,43_3,20,951,48,4,3,4,3,0,7,0,3,3,9,8,5,10,8,18,9,15,0.08333333333333333,0.1875
barenco_tof_3,43_3,21,38,47,2,2,2,2,0,4,0,2,3,6,6,4,5,5,10,6,13,0.0425531914893617,0.1276595744680851
barenco_tof_3,43_3,22,24,47,2,4,2,4,0,6,0,2,3,6,8,4,5,7,12,6,12,0.0425531914893617,0.1276595744680851
barenco_tof_3,43_3,23,23,49,4,2,4,2,0,6,0,2,3,8,6,4,7,5,12,8,14,0.08163265306122448,0.16326530612244897
barenco_tof_3,43_3,24,4336,47,5,5,5,5,0,10,0,3,3,10,10,5,11,11,22,10,18,0.10638297872340426,0.2127659574468085
barenco_tof_3,43_3,25,3320,47,2,1,2,0,0,2,0,1,3,4,2,2,3,1,4,4,10,0.0425531914893617,0.0851063829787234
barenco_tof_3,43_3,26,45,45,2,2,2,2,0,4,0,2,3,6,6,4,5,5,10,6,9,0.044444444444444446,0.13333333333333333
barenco_tof_3,43_3,27,38,45,2,2,2,2,0,4,0,2,3,6,6,4,5,5,10,6,9,0.044444444444444446,0.13333333333333333
barenco_tof_3,43_3,28,45,45,2,2,2,2,0,4,0,2,3,6,6,4,5,5,10,6,11,0.044444444444444446,0.13333333333333333
barenco_tof_3,43_3,29,1553,45,5,4,5,4,0,9,0,3,3,11,10,6,12,10,22,11,14,0.1111111111111111,0.24444444444444444
barenco_tof_3,43_3,30,1496,44,4,4,4,4,0,8,0,3,3,10,10,6,10,10,20,10,18,0.09090909090909091,0.22727272727272727
barenco_tof_3,43_3,31,4377,44,3,2,3,2,0,5,0,3,3,9,8,6,9,7,16,9,16,0.06818181818181818,0.20454545454545456
barenco_tof_3,44_2,0,39,47,2,2,2,2,0,4,0,2,3,6,6,4,5,5,10,6,10,0.0425531914893617,0.1276595744680851
barenco_tof_3,44_2,1,44,47,2,2,2,2,0,4,0,2,3,6,6,4,5,5,10,6,10,0.0425531914893617,0.1276595744680851
barenco_tof_3,44_2,2,1533,47,4,4,4,4,0,8,0,3,3,10,10,6,10,10,20,10,18,0.0851063829787234,0.2127659574468085
barenco_tof_3,44_2,3,26,47,2,4,2,4,0,6,0,2,2,6,8,4,5,7,12,6,10,0.0425531914893617,0.1276595744680851
barenco_tof_3,44_2,4,695,49,5,5,5,5,0,10,0,2,3,9,9,4,9,9,18,9,15,0.10204081632653061,0.1836734693877551
barenco_tof_3,44_2,5,695,49,5,5,5,5,0,10,0,2,3,9,9,4,9,9,18,9,15,0.10204081632653061,0.1836734693877551
barenco_tof_3,44_2,6,69,49,3,3,3,3,0,6,0,2,2,7,7,4,6,6,12,7,11,0.061224489795918366,0.14285714285714285
barenco_tof_3,44_2,7,82,49,3,3,3,3,0,6,0,2,2,7,7,4,6,6,12,7,11,0.061224489795918366,0.14285714285714285
barenco_tof_3,44_2,8,695,49,5,5,5,5,0,10,0,2,3,9,9,4,9,9,18,9,15,0.10204081632653061,0.1836734693877551
barenco_tof_3,44_2,9,25,49,4,2,4,2,0,6,0,2,2,8,6,4,7,5,12,8,12,0.08163265306122448,0.16326530612244897
barenco_tof_3,44_2,10,101,47,3,5,3,5,0,8,0,2,3,7,9,4,6,8,14,7,13,0.06382978723404255,0.14893617021276595
barenco_tof_3,44_2,11,107,49,5,3,5,3,0,8,0,2,3,9,7,4,8,6,14,9,15,0.10204081632653061,0.1836734693877551
barenco_tof_3,44_2,12,1564,47,4,4,4,4,0,8,0,3,3,9,9,5,10,10,20,9,18,0.0851063829787234,0.19148936170212766
barenco_tof_3,44_2,13,3284,47,5,5,5,5,0,10,0,3,3,10,10,5,11,11,22,10,20,0.10638297872340426,0.2127659574468085
barenco_tof_3,44_2,14,101,47,3,5,3,5,0,8,0,2,3,7,9,4,6,8,14,7,15,0.06382978723404255,0.14893617021276595
barenco_tof_3,44_2,15,26,49,2,4,2,4,0,6,0,2,2,5,7,3,4,6,10,5,10,0.04081632653061224,0.10204081632653061
barenco_tof_3,44_2,16,27,51,4,2,4,2,0,6,0,2,2,7,5,3,6,4,10,7,12,0.0784313725490196,0.13725490196078433
barenco_tof_3,44_2,17,290,49,4,4,4,4,0,8,0,2,3,8,8,4,7,7,14,8,14,0.08163265306122448,0.16326530612244897
barenco_tof_3,44_2,18,68,49,3,3,3,3,0,6,0,2,2,7,7,4,6,6,12,7,12,0.061224489795918366,0.14285714285714285
barenco_tof_3,44_2,19,69,49,3,3,3,3,0,6,0,2,2,7,7,4,6,6,12,7,12,0.061224489795918366,0.14285714285714285
barenco_tof_3,44_2,20,68,49,3,3,3,3,0,6,0,2,2,7,7,4,6,6,12,7,12,0.061224489795918366,0.14285714285714285
barenco_tof_3,44_2,21,38,49,2,2,2,2,0,4,0,2,3,6,6,4,5,5,10,6,11,0.04081632653061224,0.12244897959183673
barenco_tof_3,44_2,22,107,49,5,3,5,3,0,8,0,2,3,9,7,4,8,6,14,9,17,0.10204081632653061,0.1836734693877551
barenco_tof_3,44_2,23,132,47,3,5,3,5,0,8,0,2,3,6,8,3,5,9,14,6,10,0.06382978723404255,0.1276595744680851
barenco_tof_3,44_2,24,133,49,5,3,5,3,0,8,0,2,3,8,6,3,9,5,14,8,12,0.10204081632653061,0.16326530612244897
barenco_tof_3,44_2,25,3236,47,5,5,5,5,0,10,0,3,3,10,10,5,11,11,22,10,18,0.10638297872340426,0.2127659574468085
barenco_tof_3,44_2,26,38,47,2,2,2,2,0,4,0,2,3,6,6,4,5,5,10,6,11,0.0425531914893617,0.1276595744680851
barenco_tof_3,44_2,27,3322,47,2,1,2,0,0,2,0,1,2,4,2,2,3,1,4,4,7,0.0425531914893617,0.0851063829787234
barenco_tof_3,44_2,28,3307,45,5,5,5,5,0,10,0,3,3,10,10,5,11,11,22,10,14,0.1111111111111111,0.2222222222222222
barenco_tof_3,44_2,29,2946,45,5,5,5,5,0,10,0,3,3,11,11,6,12,12,24,11,19,0.1111111111111111,0.24444444444444444
barenco_tof_3,44_2,30,345,45,4,4,4,4,0,8,0,2,3,8,8,4,8,8,16,8,15,0.08888888888888889,0.17777777777777778
barenco_tof_3,44_2,31,1534,45,4,4,4,4,0,8,0,3,3,10,10,6,10,10,20,10,17,0.08888888888888889,0.2222222222222222
barenco_tof_3,44_2,32,4391,45,3,2,3,2,0,5,0,3,3,8,7,5,9,7,16,8,18,0.06666666666666667,0.17777777777777778
barenco_tof_3,44_3,0,36,46,2,4,2,4,0,6,0,2,3,5,7,3,4,8,12,5,10,0.043478260869565216,0.10869565217391304
barenco_tof_3,44_3,1,37,48,4,2,4,2,0,6,0,2,3,7,5,3,8,4,12,7,12,0.08333333333333333,0.14583333333333334
barenco_tof_3,44_3,2,810,46,2,3,2,3,0,5,0,3,3,8,9,6,7,9,16,8,15,0.043478260869565216,0.17391304347826086
barenco_tof_3,44_3,3,3430,47,3,2,3,2,0,5,0,3,3,9,8,6,9,7,16,9,16,0.06382978723404255,0.19148936170212766
barenco_tof_3,44_3,4,101,46,3,5,3,5,0,8,0,2,4,7,9,4,6,8,14,7,14,0.06521739130434782,0.15217391304347827
barenco_tof_3,44_3,5,102,48,5,3,5,3,0,8,0,2,4,9,7,4,8,6,14,9,16,0.10416666666666667,0.1875
barenco_tof_3,44_3,6,1482,46,3,4,3,4,0,7,0,3,3,8,9,5,8,10,18,8,16,0.06521739130434782,0.17391304347826086
barenco_tof_3,44_3,7,959,47,4,3,4,3,0,7,0,3,3,9,8,5,10,8,18,9,17,0.0851063829787234,0.19148936170212766
barenco_tof_3,44_3,8,101,46,3,5,3,5,0,8,0,2,4,7,9,4,6,8,14,7,14,0.06521739130434782,0.15217391304347827
barenco_tof_3,44_3,9,102,48,5,3,5,3,0,8,0,2,4,9,7,4,8,6,14,9,16,0.10416666666666667,0.1875
barenco_tof_3,44_3,10,36,46,2,4,2,4,0,6,0,2,3,6,8,4,5,9,14,6,10,0.043478260869565216,0.13043478260869565
barenco_tof_3,44_3,11,44,48,2,2,2,2,0,4,0,2,3,5,5,3,5,5,10,5,11,0.041666666666666664,0.10416666666666667
barenco_tof_3,44_3,12,4394,48,2,2,2,2,0,4,0,3,3,8,8,6,7,7,14,8,16,0.041666666666666664,0.16666666666666666
barenco_tof_3,44_3,13,4397,48,2,2,2,2,0,4,0,3,3,8,8,6,7,7,14,8,16,0.041666666666666664,0.16666666666666666
barenco_tof_3,44_3,14,22,48,2,4,2,4,0,6,0,2,3,6,8,4,5,7,12,6,11,0.041666666666666664,0.125
barenco_tof_3,44_3,15,83,50,3,3,3,3,0,6,0,2,3,7,7,4,6,6,12,7,12,0.06,0.14
barenco_tof_3,44_3,16,313,50,4,4,4,4,0,8,0,2,4,8,8,4,7,7,14,8,15,0.08,0.16
barenco_tof_3,44_3,17,102,50,5,3,5,3,0,8,0,2,4,9,7,4,8,6,14,9,16,0.1,0.18
barenco_tof_3,44_3,18,45,48,2,2,2,2,0,4,0,2,3,6,6,4,5,5,10,6,10,0.041666666666666664,0.125
barenco_tof_3,44_3,19,38,48,2,2,2,2,0,4,0,2,3,6,6,4,5,5,10,6,10,0.041666666666666664,0.125
barenco_tof_3,44_3,20,951,48,4,3,4,3,0,7,0,3,3,9,8,5,10,8,18,9,15,0.08333333333333333,0.1875
barenco_tof_3,44_3,21,38,47,2,2,2,2,0,4,0,2,3,6,6,4,5,5,10,6,13,0.0425531914893617,0.1276595744680851
barenco_tof_3,44_3,22,24,47,2,4,2,4,0,6,0,2,3,6,8,4,5,7,12,6,12,0.0425531914893617,0.1276595744680851
barenco_tof_3,44_3,23,23,49,4,2,4,2,0,6,0,2,3,8,6,4,7,5,12,8,14,0.08163265306122448,0.16326530612244897
barenco_tof_3,44_3,24,4336,47,5,5,5,5,0,10,0,3,3,10,10,5,11,11,22,10,18,0.10638297872340426,0.2127659574468085
barenco_tof_3,44_3,25,3320,47,2,1,2,0,0,2,0,1,3,4,2,2,3,1,4,4,10,0.0425531914893617,0.0851063829787234
barenco_tof_3,44_3,26,45,45,2,2,2,2,0,4,0,2,3,6,6,4,5,5,10,6,9,0.044444444444444446,0.13333333333333333
barenco_tof_3,44_3,27,38,45,2,2,2,2,0,4,0,2,3,6,6,4,5,5,10,6,9,0.044444444444444446,0.13333333333333333
barenco_tof_3,44_3,28,45,45,2,2,2,2,0,4,0,2,3,6,6,4,5,5,10,6,11,0.044444444444444446,0.13333333333333333
barenco_tof_3,44_3,29,1553,45,5,4,5,4,0,9,0,3,3,11,10,6,12,10,22,11,14,0.1111111111111111,0.24444444444444444
barenco_tof_3,45_2,0,39,47,2,2,2,2,0,4,0,2,3,6,6,4,5,5,10,6,10,0.0425531914893617,0.1276595744680851
barenco_tof_3,45_2,1,44,47,2,2,2,2,0,4,0,2,3,6,6,4,5,5,10,6,10,0.0425531914893617,0.1276595744680851
barenco_tof_3,45_2,2,1533,47,4,4,4,4,0,8,0,3,3,10,10,6,10,10,20,10,18,0.0851063829787234,0.2127659574468085
barenco_tof_3,45_2,3,26,47,2,4,2,4,0,6,0,2,2,6,8,4,5,7,12,6,10,0.0425531914893617,0.1276595744680851
barenco_tof_3,45_2,4,695,49,5,5,5,5,0,10,0,2,3,9,9,4,9,9,18,9,15,0.10204081632653061,0.1836734693877551
barenco_tof_3,45_2,5,695,49,5,5,5,5,0,10,0,2,3,9,9,4,9,9,18,9,15,0.10204081632653061,0.1836734693877551
barenco_tof_3,45_2,6,69,49,3,3,3,3,0,6,0,2,2,7,7,4,6,6,12,7,11,0.061224489795918366,0.14285714285714285
barenco_tof_3,45_2,7,82,49,3,3,3,3,0,6,0,2,2,7,7,4,6,6,12,7,11,0.061224489795918366,0.14285714285714285
barenco_tof_3,45_2,8,695,49,5,5,5,5,0,10,0,2,3,9,9,4,9,9,18,9,15,0.10204081632653061,0.1836734693877551
barenco_tof_3,45_2,9,25,49,4,2,4,2,0,6,0,2,2,8,6,4,7,5,12,8,12,0.08163265306122448,0.16326530612244897
barenco_tof_3,45_2,10,101,47,3,5,3,5,0,8,0,2,3,7,9,4,6,8,14,7,13,0.06382978723404255,0.14893617021276595
barenco_tof_3,45_2,11,107,49,5,3,5,3,0,8,0,2,3,9,7,4,8,6,14,9,15,0.10204081632653061,0.1836734693877551
barenco_tof_3,45_2,12,1564,47,4,4,4,4,0,8,0,3,3,9,9,5,10,10,20,9,18,0.0851063829787234,0.19148936170212766
barenco_tof_3,45_2,13,3284,47,5,5,5,5,0,10,0,3,3,10,10,5,11,11,22,10,20,0.10638297872340426,0.2127659574468085
barenco_tof_3,45_2,14,101,47,3,5,3,5,0,8,0,2,3,7,9,4,6,8,14,7,15,0.06382978723404255,0.14893617021276595
barenco_tof_3,45_2,15,26,49,2,4,2,4,0,6,0,2,2,5,7,3,4,6,10,5,10,0.04081632653061224,0.10204081632653061
barenco_tof_3,45_2,16,27,51,4,2,4,2,0,6,0,2,2,7,5,3,6,4,10,7,12,0.0784313725490196,0.13725490196078433
barenco_tof_3,45_2,17,290,49,4,4,4,4,0,8,0,2,3,8,8,4,7,7,14,8,14,0.08163265306122448,0.16326530612244897
barenco_tof_3,45_2,18,68,49,3,3,3,3,0,6,0,2,2,7,7,4,6,6,12,7,12,0.061224489795918366,0.14285714285714285
barenco_tof_3,45_2,19,69,49,3,3,3,3,0,6,0,2,2,7,7,4,6,6,12,7,12,0.061224489795918366,0.14285714285714285
barenco_tof_3,45_2,20,68,49,3,3,3,3,0,6,0,2,2,7,7,4,6,6,12,7,12,0.061224489795918366,0.14285714285714285
barenco_tof_3,45_2,21,38,49,2,2,2,2,0,4,0,2,3,6,6,4,5,5,10,6,11,0.04081632653061224,0.12244897959183673
barenco_tof_3,45_2,22,107,49,5,3,5,3,0,8,0,2,3,9,7,4,8,6,14,9,17,0.10204081632653061,0.1836734693877551
barenco_tof_3,45_2,23,132,47,3,5,3,5,0,8,0,2,3,6,8,3,5,9,14,6,10,0.06382978723404255,0.1276595744680851
barenco_tof_3,45_2,24,133,49,5,3,5,3,0,8,0,2,3,8,6,3,9,5,14,8,12,0.10204081632653061,0.16326530612244897
barenco_tof_3,45_2,25,3236,47,5,5,5,5,0,10,0,3,3,10,10,5,11,11,22,10,18,0.10638297872340426,0.2127659574468085
barenco_tof_3,45_2,26,38,47,2,2,2,2,0,4,0,2,3,6,6,4,5,5,10,6,11,0.0425531914893617,0.1276595744680851
barenco_tof_3,45_2,27,3322,47,2,1,2,0,0,2,0,1,2,4,2,2,3,1,4,4,7,0.0425531914893617,0.0851063829787234
barenco_tof_3,45_3,0,36,46,2,4,2,4,0,6,0,2,3,5,7,3,4,8,12,5,10,0.043478260869565216,0.10869565217391304
barenco_tof_3,45_3,1,37,48,4,2,4,2,0,6,0,2,3,7,5,3,8,4,12,7,12,0.08333333333333333,0.14583333333333334
barenco_tof_3,45_3,2,810,46,2,3,2,3,0,5,0,3,3,8,9,6,7,9,16,8,15,0.043478260869565216,0.17391304347826086
barenco_tof_3,45_3,3,3430,47,3,2,3,2,0,5,0,3,3,9,8,6,9,7,16,9,16,0.06382978723404255,0.19148936170212766
barenco_tof_3,45_3,4,101,46,3,5,3,5,0,8,0,2,4,7,9,4,6,8,14,7,14,0.06521739130434782,0.15217391304347827
barenco_tof_3,45_3,5,102,48,5,3,5,3,0,8,0,2,4,9,7,4,8,6,14,9,16,0.10416666666666667,0.1875
barenco_tof_3,45_3,6,1482,46,3,4,3,4,0,7,0,3,3,8,9,5,8,10,18,8,16,0.06521739130434782,0.17391304347826086
barenco_tof_3,45_3,7,959,47,4,3,4,3,0,7,0,3,3,9,8,5,10,8,18,9,17,0.0851063829787234,0.19148936170212766
barenco_tof_3,45_3,8,101,46,3,5,3,5,0,8,0,2,4,7,9,4,6,8,14,7,14,0.06521739130434782,0.15217391304347827
barenco_tof_3,45_3,9,102,48,5,3,5,3,0,8,0,2,4,9,7,4,8,6,14,9,16,0.10416666666666667,0.1875
barenco_tof_3,45_3,10,36,46,2,4,2,4,0,6,0,2,3,6,8,4,5,9,14,6,10,0.043478260869565216,0.13043478260869565
barenco_tof_3,45_3,11,44,48,2,2,2,2,0,4,0,2,3,5,5,3,5,5,10,5,11,0.041666666666666664,0.10416666666666667
barenco_tof_3,45_3,12,4394,48,2,2,2,2,0,4,0,3,3,8,8,6,7,7,14,8,16,0.041666666666666664,0.16666666666666666
barenco_tof_3,45_3,13,4397,48,2,2,2,2,0,4,0,3,3,8,8,6,7,7,14,8,16,0.041666666666666664,0.16666666666666666
barenco_tof_3,45_3,14,22,48,2,4,2,4,0,6,0,2,3,6,8,4,5,7,12,6,11,0.041666666666666664,0.125
barenco_tof_3,45_3,15,83,50,3,3,3,3,0,6,0,2,3,7,7,4,6,6,12,7,12,0.06,0.14
barenco_tof_3,45_3,16,313,50,4,4,4,4,0,8,0,2,4,8,8,4,7,7,14,8,15,0.08,0.16
barenco_tof_3,45_3,17,102,50,5,3,5,3,0,8,0,2,4,9,7,4,8,6,14,9,16,0.1,0.18
barenco_tof_3,45_3,18,45,48,2,2,2,2,0,4,0,2,3,6,6,4,5,5,10,6,10,0.041666666666666664,0.125
barenco_tof_3,45_3,19,38,48,2,2,2,2,0,4,0,2,3,6,6,4,5,5,10,6,10,0.041666666666666664,0.125
barenco_tof_3,45_3,20,951,48,4,3,4,3,0,7,0,3,3,9,8,5,10,8,18,9,15,0.08333333333333333,0.1875
barenco_tof_3,45_3,21,38,47,2,2,2,2,0,4,0,2,3,6,6,4,5,5,10,6,13,0.0425531914893617,0.1276595744680851
barenco_tof_3,45_3,22,24,47,2,4,2,4,0,6,0,2,3,6,8,4,5,7,12,6,12,0.0425531914893617,0.1276595744680851
barenco_tof_3,45_3,23,23,49,4,2,4,2,0,6,0,2,3,8,6,4,7,5,12,8,14,0.08163265306122448,0.16326530612244897
barenco_tof_3,45_3,24,4336,47,5,5,5,5,0,10,0,3,3,10,10,5,11,11,22,10,18,0.10638297872340426,0.2127659574468085
barenco_tof_3,45_3,25,3320,47,2,1,2,0,0,2,0,1,3,4,2,2,3,1,4,4,10,0.0425531914893617,0.0851063829787234
barenco_tof_3,46_0,0,1605,47,5,4,5,4,0,9,0,3,3,10,9,5,11,9,20,10,15,0.10638297872340426,0.2127659574468085
barenco_tof_3,46_1,0,101,47,3,5,3,5,0,8,0,2,3,6,8,3,5,7,12,6,13,0.06382978723404255,0.1276595744680851
barenco_tof_3,46_1,1,107,49,5,3,5,3,0,8,0,2,3,8,6,3,7,5,12,8,15,0.10204081632653061,0.16326530612244897
barenco_tof_3,46_1,2,3309,47,5,5,5,5,0,10,0,3,3,9,9,4,10,10,20,9,13,0.10638297872340426,0.19148936170212766
barenco_tof_3,46_1,3,1559,47,4,4,4,4,0,8,0,3,3,9,9,5,10,10,20,9,14,0.0851063829787234,0.19148936170212766
barenco_tof_3,46_1,4,4436,47,4,3,4,3,0,7,0,3,3,9,8,5,10,8,18,9,14,0.0851063829787234,0.19148936170212766
barenco_tof_3,46_2,0,36,48,2,4,2,4,0,6,0,2,3,5,7,3,4,8,12,5,10,0.041666666666666664,0.10416666666666667
barenco_tof_3,46_2,1,37,50,4,2,4,2,0,6,0,2,3,7,5,3,8,4,12,7,12,0.08,0.14
barenco_tof_3,46_2,2,940,48,3,4,3,4,0,7,0,3,3,8,9,5,8,10,18,8,14,0.0625,0.16666666666666666
barenco_tof_3,46_2,3,38,49,2,2,2,2,0,4,0,2,3,6,6,4,5,5,10,6,14,0.04081632653061224,0.12244897959183673
barenco_tof_3,46_2,4,36,49,2,4,2,4,0,6,0,2,3,5,7,3,4,8,12,5,10,0.04081632653061224,0.10204081632653061
barenco_tof_3,46_2,5,37,51,4,2,4,2,0,6,0,2,3,7,5,3,8,4,12,7,12,0.0784313725490196,0.13725490196078433
barenco_tof_3,46_2,6,38,49,2,2,2,2,0,4,0,2,3,6,6,4,5,5,10,6,10,0.04081632653061224,0.12244897959183673
barenco_tof_3,46_2,7,3322,49,2,1,2,0,0,2,0,1,2,3,1,1,2,0,2,3,6,0.04081632653061224,0.061224489795918366
barenco_tof_3,46_2,8,39,47,2,2,2,2,0,4,0,2,3,6,6,4,5,5,10,6,10,0.0425531914893617,0.1276595744680851
barenco_tof_3,46_2,9,44,47,2,2,2,2,0,4,0,2,3,6,6,4,5,5,10,6,10,0.0425531914893617,0.1276595744680851
barenco_tof_3,46_2,10,39,47,2,2,2,2,0,4,0,2,3,6,6,4,5,5,10,6,10,0.0425531914893617,0.1276595744680851
barenco_tof_3,46_2,11,44,47,2,2,2,2,0,4,0,2,3,6,6,4,5,5,10,6,10,0.0425531914893617,0.1276595744680851
barenco_tof_3,46_2,12,39,47,2,2,2,2,0,4,0,2,3,6,6,4,5,5,10,6,10,0.0425531914893617,0.1276595744680851
barenco_tof_3,46_2,13,1605,47,5,4,5,4,0,9,0,3,3,10,9,5,11,9,20,10,15,0.10638297872340426,0.2127659574468085
barenco_tof_3,46_3,0,101,48,3,5,3,5,0,8,0,2,3,7,9,4,6,8,14,7,15,0.0625,0.14583333333333334
barenco_tof_3,46_3,1,107,50,5,3,5,3,0,8,0,2,3,9,7,4,8,6,14,9,17,0.1,0.18
barenco_tof_3,46_3,2,1482,48,3,4,3,4,0,7,0,3,3,8,9,5,8,10,18,8,13,0.0625,0.16666666666666666
barenco_tof_3,46_3,3,38,49,2,2,2,2,0,4,0,2,3,6,6,4,5,5,10,6,13,0.04081632653061224,0.12244897959183673
barenco_tof_3,46_3,4,3320,49,2,1,2,0,0,2,0,1,3,4,2,2,3,1,4,4,9,0.04081632653061224,0.08163265306122448
barenco_tof_3,46_3,5,45,47,2,2,2,2,0,4,0,2,3,6,6,4,5,5,10,6,10,0.0425531914893617,0.1276595744680851
barenco_tof_3,46_3,6,38,47,2,2,2,2,0,4,0,2,3,6,6,4,5,5,10,6,10,0.0425531914893617,0.1276595744680851
barenco_tof_3,46_3,7,39,47,2,2,2,2,0,4,0,2,3,6,6,4,5,5,10,6,10,0.0425531914893617,0.1276595744680851
barenco_tof_3,46_3,8,1533,47,4,4,4,4,0,8,0,3,3,10,10,6,10,10,20,10,19,0.0851063829787234,0.2127659574468085
barenco_tof_3,46_3,9,1477,47,5,4,5,4,0,9,0,3,3,11,10,6,12,10,22,11,19,0.10638297872340426,0.23404255319148937
barenco_tof_3,46_4,0,39,47,2,2,2,2,0,4,0,2,3,6,6,4,5,5,10,6,10,0.0425531914893617,0.1276595744680851
barenco_tof_3,46_4,1,1605,47,5,4,5,4,0,9,0,3,3,10,9,5,11,9,20,10,15,0.10638297872340426,0.2127659574468085
barenco_tof_3,46_5,0,38,47,2,2,2,2,0,4,0,2,3,6,6,4,5,5,10,6,10,0.0425531914893617,0.1276595744680851
barenco_tof_3,46_5,1,45,47,2,2,2,2,0,4,0,2,3,6,6,4,5,5,10,6,10,0.0425531914893617,0.1276595744680851
barenco_tof_3,46_5,2,1605,47,5,4,5,4,0,9,0,3,3,10,9,5,11,9,20,10,15,0.10638297872340426,0.2127659574468085
barenco_tof_3,47_0,0,940,48,3,4,3,4,0,7,0,3,3,8,9,5,8,10,18,8,13,0.0625,0.16666666666666666
barenco_tof_3,47_0,1,44,49,2,2,2,2,0,4,0,2,3,6,6,4,5,5,10,6,13,0.04081632653061224,0.12244897959183673
barenco_tof_3,47_0,2,3320,49,2,1,2,0,0,2,0,1,3,4,2,2,3,1,4,4,9,0.04081632653061224,0.08163265306122448
barenco_tof_3,47_1,0,106,48,3,5,3,5,0,8,0,2,3,6,8,3,5,7,12,6,13,0.0625,0.125
barenco_tof_3,47_1,1,102,50,5,3,5,3,0,8,0,2,3,8,6,3,7,5,12,8,15,0.1,0.16
barenco_tof_3,47_1,2,45,48,2,2,2,2,0,4,0,2,3,6,6,4,5,5,10,6,10,0.041666666666666664,0.125
barenco_tof_3,47_1,3,44,48,2,2,2,2,0,4,0,2,3,6,6,4,5,5,10,6,10,0.041666666666666664,0.125
barenco_tof_3,47_1,4,39,48,2,2,2,2,0,4,0,2,3,6,6,4,5,5,10,6,10,0.041666666666666664,0.125
barenco_tof_3,47_1,5,44,48,2,2,2,2,0,4,0,2,3,6,6,4,5,5,10,6,10,0.041666666666666664,0.125
barenco_tof_3,47_1,6,45,48,2,2,2,2,0,4,0,2,3,6,6,4,5,5,10,6,10,0.041666666666666664,0.125
barenco_tof_3,47_1,7,44,48,2,2,2,2,0,4,0,2,3,6,6,4,5,5,10,6,10,0.041666666666666664,0.125
barenco_tof_3,47_1,8,39,48,2,2,2,2,0,4,0,2,3,6,6,4,5,5,10,6,10,0.041666666666666664,0.125
barenco_tof_3,47_1,9,44,48,2,2,2,2,0,4,0,2,3,6,6,4,5,5,10,6,10,0.041666666666666664,0.125
barenco_tof_3,47_1,10,942,48,3,4,3,4,0,7,0,3,3,8,9,5,8,10,18,8,14,0.0625,0.16666666666666666
barenco_tof_3,47_1,11,4694,49,2,0,2,0,0,2,0,2,3,5,3,3,6,2,8,5,10,0.04081632653061224,0.10204081632653061
barenco_tof_3,47_2,0,36,48,2,4,2,4,0,6,0,2,3,5,7,3,4,8,12,5,10,0.041666666666666664,0.10416666666666667
barenco_tof_3,47_2,1,37,50,4,2,4,2,0,6,0,2,3,7,5,3,8,4,12,7,12,0.08,0.14
barenco_tof_3,47_2,2,940,48,3,4,3,4,0,7,0,3,3,8,9,5,8,10,18,8,14,0.0625,0.16666666666666666
barenco_tof_3,47_2,3,38,49,2,2,2,2,0,4,0,2,3,6,6,4,5,5,10,6,14,0.04081632653061224,0.12244897959183673
barenco_tof_3,47_2,4,36,49,2,4,2,4,0,6,0,2,3,5,7,3,4,8,12,5,10,0.04081632653061224,0.10204081632653061
barenco_tof_3,47_2,5,37,51,4,2,4,2,0,6,0,2,3,7,5,3,8,4,12,7,12,0.0784313725490196,0.13725490196078433
barenco_tof_3,47_2,6,38,49,2,2,2,2,0,4,0,2,3,6,6,4,5,5,10,6,10,0.04081632653061224,0.12244897959183673
barenco_tof_3,47_2,7,3322,49,2,1,2,0,0,2,0,1,2,3,1,1,2,0,2,3,6,0.04081632653061224,0.061224489795918366
barenco_tof_3,47_3,0,24,48,2,4,2,4,0,6,0,2,2,6,8,4,5,7,12,6,13,0.041666666666666664,0.125
barenco_tof_3,47_3,1,38,50,2,2,2,2,0,4,0,2,3,6,6,4,5,5,10,6,11,0.04,0.12
barenco_tof_3,47_3,2,107,50,5,3,5,3,0,8,0,2,3,9,7,4,8,6,14,9,17,0.1,0.18
barenco_tof_3,47_3,3,36,48,2,4,2,4,0,6,0,2,3,6,8,4,5,9,14,6,13,0.041666666666666664,0.125
barenco_tof_3,47_3,4,3556,50,4,3,4,3,0,7,0,3,3,10,9,6,10,8,18,10,14,0.08,0.2
barenco_tof_3,47_3,5,127,49,3,3,3,3,0,6,0,2,3,7,7,4,7,7,14,7,15,0.061224489795918366,0.14285714285714285
barenco_tof_3,47_3,6,44,49,2,2,2,2,0,4,0,2,3,6,6,4,5,5,10,6,13,0.04081632653061224,0.12244897959183673
barenco_tof_3,47_3,7,3320,49,2,1,2,0,0,2,0,1,3,4,2,2,3,1,4,4,9,0.04081632653061224,0.08163265306122448
barenco_tof_3,47_4,0,22,48,2,4,2,4,0,6,0,2,2,6,8,4,5,7,12,6,13,0.041666666666666664,0.125
barenco_tof_3,47_4,1,44,50,2,2,2,2,0,4,0,2,3,6,6,4,5,5,10,6,11,0.04,0.12
barenco_tof_3,47_4,2,107,50,5,3,5,3,0,8,0,2,3,9,7,4,8,6,14,9,17,0.1,0.18
barenco_tof_3,47_4,3,1482,48,3,4,3,4,0,7,0,3,3,8,9,5,8,10,18,8,13,0.0625,0.16666666666666666
barenco_tof_3,47_4,4,44,49,2,2,2,2,0,4,0,2,3,6,6,4,5,5,10,6,13,0.04081632653061224,0.12244897959183673
barenco_tof_3,47_4,5,3320,49,2,1,2,0,0,2,0,1,3,4,2,2,3,1,4,4,9,0.04081632653061224,0.08163265306122448
barenco_tof_3,47_5,0,40,48,2,4,2,4,0,6,0,2,2,5,7,3,4,8,12,5,9,0.041666666666666664,0.10416666666666667
barenco_tof_3,47_5,1,126,50,3,3,3,3,0,6,0,2,2,5,5,2,6,6,12,5,7,0.06,0.1
barenco_tof_3,47_5,2,4682,50,2,0,2,0,0,2,0,2,2,5,3,3,6,2,8,5,10,0.04,0.1
barenco_tof_3,47_5,3,1482,48,3,4,3,4,0,7,0,3,3,8,9,5,8,10,18,8,13,0.0625,0.16666666666666666
barenco_tof_3,47_5,4,38,49,2,2,2,2,0,4,0,2,3,6,6,4,5,5,10,6,13,0.04081632653061224,0.12244897959183673
barenco_tof_3,47_5,5,3320,49,2,1,2,0,0,2,0,1,3,4,2,2,3,1,4,4,9,0.04081632653061224,0.08163265306122448
barenco_tof_3,48_0,0,4358,52,2,2,2,2,0,4,0,3,3,8,8,6,7,7,14,8,13,0.038461538461538464,0.15384615384615385
barenco_tof_3,48_0,1,4406,52,2,2,2,2,0,4,0,3,3,7,7,5,6,6,12,7,12,0.038461538461538464,0.1346153846153846
barenco_tof_3,48_0,2,45,52,2,2,2,2,0,4,0,2,3,5,5,3,4,4,8,5,8,0.038461538461538464,0.09615384615384616
barenco_tof_3,48_0,3,132,52,3,5,3,5,0,8,0,2,3,7,9,4,6,10,16,7,12,0.057692307692307696,0.1346153846153846
barenco_tof_3,48_0,4,3841,54,4,5,4,5,0,9,0,3,3,9,10,5,10,12,22,9,14,0.07407407407407407,0.16666666666666666
barenco_tof_3,48_0,5,4694,55,2,0,2,0,0,2,0,2,3,6,4,4,6,2,8,6,14,0.03636363636363636,0.10909090909090909
barenco_tof_3,48_0,6,132,53,3,5,3,5,0,8,0,2,3,6,8,3,5,9,14,6,11,0.05660377358490566,0.11320754716981132
barenco_tof_3,48_0,7,133,55,5,3,5,3,0,8,0,2,3,8,6,3,9,5,14,8,13,0.09090909090909091,0.14545454545454545
barenco_tof_3,48_0,8,3418,53,3,2,3,2,0,5,0,3,3,7,6,4,8,6,14,7,10,0.05660377358490566,0.1320754716981132
barenco_tof_3,48_0,9,4694,52,2,0,2,0,0,2,0,2,3,6,4,4,6,2,8,6,13,0.038461538461538464,0.11538461538461539
barenco_tof_3,48_0,10,132,50,3,5,3,5,0,8,0,2,3,6,8,3,5,9,14,6,9,0.06,0.12
barenco_tof_3,48_0,11,133,52,5,3,5,3,0,8,0,2,3,8,6,3,9,5,14,8,11,0.09615384615384616,0.15384615384615385
barenco_tof_3,48_0,12,40,50,2,4,2,4,0,6,0,2,2,5,7,3,4,8,12,5,7,0.04,0.1
barenco_tof_3,48_0,13,43,52,4,2,4,2,0,6,0,2,2,7,5,3,8,4,12,7,9,0.07692307692307693,0.1346153846153846
barenco_tof_3,48_0,14,132,50,3,5,3,5,0,8,0,2,2,6,8,3,5,9,14,6,10,0.06,0.12
barenco_tof_3,48_0,15,133,52,5,3,5,3,0,8,0,2,2,8,6,3,9,5,14,8,12,0.09615384615384616,0.15384615384615385
barenco_tof_3,48_0,16,45,50,2,2,2,2,0,4,0,2,2,6,6,4,5,5,10,6,11,0.04,0.12
barenco_tof_3,48_0,17,3320,50,2,1,2,0,0,2,0,1,2,4,2,2,3,1,4,4,10,0.04,0.08
barenco_tof_3,48_1,0,45,50,2,2,2,2,0,4,0,2,2,6,6,4,5,5,10,6,11,0.04,0.12
barenco_tof_3,48_1,1,3320,50,2,1,2,0,0,2,0,1,2,4,2,2,3,1,4,4,10,0.04,0.08
barenco_tof_3,48_2,0,36,52,2,4,2,4,0,6,0,2,3,5,7,3,4,8,12,5,10,0.038461538461538464,0.09615384615384616
barenco_tof_3,48_2,1,37,54,4,2,4,2,0,6,0,2,3,7,5,3,8,4,12,7,12,0.07407407407407407,0.12962962962962962
barenco_tof_3,48_2,2,944,52,3,4,3,4,0,7,0,3,3,7,8,4,7,9,16,7,12,0.057692307692307696,0.1346153846153846
barenco_tof_3,48_2,3,36,53,2,4,2,4,0,6,0,2,3,5,7,3,4,8,12,5,10,0.03773584905660377,0.09433962264150944
barenco_tof_3,48_2,4,37,55,4,2,4,2,0,6,0,2,3,7,5,3,8,4,12,7,12,0.07272727272727272,0.12727272727272726
barenco_tof_3,48_2,5,36,53,2,4,2,4,0,6,0,2,3,5,7,3,5,9,14,5,11,0.03773584905660377,0.09433962264150944
barenco_tof_3,48_2,6,121,55,3,3,3,3,0,6,0,2,3,6,6,3,7,7,14,6,11,0.05454545454545454,0.10909090909090909
barenco_tof_3,48_2,7,4682,55,2,0,2,0,0,2,0,2,3,5,3,3,6,2,8,5,12,0.03636363636363636,0.09090909090909091
barenco_tof_3,48_2,8,1483,53,4,3,4,3,0,7,0,3,3,8,7,4,9,7,16,8,13,0.07547169811320754,0.1509433962264151
barenco_tof_3,48_2,9,40,52,2,4,2,4,0,6,0,2,3,6,8,4,5,9,14,6,8,0.038461538461538464,0.11538461538461539
barenco_tof_3,48_2,10,41,54,4,2,4,2,0,6,0,2,3,8,6,4,9,5,14,8,10,0.07407407407407407,0.14814814814814814
barenco_tof_3,48_2,11,132,52,3,5,3,5,0,8,0,2,3,7,9,4,6,10,16,7,12,0.057692307692307696,0.1346153846153846
barenco_tof_3,48_2,12,3436,54,3,2,3,2,0,5,0,3,3,8,7,5,8,6,14,8,14,0.05555555555555555,0.14814814814814814
barenco_tof_3,48_2,13,3841,53,4,5,4,5,0,9,0,3,3,8,9,4,10,12,22,8,13,0.07547169811320754,0.1509433962264151
barenco_tof_3,48_2,14,4682,54,2,0,2,0,0,2,0,2,3,6,4,4,6,2,8,6,13,0.037037037037037035,0.1111111111111111
barenco_tof_3,48_2,15,4694,52,2,0,2,0,0,2,0,2,3,6,4,4,6,2,8,6,15,0.038461538461538464,0.11538461538461539
barenco_tof_3,48_2,16,38,50,2,2,2,2,0,4,0,2,2,6,6,4,5,5,10,6,14,0.04,0.12
barenco_tof_3,48_2,17,39,50,2,2,2,2,0,4,0,2,2,5,5,3,4,4,8,5,8,0.04,0.1
barenco_tof_3,48_2,18,3322,50,2,1,2,0,0,2,0,1,2,4,2,2,3,1,4,4,9,0.04,0.08
barenco_tof_3,50_0,0,4358,52,2,2,2,2,0,4,0,3,3,8,8,6,7,7,14,8,13,0.038461538461538464,0.15384615384615385
barenco_tof_3,50_0,1,4406,52,2,2,2,2,0,4,0,3,3,7,7,5,6,6,12,7,12,0.038461538461538464,0.1346153846153846
barenco_tof_3,50_0,2,45,52,2,2,2,2,0,4,0,2,3,5,5,3,4,4,8,5,8,0.038461538461538464,0.09615384615384616
barenco_tof_3,50_0,3,132,52,3,5,3,5,0,8,0,2,3,7,9,4,6,10,16,7,12,0.057692307692307696,0.1346153846153846
barenco_tof_3,50_0,4,3841,54,4,5,4,5,0,9,0,3,3,9,10,5,10,12,22,9,14,0.07407407407407407,0.16666666666666666
barenco_tof_3,50_0,5,4694,55,2,0,2,0,0,2,0,2,3,6,4,4,6,2,8,6,14,0.03636363636363636,0.10909090909090909
barenco_tof_3,50_0,6,132,53,3,5,3,5,0,8,0,2,3,6,8,3,5,9,14,6,11,0.05660377358490566,0.11320754716981132
barenco_tof_3,50_0,7,133,55,5,3,5,3,0,8,0,2,3,8,6,3,9,5,14,8,13,0.09090909090909091,0.14545454545454545
barenco_tof_3,50_0,8,3418,53,3,2,3,2,0,5,0,3,3,7,6,4,8,6,14,7,10,0.05660377358490566,0.1320754716981132
barenco_tof_3,50_0,9,4694,52,2,0,2,0,0,2,0,2,3,6,4,4,6,2,8,6,13,0.038461538461538464,0.11538461538461539
barenco_tof_3,50_1,0,132,54,3,5,3,5,0,8,0,2,3,7,9,4,6,10,16,7,13,0.05555555555555555,0.12962962962962962
barenco_tof_3,50_1,1,133,56,5,3,5,3,0,8,0,2,3,9,7,4,10,6,16,9,15,0.08928571428571429,0.16071428571428573
barenco_tof_3,50_1,2,45,54,2,2,2,2,0,4,0,2,3,6,6,4,5,5,10,6,12,0.037037037037037035,0.1111111111111111
barenco_tof_3,50_1,3,36,54,2,4,2,4,0,6,0,2,3,5,7,3,4,8,12,5,10,0.037037037037037035,0.09259259259259259
barenco_tof_3,50_1,4,37,56,4,2,4,2,0,6,0,2,3,7,5,3,8,4,12,7,12,0.07142857142857142,0.125
barenco_tof_3,50_1,5,42,54,2,4,2,4,0,6,0,2,3,5,7,3,4,8,12,5,9,0.037037037037037035,0.09259259259259259
barenco_tof_3,50_1,6,43,56,4,2,4,2,0,6,0,2,3,7,5,3,8,4,12,7,11,0.07142857142857142,0.125
barenco_tof_3,50_1,7,132,54,3,5,3,5,0,8,0,2,3,6,8,3,5,9,14,6,11,0.05555555555555555,0.1111111111111111
barenco_tof_3,50_1,8,133,56,5,3,5,3,0,8,0,2,3,8,6,3,9,5,14,8,13,0.08928571428571429,0.14285714285714285
barenco_tof_3,50_1,9,44,54,2,2,2,2,0,4,0,2,3,6,6,4,5,5,10,6,11,0.037037037037037035,0.1111111111111111
barenco_tof_3,50_1,10,3320,54,2,1,2,0,0,2,0,1,2,4,2,2,3,1,4,4,10,0.037037037037037035,0.07407407407407407
barenco_tof_3,50_1,11,36,52,2,4,2,4,0,6,0,2,3,6,8,4,5,9,14,6,11,0.038461538461538464,0.11538461538461539
barenco_tof_3,50_1,12,37,54,4,2,4,2,0,6,0,2,3,8,6,4,9,5,14,8,13,0.07407407407407407,0.14814814814814814
barenco_tof_3,50_1,13,4395,52,2,3,2,3,0,5,0,3,3,7,8,5,6,8,14,7,12,0.038461538461538464,0.1346153846153846
barenco_tof_3,50_1,14,4413,53,3,2,3,2,0,5,0,3,3,8,7,5,8,6,14,8,13,0.05660377358490566,0.1509433962264151
barenco_tof_3,50_1,15,132,52,3,5,3,5,0,8,0,2,3,7,9,4,6,10,16,7,12,0.057692307692307696,0.1346153846153846
barenco_tof_3,50_1,16,3418,54,3,2,3,2,0,5,0,3,3,8,7,5,8,6,14,8,14,0.05555555555555555,0.14814814814814814
barenco_tof_3,50_1,17,1513,53,5,4,5,4,0,9,0,3,3,10,9,5,12,10,22,10,17,0.09433962264150944,0.18867924528301888
barenco_tof_3,50_1,18,4670,52,2,0,2,0,0,2,0,2,3,6,4,4,6,2,8,6,14,0.038461538461538464,0.11538461538461539
barenco_tof_3,50_2,0,36,52,2,4,2,4,0,6,0,2,3,5,7,3,4,8,12,5,10,0.038461538461538464,0.09615384615384616
barenco_tof_3,50_2,1,37,54,4,2,4,2,0,6,0,2,3,7,5,3,8,4,12,7,12,0.07407407407407407,0.12962962962962962
barenco_tof_3,50_2,2,944,52,3,4,3,4,0,7,0,3,3,7,8,4,7,9,16,7,12,0.057692307692307696,0.1346153846153846
barenco_tof_3,50_2,3,36,53,2,4,2,4,0,6,0,2,3,5,7,3,4,8,12,5,10,0.03773584905660377,0.09433962264150944
barenco_tof_3,50_2,4,37,55,4,2,4,2,0,6,0,2,3,7,5,3,8,4,12,7,12,0.07272727272727272,0.12727272727272726
barenco_tof_3,50_2,5,36,53,2,4,2,4,0,6,0,2,3,5,7,3,5,9,14,5,11,0.03773584905660377,0.09433962264150944
barenco_tof_3,50_2,6,121,55,3,3,3,3,0,6,0,2,3,6,6,3,7,7,14,6,11,0.05454545454545454,0.10909090909090909
barenco_tof_3,50_2,7,4682,55,2,0,2,0,0,2,0,2,3,5,3,3,6,2,8,5,12,0.03636363636363636,0.09090909090909091
barenco_tof_3,50_2,8,1483,53,4,3,4,3,0,7,0,3,3,8,7,4,9,7,16,8,13,0.07547169811320754,0.1509433962264151
barenco_tof_3,50_2,9,40,52,2,4,2,4,0,6,0,2,3,6,8,4,5,9,14,6,8,0.038461538461538464,0.11538461538461539
barenco_tof_3,50_2,10,41,54,4,2,4,2,0,6,0,2,3,8,6,4,9,5,14,8,10,0.07407407407407407,0.14814814814814814
barenco_tof_3,50_2,11,132,52,3,5,3,5,0,8,0,2,3,7,9,4,6,10,16,7,12,0.057692307692307696,0.1346153846153846
barenco_tof_3,50_2,12,3436,54,3,2,3,2,0,5,0,3,3,8,7,5,8,6,14,8,14,0.05555555555555555,0.14814814814814814
barenco_tof_3,50_2,13,3841,53,4,5,4,5,0,9,0,3,3,8,9,4,10,12,22,8,13,0.07547169811320754,0.1509433962264151
barenco_tof_3,50_2,14,4682,54,2,0,2,0,0,2,0,2,3,6,4,4,6,2,8,6,13,0.037037037037037035,0.1111111111111111
barenco_tof_3,50_2,15,4694,52,2,0,2,0,0,2,0,2,3,6,4,4,6,2,8,6,15,0.038461538461538464,0.11538461538461539
barenco_tof_3,50_4,0,36,54,2,4,2,4,0,6,0,2,3,5,7,3,5,9,14,5,11,0.037037037037037035,0.09259259259259259
barenco_tof_3,50_4,1,120,56,3,3,3,3,0,6,0,2,3,6,6,3,7,7,14,6,11,0.05357142857142857,0.10714285714285714
barenco_tof_3,50_4,2,121,56,3,3,3,3,0,6,0,2,3,6,6,3,7,7,14,6,11,0.05357142857142857,0.10714285714285714
barenco_tof_3,50_4,3,121,56,3,3,3,3,0,6,0,2,3,6,6,3,7,7,14,6,11,0.05357142857142857,0.10714285714285714
barenco_tof_3,50_4,4,121,56,3,3,3,3,0,6,0,2,3,6,6,3,7,7,14,6,11,0.05357142857142857,0.10714285714285714
barenco_tof_3,50_4,5,4670,56,2,0,2,0,0,2,0,2,3,5,3,3,6,2,8,5,12,0.03571428571428571,0.08928571428571429
barenco_tof_3,50_4,6,4407,54,2,3,2,3,0,5,0,3,3,8,9,6,7,9,16,8,14,0.037037037037037035,0.14814814814814814
barenco_tof_3,50_4,7,4365,55,3,2,3,2,0,5,0,3,3,9,8,6,9,7,16,9,15,0.05454545454545454,0.16363636363636364
barenco_tof_3,50_4,8,45,54,2,2,2,2,0,4,0,2,3,6,6,4,5,5,10,6,12,0.037037037037037035,0.1111111111111111
barenco_tof_3,50_4,9,38,54,2,2,2,2,0,4,0,2,3,6,6,4,5,5,10,6,13,0.037037037037037035,0.1111111111111111
barenco_tof_3,50_4,10,132,54,3,5,3,5,0,8,0,2,3,6,8,3,5,9,14,6,11,0.05555555555555555,0.1111111111111111
barenco_tof_3,50_4,11,133,56,5,3,5,3,0,8,0,2,3,8,6,3,9,5,14,8,13,0.08928571428571429,0.14285714285714285
barenco_tof_3,50_4,12,36,54,2,4,2,4,0,6,0,2,3,6,8,4,5,9,14,6,11,0.037037037037037035,0.1111111111111111
barenco_tof_3,50_4,13,4385,56,2,2,2,2,0,4,0,3,3,6,6,4,6,6,12,6,12,0.03571428571428571,0.10714285714285714
barenco_tof_3,50_4,14,1551,56,4,4,4,4,0,8,0,3,3,8,8,4,9,9,18,8,12,0.07142857142857142,0.14285714285714285
barenco_tof_3,50_4,15,4694,56,2,0,2,0,0,2,0,2,3,5,3,3,6,2,8,5,10,0.03571428571428571,0.08928571428571429
barenco_tof_3,50_4,16,40,54,2,4,2,4,0,6,0,2,3,5,7,3,4,8,12,5,9,0.037037037037037035,0.09259259259259259
barenco_tof_3,50_4,17,43,56,4,2,4,2,0,6,0,2,3,7,5,3,8,4,12,7,11,0.07142857142857142,0.125
barenco_tof_3,50_4,18,940,54,3,4,3,4,0,7,0,3,3,7,8,4,7,9,16,7,12,0.05555555555555555,0.12962962962962962
barenco_tof_3,50_4,19,1483,55,4,3,4,3,0,7,0,3,3,8,7,4,9,7,16,8,13,0.07272727272727272,0.14545454545454545
barenco_tof_3,50_4,20,1578,54,4,5,4,5,0,9,0,3,3,9,10,5,9,11,20,9,15,0.07407407407407407,0.16666666666666666
barenco_tof_3,50_4,21,38,55,2,2,2,2,0,4,0,2,3,6,6,4,5,5,10,6,11,0.03636363636363636,0.10909090909090909
barenco_tof_3,50_4,22,3322,55,2,1,2,0,0,2,0,1,3,4,2,2,3,1,4,4,9,0.03636363636363636,0.07272727272727272
barenco_tof_3,50_4,23,1579,53,5,4,5,4,0,9,0,3,3,10,9,5,11,9,20,10,15,0.09433962264150944,0.18867924528301888
barenco_tof_3,50_4,24,132,52,3,5,3,5,0,8,0,2,3,7,9,4,6,10,16,7,12,0.057692307692307696,0.1346153846153846
barenco_tof_3,50_4,25,39,54,2,2,2,2,0,4,0,2,3,6,6,4,5,5,10,6,12,0.037037037037037035,0.1111111111111111
barenco_tof_3,50_4,26,1524,54,4,5,4,5,0,9,0,3,3,9,10,5,10,12,22,9,14,0.07407407407407407,0.16666666666666666
barenco_tof_3,50_4,27,4694,55,2,0,2,0,0,2,0,2,3,6,4,4,6,2,8,6,15,0.03636363636363636,0.10909090909090909
barenco_tof_3,50_4,28,815,53,3,2,3,2,0,5,0,3,3,7,6,4,8,6,14,7,11,0.05660377358490566,0.1320754716981132
barenco_tof_3,50_4,29,4694,52,2,0,2,0,0,2,0,2,3,6,4,4,6,2,8,6,14,0.038461538461538464,0.11538461538461539
barenco_tof_3,52_0,0,132,54,3,5,3,5,0,8,0,2,3,7,9,4,6,10,16,7,13,0.05555555555555555,0.12962962962962962
barenco_tof_3,52_0,1,133,56,5,3,5,3,0,8,0,2,3,9,7,4,10,6,16,9,15,0.08928571428571429,0.16071428571428573
barenco_tof_3,52_0,2,134,54,3,5,3,5,0,8,0,2,3,6,8,3,6,10,16,6,12,0.05555555555555555,0.1111111111111111
barenco_tof_3,52_0,3,346,56,4,4,4,4,0,8,0,2,2,6,6,2,8,8,16,6,10,0.07142857142857142,0.10714285714285714
barenco_tof_3,52_0,4,4688,56,2,0,2,0,0,2,0,2,3,6,4,4,6,2,8,6,12,0.03571428571428571,0.10714285714285714
barenco_tof_3,52_0,5,39,54,2,2,2,2,0,4,0,2,3,6,6,4,5,5,10,6,12,0.037037037037037035,0.1111111111111111
barenco_tof_3,52_0,6,39,54,2,2,2,2,0,4,0,2,2,5,5,3,4,4,8,5,8,0.037037037037037035,0.09259259259259259
barenco_tof_3,52_0,7,38,54,2,2,2,2,0,4,0,2,3,6,6,4,5,5,10,6,11,0.037037037037037035,0.1111111111111111
barenco_tof_3,52_0,8,3322,54,2,1,2,0,0,2,0,1,2,4,2,2,3,1,4,4,10,0.037037037037037035,0.07407407407407407
barenco_tof_3,52_1,0,45,54,2,2,2,2,0,4,0,2,3,6,6,4,5,5,10,6,12,0.037037037037037035,0.1111111111111111
barenco_tof_3,52_1,1,132,54,3,5,3,5,0,8,0,2,3,6,8,3,5,9,14,6,11,0.05555555555555555,0.1111111111111111
barenco_tof_3,52_1,2,133,56,5,3,5,3,0,8,0,2,3,8,6,3,9,5,14,8,13,0.08928571428571429,0.14285714285714285
barenco_tof_3,52_1,3,4409,54,2,2,2,2,0,4,0,3,3,7,7,5,6,6,12,7,12,0.037037037037037035,0.12962962962962962
barenco_tof_3,52_1,4,3423,54,2,3,2,3,0,5,0,3,3,7,8,5,6,8,14,7,12,0.037037037037037035,0.12962962962962962
barenco_tof_3,52_1,5,38,55,2,2,2,2,0,4,0,2,3,6,6,4,5,5,10,6,11,0.03636363636363636,0.10909090909090909
barenco_tof_3,52_1,6,3320,55,2,1,2,0,0,2,0,1,3,4,2,2,3,1,4,4,10,0.03636363636363636,0.07272727272727272
barenco_tof_3,52_1,7,38,53,2,2,2,2,0,4,0,2,3,6,6,4,5,5,10,6,15,0.03773584905660377,0.11320754716981132
barenco_tof_3,52_1,8,4394,53,2,2,2,2,0,4,0,3,3,8,8,6,7,7,14,8,14,0.03773584905660377,0.1509433962264151
barenco_tof_3,52_1,9,3426,53,3,2,3,2,0,5,0,3,3,8,7,5,8,6,14,8,14,0.05660377358490566,0.1509433962264151
barenco_tof_3,52_2,0,132,54,3,5,3,5,0,8,0,2,3,6,8,3,5,9,14,6,11,0.05555555555555555,0.1111111111111111
barenco_tof_3,52_2,1,133,56,5,3,5,3,0,8,0,2,3,8,6,3,9,5,14,8,13,0.08928571428571429,0.14285714285714285
barenco_tof_3,52_2,2,132,54,3,5,3,5,0,8,0,2,3,7,9,4,6,10,16,7,13,0.05555555555555555,0.12962962962962962
barenco_tof_3,52_2,3,133,56,5,3,5,3,0,8,0,2,3,9,7,4,10,6,16,9,15,0.08928571428571429,0.16071428571428573
barenco_tof_3,52_2,4,45,54,2,2,2,2,0,4,0,2,3,6,6,4,5,5,10,6,12,0.037037037037037035,0.1111111111111111
barenco_tof_3,52_2,5,38,54,2,2,2,2,0,4,0,2,3,6,6,4,5,5,10,6,11,0.037037037037037035,0.1111111111111111
barenco_tof_3,52_2,6,3322,54,2,1,2,0,0,2,0,1,2,4,2,2,3,1,4,4,10,0.037037037037037035,0.07407407407407407
barenco_tof_3,52_4,0,36,54,2,4,2,4,0,6,0,2,3,5,7,3,5,9,14,5,11,0.037037037037037035,0.09259259259259259
barenco_tof_3,52_4,1,120,56,3,3,3,3,0,6,0,2,3,6,6,3,7,7,14,6,11,0.05357142857142857,0.10714285714285714
barenco_tof_3,52_4,2,121,56,3,3,3,3,0,6,0,2,3,6,6,3,7,7,14,6,11,0.05357142857142857,0.10714285714285714
barenco_tof_3,52_4,3,121,56,3,3,3,3,0,6,0,2,3,6,6,3,7,7,14,6,11,0.05357142857142857,0.10714285714285714
barenco_tof_3,52_4,4,121,56,3,3,3,3,0,6,0,2,3,6,6,3,7,7,14,6,11,0.05357142857142857,0.10714285714285714
barenco_tof_3,52_4,5,4670,56,2,0,2,0,0,2,0,2,3,5,3,3,6,2,8,5,12,0.03571428571428571,0.08928571428571429
barenco_tof_3,52_4,6,4407,54,2,3,2,3,0,5,0,3,3,8,9,6,7,9,16,8,14,0.037037037037037035,0.14814814814814814
barenco_tof_3,52_4,7,4365,55,3,2,3,2,0,5,0,3,3,9,8,6,9,7,16,9,15,0.05454545454545454,0.16363636363636364
barenco_tof_3,52_4,8,45,54,2,2,2,2,0,4,0,2,3,6,6,4,5,5,10,6,12,0.037037037037037035,0.1111111111111111
barenco_tof_3,52_4,9,38,54,2,2,2,2,0,4,0,2,3,6,6,4,5,5,10,6,13,0.037037037037037035,0.1111111111111111
barenco_tof_3,52_4,10,132,54,3,5,3,5,0,8,0,2,3,6,8,3,5,9,14,6,11,0.05555555555555555,0.1111111111111111
barenco_tof_3,52_4,11,133,56,5,3,5,3,0,8,0,2,3,8,6,3,9,5,14,8,13,0.08928571428571429,0.14285714285714285
barenco_tof_3,52_4,12,36,54,2,4,2,4,0,6,0,2,3,6,8,4,5,9,14,6,11,0.037037037037037035,0.1111111111111111
barenco_tof_3,52_4,13,4385,56,2,2,2,2,0,4,0,3,3,6,6,4,6,6,12,6,12,0.03571428571428571,0.10714285714285714
barenco_tof_3,52_4,14,1551,56,4,4,4,4,0,8,0,3,3,8,8,4,9,9,18,8,12,0.07142857142857142,0.14285714285714285
barenco_tof_3,52_4,15,4694,56,2,0,2,0,0,2,0,2,3,5,3,3,6,2,8,5,10,0.03571428571428571,0.08928571428571429
barenco_tof_3,52_4,16,40,54,2,4,2,4,0,6,0,2,3,5,7,3,4,8,12,5,9,0.037037037037037035,0.09259259259259259
barenco_tof_3,52_4,17,43,56,4,2,4,2,0,6,0,2,3,7,5,3,8,4,12,7,11,0.07142857142857142,0.125
barenco_tof_3,52_4,18,940,54,3,4,3,4,0,7,0,3,3,7,8,4,7,9,16,7,12,0.05555555555555555,0.12962962962962962
barenco_tof_3,52_4,19,1483,55,4,3,4,3,0,7,0,3,3,8,7,4,9,7,16,8,13,0.07272727272727272,0.14545454545454545
barenco_tof_3,52_4,20,1578,54,4,5,4,5,0,9,0,3,3,9,10,5,9,11,20,9,15,0.07407407407407407,0.16666666666666666
barenco_tof_3,52_4,21,38,55,2,2,2,2,0,4,0,2,3,6,6,4,5,5,10,6,11,0.03636363636363636,0.10909090909090909
barenco_tof_3,52_4,22,3322,55,2,1,2,0,0,2,0,1,3,4,2,2,3,1,4,4,9,0.03636363636363636,0.07272727272727272
barenco_tof_3,52_4,23,1579,53,5,4,5,4,0,9,0,3,3,10,9,5,11,9,20,10,15,0.09433962264150944,0.18867924528301888
barenco_tof_3,52_5,0,339,54,4,4,4,4,0,8,0,2,3,8,8,4,8,8,16,8,17,0.07407407407407407,0.14814814814814814
barenco_tof_3,52_5,1,36,54,2,4,2,4,0,6,0,2,3,5,7,3,4,8,12,5,9,0.037037037037037035,0.09259259259259259
barenco_tof_3,52_5,2,37,56,4,2,4,2,0,6,0,2,3,7,5,3,8,4,12,7,11,0.07142857142857142,0.125
barenco_tof_3,52_5,3,132,54,3,5,3,5,0,8,0,2,3,7,9,4,6,10,16,7,12,0.05555555555555555,0.12962962962962962
barenco_tof_3,52_5,4,133,56,5,3,5,3,0,8,0,2,3,9,7,4,10,6,16,9,14,0.08928571428571429,0.16071428571428573
barenco_tof_3,52_5,5,4358,54,2,2,2,2,0,4,0,3,3,8,8,6,7,7,14,8,15,0.037037037037037035,0.14814814814814814
barenco_tof_3,52_5,6,36,54,2,4,2,4,0,6,0,2,3,5,7,3,4,8,12,5,9,0.037037037037037035,0.09259259259259259
barenco_tof_3,52_5,7,37,56,4,2,4,2,0,6,0,2,3,7,5,3,8,4,12,7,11,0.07142857142857142,0.125
barenco_tof_3,52_5,8,132,54,3,5,3,5,0,8,0,2,3,6,8,3,6,10,16,6,12,0.05555555555555555,0.1111111111111111
barenco_tof_3,52_5,9,133,56,5,3,5,3,0,8,0,2,3,8,6,3,10,6,16,8,14,0.08928571428571429,0.14285714285714285
barenco_tof_3,52_5,10,3566,54,3,4,3,4,0,7,0,3,3,8,9,5,8,10,18,8,14,0.05555555555555555,0.14814814814814814
barenco_tof_3,52_5,11,1533,55,4,4,4,4,0,8,0,3,3,10,10,6,10,10,20,10,16,0.07272727272727272,0.18181818181818182
barenco_tof_3,52_5,12,4382,55,2,2,2,2,0,4,0,3,3,7,7,5,7,7,14,7,14,0.03636363636363636,0.12727272727272726
barenco_tof_3,52_5,13,2910,55,5,4,5,4,0,9,0,3,3,11,10,6,12,10,22,11,17,0.09090909090909091,0.2
barenco_tof_3,52_5,14,132,54,3,5,3,5,0,8,0,2,3,7,9,4,6,10,16,7,13,0.05555555555555555,0.12962962962962962
barenco_tof_3,52_5,15,133,56,5,3,5,3,0,8,0,2,3,9,7,4,10,6,16,9,15,0.08928571428571429,0.16071428571428573
barenco_tof_3,52_5,16,3566,54,3,4,3,4,0,7,0,3,3,9,10,6,8,10,18,9,15,0.05555555555555555,0.16666666666666666
barenco_tof_3,52_5,17,953,55,4,3,4,3,0,7,0,3,3,10,9,6,10,8,18,10,16,0.07272727272727272,0.18181818181818182
barenco_tof_3,52_5,18,1482,54,3,4,3,4,0,7,0,3,3,9,10,6,8,10,18,9,16,0.05555555555555555,0.16666666666666666
barenco_tof_3,52_5,19,20,55,2,4,2,4,0,6,0,2,3,6,8,4,5,7,12,6,14,0.03636363636363636,0.10909090909090909
barenco_tof_3,52_5,20,21,57,4,2,4,2,0,6,0,2,3,8,6,4,7,5,12,8,16,0.07017543859649122,0.14035087719298245
barenco_tof_3,52_5,21,4431,55,3,4,3,4,0,7,0,3,3,8,9,5,8,10,18,8,15,0.05454545454545454,0.14545454545454545
barenco_tof_3,52_5,22,4694,56,2,0,2,0,0,2,0,2,3,6,4,4,6,2,8,6,12,0.03571428571428571,0.10714285714285714
barenco_tof_3,52_5,23,44,54,2,2,2,2,0,4,0,2,3,6,6,4,5,5,10,6,12,0.037037037037037035,0.1111111111111111
barenco_tof_3,52_5,24,815,54,3,2,3,2,0,5,0,3,3,9,8,6,9,7,16,9,15,0.05555555555555555,0.16666666666666666
barenco_tof_3,52_5,25,36,53,2,4,2,4,0,6,0,2,3,5,7,3,4,8,12,5,9,0.03773584905660377,0.09433962264150944
barenco_tof_3,52_5,26,37,55,4,2,4,2,0,6,0,2,3,7,5,3,8,4,12,7,11,0.07272727272727272,0.12727272727272726
barenco_tof_3,52_5,27,940,53,3,4,3,4,0,7,0,3,3,8,9,5,8,10,18,8,14,0.05660377358490566,0.1509433962264151
barenco_tof_3,52_5,28,4431,54,3,4,3,4,0,7,0,3,3,8,9,5,8,10,18,8,14,0.05555555555555555,0.14814814814814814
barenco_tof_3,52_5,29,4682,55,2,0,2,0,0,2,0,2,3,5,3,3,6,2,8,5,10,0.03636363636363636,0.09090909090909091
barenco_tof_3,52_5,30,36,53,2,4,2,4,0,6,0,2,3,6,8,4,5,9,14,6,11,0.03773584905660377,0.11320754716981132
barenco_tof_3,52_5,31,821,55,3,2,3,2,0,5,0,3,3,8,7,5,9,7,16,8,14,0.05454545454545454,0.14545454545454545
barenco_tof_3,52_5,32,4373,54,2,2,2,2,0,4,0,3,3,7,7,5,7,7,14,7,13,0.037037037037037035,0.12962962962962962
barenco_tof_3,52_5,33,44,54,2,2,2,2,0,4,0,2,2,5,5,3,5,5,10,5,9,0.037037037037037035,0.09259259259259259
barenco_tof_3,52_5,34,133,54,5,3,5,3,0,8,0,2,3,9,7,4,10,6,16,9,17,0.09259259259259259,0.16666666666666666
barenco_tof_3,53_1,0,45,54,2,2,2,2,0,4,0,2,3,6,6,4,5,5,10,6,12,0.037037037037037035,0.1111111111111111
barenco_tof_3,53_1,1,132,54,3,5,3,5,0,8,0,2,3,6,8,3,5,9,14,6,11,0.05555555555555555,0.1111111111111111
barenco_tof_3,53_1,2,133,56,5,3,5,3,0,8,0,2,3,8,6,3,9,5,14,8,13,0.08928571428571429,0.14285714285714285
barenco_tof_3,53_1,3,4409,54,2,2,2,2,0,4,0,3,3,7,7,5,6,6,12,7,12,0.037037037037037035,0.12962962962962962
barenco_tof_3,53_1,4,3423,54,2,3,2,3,0,5,0,3,3,7,8,5,6,8,14,7,12,0.037037037037037035,0.12962962962962962
barenco_tof_3,53_1,5,38,55,2,2,2,2,0,4,0,2,3,6,6,4,5,5,10,6,11,0.03636363636363636,0.10909090909090909
barenco_tof_3,53_1,6,3320,55,2,1,2,0,0,2,0,1,3,4,2,2,3,1,4,4,10,0.03636363636363636,0.07272727272727272
barenco_tof_3,53_4,0,36,54,2,4,2,4,0,6,0,2,3,5,7,3,5,9,14,5,11,0.037037037037037035,0.09259259259259259
barenco_tof_3,53_4,1,120,56,3,3,3,3,0,6,0,2,3,6,6,3,7,7,14,6,11,0.05357142857142857,0.10714285714285714
barenco_tof_3,53_4,2,121,56,3,3,3,3,0,6,0,2,3,6,6,3,7,7,14,6,11,0.05357142857142857,0.10714285714285714
barenco_tof_3,53_4,3,121,56,3,3,3,3,0,6,0,2,3,6,6,3,7,7,14,6,11,0.05357142857142857,0.10714285714285714
barenco_tof_3,53_4,4,121,56,3,3,3,3,0,6,0,2,3,6,6,3,7,7,14,6,11,0.05357142857142857,0.10714285714285714
barenco_tof_3,53_4,5,4670,56,2,0,2,0,0,2,0,2,3,5,3,3,6,2,8,5,12,0.03571428571428571,0.08928571428571429
barenco_tof_3,53_4,6,4407,54,2,3,2,3,0,5,0,3,3,8,9,6,7,9,16,8,14,0.037037037037037035,0.14814814814814814
barenco_tof_3,53_4,7,4365,55,3,2,3,2,0,5,0,3,3,9,8,6,9,7,16,9,15,0.05454545454545454,0.16363636363636364
barenco_tof_3,53_4,8,45,54,2,2,2,2,0,4,0,2,3,6,6,4,5,5,10,6,12,0.037037037037037035,0.1111111111111111
barenco_tof_3,53_4,9,38,54,2,2,2,2,0,4,0,2,3,6,6,4,5,5,10,6,13,0.037037037037037035,0.1111111111111111
barenco_tof_3,53_4,10,132,54,3,5,3,5,0,8,0,2,3,6,8,3,5,9,14,6,11,0.05555555555555555,0.1111111111111111
barenco_tof_3,53_4,11,133,56,5,3,5,3,0,8,0,2,3,8,6,3,9,5,14,8,13,0.08928571428571429,0.14285714285714285
barenco_tof_3,53_4,12,36,54,2,4,2,4,0,6,0,2,3,6,8,4,5,9,14,6,11,0.037037037037037035,0.1111111111111111
barenco_tof_3,53_4,13,4385,56,2,2,2,2,0,4,0,3,3,6,6,4,6,6,12,6,12,0.03571428571428571,0.10714285714285714
barenco_tof_3,53_4,14,1551,56,4,4,4,4,0,8,0,3,3,8,8,4,9,9,18,8,12,0.07142857142857142,0.14285714285714285
barenco_tof_3,53_4,15,4694,56,2,0,2,0,0,2,0,2,3,5,3,3,6,2,8,5,10,0.03571428571428571,0.08928571428571429
barenco_tof_3,53_4,16,40,54,2,4,2,4,0,6,0,2,3,5,7,3,4,8,12,5,9,0.037037037037037035,0.09259259259259259
barenco_tof_3,53_4,17,43,56,4,2,4,2,0,6,0,2,3,7,5,3,8,4,12,7,11,0.07142857142857142,0.125
barenco_tof_3,53_4,18,940,54,3,4,3,4,0,7,0,3,3,7,8,4,7,9,16,7,12,0.05555555555555555,0.12962962962962962
barenco_tof_3,53_4,19,1483,55,4,3,4,3,0,7,0,3,3,8,7,4,9,7,16,8,13,0.07272727272727272,0.14545454545454545
barenco_tof_3,53_4,20,1578,54,4,5,4,5,0,9,0,3,3,9,10,5,9,11,20,9,15,0.07407407407407407,0.16666666666666666
barenco_tof_3,53_4,21,38,55,2,2,2,2,0,4,0,2,3,6,6,4,5,5,10,6,11,0.03636363636363636,0.10909090909090909
barenco_tof_3,53_4,22,3322,55,2,1,2,0,0,2,0,1,3,4,2,2,3,1,4,4,9,0.03636363636363636,0.07272727272727272
barenco_tof_3,53_5,0,339,54,4,4,4,4,0,8,0,2,3,8,8,4,8,8,16,8,17,0.07407407407407407,0.14814814814814814
barenco_tof_3,53_5,1,36,54,2,4,2,4,0,6,0,2,3,5,7,3,4,8,12,5,9,0.037037037037037035,0.09259259259259259
barenco_tof_3,53_5,2,37,56,4,2,4,2,0,6,0,2,3,7,5,3,8,4,12,7,11,0.07142857142857142,0.125
barenco_tof_3,53_5,3,132,54,3,5,3,5,0,8,0,2,3,7,9,4,6,10,16,7,12,0.05555555555555555,0.12962962962962962
barenco_tof_3,53_5,4,133,56,5,3,5,3,0,8,0,2,3,9,7,4,10,6,16,9,14,0.08928571428571429,0.16071428571428573
barenco_tof_3,53_5,5,4358,54,2,2,2,2,0,4,0,3,3,8,8,6,7,7,14,8,15,0.037037037037037035,0.14814814814814814
barenco_tof_3,53_5,6,36,54,2,4,2,4,0,6,0,2,3,5,7,3,4,8,12,5,9,0.037037037037037035,0.09259259259259259
barenco_tof_3,53_5,7,37,56,4,2,4,2,0,6,0,2,3,7,5,3,8,4,12,7,11,0.07142857142857142,0.125
barenco_tof_3,53_5,8,132,54,3,5,3,5,0,8,0,2,3,6,8,3,6,10,16,6,12,0.05555555555555555,0.1111111111111111
barenco_tof_3,53_5,9,133,56,5,3,5,3,0,8,0,2,3,8,6,3,10,6,16,8,14,0.08928571428571429,0.14285714285714285
barenco_tof_3,53_5,10,3566,54,3,4,3,4,0,7,0,3,3,8,9,5,8,10,18,8,14,0.05555555555555555,0.14814814814814814
barenco_tof_3,53_5,11,1533,55,4,4,4,4,0,8,0,3,3,10,10,6,10,10,20,10,16,0.07272727272727272,0.18181818181818182
barenco_tof_3,53_5,12,4382,55,2,2,2,2,0,4,0,3,3,7,7,5,7,7,14,7,14,0.03636363636363636,0.12727272727272726
barenco_tof_3,53_5,13,2910,55,5,4,5,4,0,9,0,3,3,11,10,6,12,10,22,11,17,0.09090909090909091,0.2
barenco_tof_3,53_5,14,132,54,3,5,3,5,0,8,0,2,3,7,9,4,6,10,16,7,13,0.05555555555555555,0.12962962962962962
barenco_tof_3,53_5,15,133,56,5,3,5,3,0,8,0,2,3,9,7,4,10,6,16,9,15,0.08928571428571429,0.16071428571428573
barenco_tof_3,53_5,16,3566,54,3,4,3,4,0,7,0,3,3,9,10,6,8,10,18,9,15,0.05555555555555555,0.16666666666666666
barenco_tof_3,53_5,17,953,55,4,3,4,3,0,7,0,3,3,10,9,6,10,8,18,10,16,0.07272727272727272,0.18181818181818182
barenco_tof_3,53_5,18,1482,54,3,4,3,4,0,7,0,3,3,9,10,6,8,10,18,9,16,0.05555555555555555,0.16666666666666666
barenco_tof_3,53_5,19,20,55,2,4,2,4,0,6,0,2,3,6,8,4,5,7,12,6,14,0.03636363636363636,0.10909090909090909
barenco_tof_3,53_5,20,21,57,4,2,4,2,0,6,0,2,3,8,6,4,7,5,12,8,16,0.07017543859649122,0.14035087719298245
barenco_tof_3,53_5,21,4431,55,3,4,3,4,0,7,0,3,3,8,9,5,8,10,18,8,15,0.05454545454545454,0.14545454545454545
barenco_tof_3,53_5,22,4694,56,2,0,2,0,0,2,0,2,3,6,4,4,6,2,8,6,12,0.03571428571428571,0.10714285714285714
barenco_tof_3,53_5,23,44,54,2,2,2,2,0,4,0,2,3,6,6,4,5,5,10,6,12,0.037037037037037035,0.1111111111111111
barenco_tof_3,53_5,24,815,54,3,2,3,2,0,5,0,3,3,9,8,6,9,7,16,9,15,0.05555555555555555,0.16666666666666666
barenco_tof_3,54_2,0,818,56,2,3,2,3,0,5,0,3,3,8,9,6,7,9,16,8,14,0.03571428571428571,0.14285714285714285
barenco_tof_3,54_2,1,3300,57,5,5,5,5,0,10,0,3,3,10,10,5,11,11,22,10,13,0.08771929824561403,0.17543859649122806
barenco_tof_3,54_2,2,44,57,2,2,2,2,0,4,0,2,3,6,6,4,5,5,10,6,14,0.03508771929824561,0.10526315789473684
barenco_tof_3,54_2,3,1512,57,4,5,4,5,0,9,0,3,3,10,11,6,10,12,22,10,17,0.07017543859649122,0.17543859649122806
barenco_tof_3,54_2,4,121,58,3,3,3,3,0,6,0,2,3,7,7,4,7,7,14,7,14,0.05172413793103448,0.1206896551724138
barenco_tof_3,54_2,5,132,58,3,5,3,5,0,8,0,2,3,7,9,4,6,10,16,7,12,0.05172413793103448,0.1206896551724138
barenco_tof_3,54_2,6,133,60,5,3,5,3,0,8,0,2,3,9,7,4,10,6,16,9,14,0.08333333333333333,0.15
barenco_tof_3,54_2,7,132,58,3,5,3,5,0,8,0,2,3,6,8,3,5,9,14,6,10,0.05172413793103448,0.10344827586206896
barenco_tof_3,54_2,8,133,60,5,3,5,3,0,8,0,2,3,8,6,3,9,5,14,8,12,0.08333333333333333,0.13333333333333333
barenco_tof_3,54_2,9,340,58,4,4,4,4,0,8,0,2,3,7,7,3,8,8,16,7,14,0.06896551724137931,0.1206896551724138
barenco_tof_3,54_2,10,41,58,4,2,4,2,0,6,0,2,3,8,6,4,9,5,14,8,16,0.06896551724137931,0.13793103448275862
barenco_tof_3,54_2,11,3289,56,5,5,5,5,0,10,0,3,3,10,10,5,11,11,22,10,17,0.08928571428571429,0.17857142857142858
barenco_tof_3,54_2,12,4373,56,2,2,2,2,0,4,0,3,3,8,8,6,7,7,14,8,15,0.03571428571428571,0.14285714285714285
barenco_tof_3,54_2,13,3300,56,5,5,5,5,0,10,0,3,3,10,10,5,11,11,22,10,16,0.08928571428571429,0.17857142857142858
barenco_tof_3,54_2,14,4664,56,2,0,2,0,0,2,0,2,3,6,4,4,6,2,8,6,10,0.03571428571428571,0.10714285714285714
barenco_tof_3,54_3,0,3566,56,3,4,3,4,0,7,0,3,3,8,9,5,8,10,18,8,15,0.05357142857142857,0.14285714285714285
barenco_tof_3,54_3,1,1591,57,4,4,4,4,0,8,0,3,3,10,10,6,10,10,20,10,15,0.07017543859649122,0.17543859649122806
barenco_tof_3,54_3,2,1514,57,4,4,4,4,0,8,0,3,3,10,10,6,10,10,20,10,15,0.07017543859649122,0.17543859649122806
barenco_tof_3,54_3,3,945,57,4,3,4,3,0,7,0,3,3,9,8,5,10,8,18,9,16,0.07017543859649122,0.15789473684210525
barenco_tof_3,54_3,4,132,56,3,5,3,5,0,8,0,2,3,7,9,4,6,10,16,7,14,0.05357142857142857,0.125
barenco_tof_3,54_3,5,133,58,5,3,5,3,0,8,0,2,3,9,7,4,10,6,16,9,16,0.08620689655172414,0.15517241379310345
barenco_tof_3,54_3,6,940,56,3,4,3,4,0,7,0,3,3,8,9,5,8,10,18,8,15,0.05357142857142857,0.14285714285714285
barenco_tof_3,54_3,7,3568,57,4,3,4,3,0,7,0,3,3,9,8,5,10,8,18,9,16,0.07017543859649122,0.15789473684210525
barenco_tof_3,54_3,8,36,56,2,4,2,4,0,6,0,2,3,5,7,3,4,8,12,5,9,0.03571428571428571,0.08928571428571429
barenco_tof_3,54_3,9,37,58,4,2,4,2,0,6,0,2,3,7,5,3,8,4,12,7,11,0.06896551724137931,0.1206896551724138
barenco_tof_3,54_3,10,328,56,4,4,4,4,0,8,0,2,3,8,8,4,8,8,16,8,15,0.07142857142857142,0.14285714285714285
barenco_tof_3,54_3,11,132,56,3,5,3,5,0,8,0,2,3,7,9,4,6,10,16,7,14,0.05357142857142857,0.125
barenco_tof_3,54_3,12,133,58,5,3,5,3,0,8,0,2,3,9,7,4,10,6,16,9,16,0.08620689655172414,0.15517241379310345
barenco_tof_3,54_3,13,36,56,2,4,2,4,0,6,0,2,3,6,8,4,5,9,14,6,12,0.03571428571428571,0.10714285714285714
barenco_tof_3,54_3,14,37,58,4,2,4,2,0,6,0,2,3,8,6,4,9,5,14,8,14,0.06896551724137931,0.13793103448275862
barenco_tof_3,54_3,15,1482,56,3,4,3,4,0,7,0,3,3,9,10,6,8,10,18,9,18,0.05357142857142857,0.16071428571428573
barenco_tof_3,54_3,16,3568,57,4,3,4,3,0,7,0,3,3,10,9,6,10,8,18,10,19,0.07017543859649122,0.17543859649122806
barenco_tof_3,54_3,17,4397,56,2,2,2,2,0,4,0,3,3,8,8,6,7,7,14,8,14,0.03571428571428571,0.14285714285714285
barenco_tof_3,54_3,18,3566,56,3,4,3,4,0,7,0,3,3,9,10,6,8,10,18,9,15,0.05357142857142857,0.16071428571428573
barenco_tof_3,54_3,19,3568,57,4,3,4,3,0,7,0,3,3,10,9,6,10,8,18,10,16,0.07017543859649122,0.17543859649122806
barenco_tof_3,54_3,20,45,56,2,2,2,2,0,4,0,2,2,5,5,3,4,4,8,5,8,0.03571428571428571,0.08928571428571429
barenco_tof_3,54_3,21,4411,56,2,3,2,3,0,5,0,3,3,8,9,6,7,9,16,8,13,0.03571428571428571,0.14285714285714285
barenco_tof_3,54_3,22,44,57,2,2,2,2,0,4,0,2,3,6,6,4,5,5,10,6,14,0.03508771929824561,0.10526315789473684
barenco_tof_3,54_3,23,3322,57,2,1,2,0,0,2,0,1,3,4,2,2,3,1,4,4,9,0.03508771929824561,0.07017543859649122
barenco_tof_3,54_3,24,4367,55,3,2,3,2,0,5,0,3,3,9,8,6,9,7,16,9,15,0.05454545454545454,0.16363636363636364
barenco_tof_3,54_5,0,45,56,2,2,2,2,0,4,0,2,3,6,6,4,5,5,10,6,13,0.03571428571428571,0.10714285714285714
barenco_tof_3,54_5,1,42,56,2,4,2,4,0,6,0,2,2,5,7,3,4,8,12,5,8,0.03571428571428571,0.08928571428571429
barenco_tof_3,54_5,2,43,58,4,2,4,2,0,6,0,2,2,7,5,3,8,4,12,7,10,0.06896551724137931,0.1206896551724138
barenco_tof_3,54_5,3,42,56,2,4,2,4,0,6,0,2,3,6,8,4,5,9,14,6,12,0.03571428571428571,0.10714285714285714
barenco_tof_3,54_5,4,43,58,4,2,4,2,0,6,0,2,3,8,6,4,9,5,14,8,14,0.06896551724137931,0.13793103448275862
barenco_tof_3,54_5,5,328,56,4,4,4,4,0,8,0,2,3,8,8,4,8,8,16,8,15,0.07142857142857142,0.14285714285714285
barenco_tof_3,54_5,6,42,56,2,4,2,4,0,6,0,2,2,5,7,3,4,8,12,5,8,0.03571428571428571,0.08928571428571429
barenco_tof_3,54_5,7,41,58,4,2,4,2,0,6,0,2,2,7,5,3,8,4,12,7,10,0.06896551724137931,0.1206896551724138
barenco_tof_3,54_5,8,42,56,2,4,2,4,0,6,0,2,2,5,7,3,4,8,12,5,8,0.03571428571428571,0.08928571428571429
barenco_tof_3,54_5,9,41,58,4,2,4,2,0,6,0,2,2,7,5,3,8,4,12,7,10,0.06896551724137931,0.1206896551724138
barenco_tof_3,54_5,10,42,56,2,4,2,4,0,6,0,2,2,5,7,3,4,8,12,5,8,0.03571428571428571,0.08928571428571429
barenco_tof_3,54_5,11,41,58,4,2,4,2,0,6,0,2,2,7,5,3,8,4,12,7,10,0.06896551724137931,0.1206896551724138
barenco_tof_3,54_5,12,42,56,2,4,2,4,0,6,0,2,2,5,7,3,4,8,12,5,8,0.03571428571428571,0.08928571428571429
barenco_tof_3,54_5,13,41,58,4,2,4,2,0,6,0,2,2,7,5,3,8,4,12,7,10,0.06896551724137931,0.1206896551724138
barenco_tof_3,54_5,14,42,56,2,4,2,4,0,6,0,2,2,5,7,3,4,8,12,5,8,0.03571428571428571,0.08928571428571429
barenco_tof_3,54_5,15,41,58,4,2,4,2,0,6,0,2,2,7,5,3,8,4,12,7,10,0.06896551724137931,0.1206896551724138
barenco_tof_3,54_5,16,132,56,3,5,3,5,0,8,0,2,3,6,8,3,5,9,14,6,10,0.05357142857142857,0.10714285714285714
barenco_tof_3,54_5,17,133,58,5,3,5,3,0,8,0,2,3,8,6,3,9,5,14,8,12,0.08620689655172414,0.13793103448275862
barenco_tof_3,54_5,18,132,56,3,5,3,5,0,8,0,2,3,6,8,3,5,9,14,6,10,0.05357142857142857,0.10714285714285714
barenco_tof_3,54_5,19,133,58,5,3,5,3,0,8,0,2,3,8,6,3,9,5,14,8,12,0.08620689655172414,0.13793103448275862
barenco_tof_3,54_5,20,42,56,2,4,2,4,0,6,0,2,2,5,7,3,4,8,12,5,8,0.03571428571428571,0.08928571428571429
barenco_tof_3,54_5,21,41,58,4,2,4,2,0,6,0,2,2,7,5,3,8,4,12,7,10,0.06896551724137931,0.1206896551724138
barenco_tof_3,54_5,22,42,56,2,4,2,4,0,6,0,2,2,5,7,3,4,8,12,5,8,0.03571428571428571,0.08928571428571429
barenco_tof_3,54_5,23,41,58,4,2,4,2,0,6,0,2,2,7,5,3,8,4,12,7,10,0.06896551724137931,0.1206896551724138
barenco_tof_3,54_5,24,42,56,2,4,2,4,0,6,0,2,2,5,7,3,4,8,12,5,8,0.03571428571428571,0.08928571428571429
barenco_tof_3,54_5,25,41,58,4,2,4,2,0,6,0,2,2,7,5,3,8,4,12,7,10,0.06896551724137931,0.1206896551724138
barenco_tof_3,54_5,26,38,56,2,2,2,2,0,4,0,2,3,6,6,4,5,5,10,6,12,0.03571428571428571,0.10714285714285714
barenco_tof_3,54_5,27,3322,56,2,1,2,0,0,2,0,1,2,4,2,2,3,1,4,4,10,0.03571428571428571,0.07142857142857142
barenco_tof_3,55_0,0,132,56,3,5,3,5,0,8,0,2,3,7,9,4,6,10,16,7,16,0.05357142857142857,0.125
barenco_tof_3,55_0,1,133,58,5,3,5,3,0,8,0,2,3,9,7,4,10,6,16,9,18,0.08620689655172414,0.15517241379310345
barenco_tof_3,55_0,2,132,56,3,5,3,5,0,8,0,2,3,7,9,4,6,10,16,7,16,0.05357142857142857,0.125
barenco_tof_3,55_0,3,133,58,5,3,5,3,0,8,0,2,3,9,7,4,10,6,16,9,18,0.08620689655172414,0.15517241379310345
barenco_tof_3,55_0,4,36,56,2,4,2,4,0,6,0,2,3,6,8,4,5,9,14,6,12,0.03571428571428571,0.10714285714285714
barenco_tof_3,55_0,5,37,58,4,2,4,2,0,6,0,2,3,8,6,4,9,5,14,8,14,0.06896551724137931,0.13793103448275862
barenco_tof_3,55_0,6,132,56,3,5,3,5,0,8,0,2,3,7,9,4,6,10,16,7,13,0.05357142857142857,0.125
barenco_tof_3,55_0,7,133,58,5,3,5,3,0,8,0,2,3,9,7,4,10,6,16,9,15,0.08620689655172414,0.15517241379310345
barenco_tof_3,55_0,8,44,56,2,2,2,2,0,4,0,2,3,6,6,4,5,5,10,6,12,0.03571428571428571,0.10714285714285714
barenco_tof_3,55_0,9,36,56,2,4,2,4,0,6,0,2,2,5,7,3,5,9,14,5,9,0.03571428571428571,0.08928571428571429
barenco_tof_3,55_0,10,4676,58,2,0,2,0,0,2,0,2,3,5,3,3,6,2,8,5,12,0.034482758620689655,0.08620689655172414
barenco_tof_3,55_0,11,44,56,2,2,2,2,0,4,0,2,3,6,6,4,5,5,10,6,14,0.03571428571428571,0.10714285714285714
barenco_tof_3,55_0,12,132,56,3,5,3,5,0,8,0,2,3,6,8,3,5,9,14,6,10,0.05357142857142857,0.10714285714285714
barenco_tof_3,55_0,13,133,58,5,3,5,3,0,8,0,2,3,8,6,3,9,5,14,8,12,0.08620689655172414,0.13793103448275862
barenco_tof_3,55_0,14,38,56,2,2,2,2,0,4,0,2,3,6,6,4,5,5,10,6,13,0.03571428571428571,0.10714285714285714
barenco_tof_3,55_0,15,132,56,3,5,3,5,0,8,0,2,3,6,8,3,5,9,14,6,10,0.05357142857142857,0.10714285714285714
barenco_tof_3,55_0,16,133,58,5,3,5,3,0,8,0,2,3,8,6,3,9,5,14,8,12,0.08620689655172414,0.13793103448275862
barenco_tof_3,55_0,17,44,56,2,2,2,2,0,4,0,2,3,6,6,4,5,5,10,6,13,0.03571428571428571,0.10714285714285714
barenco_tof_3,55_0,18,45,56,2,2,2,2,0,4,0,2,3,6,6,4,5,5,10,6,12,0.03571428571428571,0.10714285714285714
barenco_tof_3,55_0,19,3316,56,5,5,5,5,0,10,0,3,3,11,11,6,11,11,22,11,16,0.08928571428571429,0.19642857142857142
barenco_tof_3,55_0,20,132,56,3,5,3,5,0,8,0,2,3,6,8,3,5,9,14,6,10,0.05357142857142857,0.10714285714285714
barenco_tof_3,55_0,21,133,58,5,3,5,3,0,8,0,2,3,8,6,3,9,5,14,8,12,0.08620689655172414,0.13793103448275862
barenco_tof_3,55_0,22,44,56,2,2,2,2,0,4,0,2,3,6,6,4,5,5,10,6,11,0.03571428571428571,0.10714285714285714
barenco_tof_3,55_0,23,4362,56,2,3,2,3,0,5,0,3,3,8,9,6,7,9,16,8,14,0.03571428571428571,0.14285714285714285
barenco_tof_3,55_0,24,4403,57,3,2,3,2,0,5,0,3,3,9,8,6,9,7,16,9,15,0.05263157894736842,0.15789473684210525
barenco_tof_3,55_0,25,940,56,3,4,3,4,0,7,0,3,3,8,9,5,8,10,18,8,14,0.05357142857142857,0.14285714285714285
barenco_tof_3,55_0,26,44,57,2,2,2,2,0,4,0,2,3,6,6,4,5,5,10,6,10,0.03508771929824561,0.10526315789473684
barenco_tof_3,55_0,27,3322,57,2,1,2,0,0,2,0,1,2,3,1,1,2,0,2,3,6,0.03508771929824561,0.05263157894736842
barenco_tof_3,55_3,0,3566,56,3,4,3,4,0,7,0,3,3,8,9,5,8,10,18,8,15,0.05357142857142857,0.14285714285714285
barenco_tof_3,55_3,1,1591,57,4,4,4,4,0,8,0,3,3,10,10,6,10,10,20,10,15,0.07017543859649122,0.17543859649122806
barenco_tof_3,55_3,2,1514,57,4,4,4,4,0,8,0,3,3,10,10,6,10,10,20,10,15,0.07017543859649122,0.17543859649122806
barenco_tof_3,55_3,3,945,57,4,3,4,3,0,7,0,3,3,9,8,5,10,8,18,9,16,0.07017543859649122,0.15789473684210525
barenco_tof_3,55_3,4,132,56,3,5,3,5,0,8,0,2,3,7,9,4,6,10,16,7,14,0.05357142857142857,0.125
barenco_tof_3,55_3,5,133,58,5,3,5,3,0,8,0,2,3,9,7,4,10,6,16,9,16,0.08620689655172414,0.15517241379310345
barenco_tof_3,55_3,6,940,56,3,4,3,4,0,7,0,3,3,8,9,5,8,10,18,8,15,0.05357142857142857,0.14285714285714285
barenco_tof_3,55_3,7,3568,57,4,3,4,3,0,7,0,3,3,9,8,5,10,8,18,9,16,0.07017543859649122,0.15789473684210525
barenco_tof_3,55_3,8,36,56,2,4,2,4,0,6,0,2,3,5,7,3,4,8,12,5,9,0.03571428571428571,0.08928571428571429
barenco_tof_3,55_3,9,37,58,4,2,4,2,0,6,0,2,3,7,5,3,8,4,12,7,11,0.06896551724137931,0.1206896551724138
barenco_tof_3,55_3,10,328,56,4,4,4,4,0,8,0,2,3,8,8,4,8,8,16,8,15,0.07142857142857142,0.14285714285714285
barenco_tof_3,55_3,11,132,56,3,5,3,5,0,8,0,2,3,7,9,4,6,10,16,7,14,0.05357142857142857,0.125
barenco_tof_3,55_3,12,133,58,5,3,5,3,0,8,0,2,3,9,7,4,10,6,16,9,16,0.08620689655172414,0.15517241379310345
barenco_tof_3,55_3,13,36,56,2,4,2,4,0,6,0,2,3,6,8,4,5,9,14,6,12,0.03571428571428571,0.10714285714285714
barenco_tof_3,55_3,14,37,58,4,2,4,2,0,6,0,2,3,8,6,4,9,5,14,8,14,0.06896551724137931,0.13793103448275862
barenco_tof_3,55_3,15,1482,56,3,4,3,4,0,7,0,3,3,9,10,6,8,10,18,9,18,0.05357142857142857,0.16071428571428573
barenco_tof_3,55_3,16,3568,57,4,3,4,3,0,7,0,3,3,10,9,6,10,8,18,10,19,0.07017543859649122,0.17543859649122806
barenco_tof_3,55_3,17,4397,56,2,2,2,2,0,4,0,3,3,8,8,6,7,7,14,8,14,0.03571428571428571,0.14285714285714285
barenco_tof_3,55_3,18,3566,56,3,4,3,4,0,7,0,3,3,9,10,6,8,10,18,9,15,0.05357142857142857,0.16071428571428573
barenco_tof_3,55_3,19,3568,57,4,3,4,3,0,7,0,3,3,10,9,6,10,8,18,10,16,0.07017543859649122,0.17543859649122806
barenco_tof_3,55_3,20,45,56,2,2,2,2,0,4,0,2,2,5,5,3,4,4,8,5,8,0.03571428571428571,0.08928571428571429
barenco_tof_3,55_3,21,4411,56,2,3,2,3,0,5,0,3,3,8,9,6,7,9,16,8,13,0.03571428571428571,0.14285714285714285
barenco_tof_3,55_3,22,44,57,2,2,2,2,0,4,0,2,3,6,6,4,5,5,10,6,14,0.03508771929824561,0.10526315789473684
barenco_tof_3,55_3,23,3322,57,2,1,2,0,0,2,0,1,3,4,2,2,3,1,4,4,9,0.03508771929824561,0.07017543859649122
barenco_tof_3,56_4,0,44,58,2,2,2,2,0,4,0,2,3,6,6,4,5,5,10,6,12,0.034482758620689655,0.10344827586206896
barenco_tof_3,56_4,1,3322,58,2,1,2,0,0,2,0,1,2,4,2,2,3,1,4,4,10,0.034482758620689655,0.06896551724137931
gf2^6_mult,370_2,0,120,371,3,3,3,3,0,6,0,2,6,7,7,4,7,7,14,7,18,0.008086253369272238,0.018867924528301886
gf2^6_mult,370_2,1,120,371,3,3,3,3,0,6,0,2,6,7,7,4,7,7,14,7,18,0.008086253369272238,0.018867924528301886
gf2^6_mult,370_2,2,822,371,2,3,2,3,0,5,0,3,6,8,9,6,7,9,16,8,21,0.005390835579514825,0.0215633423180593
gf2^6_mult,370_2,3,823,372,3,2,3,2,0,5,0,3,6,9,8,6,9,7,16,9,22,0.008064516129032258,0.024193548387096774
gf2^6_mult,370_2,4,4394,371,2,2,2,2,0,4,0,3,5,8,8,6,7,7,14,8,17,0.005390835579514825,0.0215633423180593
gf2^6_mult,370_2,5,4397,371,2,2,2,2,0,4,0,3,5,8,8,6,7,7,14,8,17,0.005390835579514825,0.0215633423180593
gf2^6_mult,370_2,6,4394,371,2,2,2,2,0,4,0,3,5,8,8,6,7,7,14,8,17,0.005390835579514825,0.0215633423180593
gf2^6_mult,370_2,7,4394,371,2,2,2,2,0,4,0,3,6,8,8,6,7,7,14,8,18,0.005390835579514825,0.0215633423180593
gf2^6_mult,370_2,8,120,371,3,3,3,3,0,6,0,2,5,7,7,4,7,7,14,7,17,0.008086253369272238,0.018867924528301886
gf2^6_mult,370_2,9,4382,371,2,2,2,2,0,4,0,3,5,8,8,6,7,7,14,8,18,0.005390835579514825,0.0215633423180593
gf2^6_mult,370_2,10,120,371,3,3,3,3,0,6,0,2,6,7,7,4,7,7,14,7,18,0.008086253369272238,0.018867924528301886
gf2^6_mult,370_2,11,120,371,3,3,3,3,0,6,0,2,5,7,7,4,7,7,14,7,17,0.008086253369272238,0.018867924528301886
gf2^6_mult,370_2,12,4382,371,2,2,2,2,0,4,0,3,5,8,8,6,7,7,14,8,18,0.005390835579514825,0.0215633423180593
gf2^6_mult,370_2,13,4397,371,2,2,2,2,0,4,0,3,5,8,8,6,7,7,14,8,17,0.005390835579514825,0.0215633423180593
gf2^6_mult,370_2,14,4385,371,2,2,2,2,0,4,0,3,4,8,8,6,7,7,14,8,22,0.005390835579514825,0.0215633423180593
gf2^6_mult,370_2,15,4370,371,2,2,2,2,0,4,0,3,5,8,8,6,7,7,14,8,19,0.005390835579514825,0.0215633423180593
gf2^6_mult,370_2,16,4382,371,2,2,2,2,0,4,0,3,5,8,8,6,7,7,14,8,19,0.005390835579514825,0.0215633423180593
gf2^6_mult,370_2,17,42,371,2,4,2,4,0,6,0,2,5,6,8,4,5,9,14,6,16,0.005390835579514825,0.016172506738544475
gf2^6_mult,370_2,18,43,373,4,2,4,2,0,6,0,2,5,8,6,4,9,5,14,8,18,0.010723860589812333,0.021447721179624665
gf2^6_mult,370_2,19,4382,371,2,2,2,2,0,4,0,3,6,8,8,6,7,7,14,8,19,0.005390835579514825,0.0215633423180593
gf2^6_mult,370_2,20,4370,371,2,2,2,2,0,4,0,3,5,8,8,6,7,7,14,8,19,0.005390835579514825,0.0215633423180593
gf2^6_mult,370_2,21,4382,371,2,2,2,2,0,4,0,3,5,8,8,6,7,7,14,8,19,0.005390835579514825,0.0215633423180593
gf2^6_mult,370_2,22,4370,371,2,2,2,2,0,4,0,3,5,7,7,5,6,6,12,7,18,0.005390835579514825,0.018867924528301886
gf2^6_mult,370_2,23,808,371,2,3,2,3,0,5,0,3,6,8,9,6,7,9,16,8,22,0.005390835579514825,0.0215633423180593
gf2^6_mult,370_2,24,4409,372,2,2,2,2,0,4,0,3,5,8,8,6,7,7,14,8,18,0.005376344086021506,0.021505376344086023
gf2^6_mult,370_2,25,4346,372,2,2,2,2,0,4,0,3,5,8,8,6,7,7,14,8,20,0.005376344086021506,0.021505376344086023
gf2^6_mult,370_2,26,4409,372,2,2,2,2,0,4,0,3,6,8,8,6,7,7,14,8,19,0.005376344086021506,0.021505376344086023
gf2^6_mult,370_2,27,4394,372,2,2,2,2,0,4,0,3,6,8,8,6,7,7,14,8,18,0.005376344086021506,0.021505376344086023
gf2^6_mult,370_2,28,4394,372,2,2,2,2,0,4,0,3,6,8,8,6,7,7,14,8,18,0.005376344086021506,0.021505376344086023
gf2^6_mult,370_2,29,4409,372,2,2,2,2,0,4,0,3,6,8,8,6,7,7,14,8,18,0.005376344086021506,0.021505376344086023
gf2^6_mult,370_2,30,4394,372,2,2,2,2,0,4,0,3,6,8,8,6,7,7,14,8,18,0.005376344086021506,0.021505376344086023
gf2^6_mult,370_2,31,4409,372,2,2,2,2,0,4,0,3,6,8,8,6,7,7,14,8,19,0.005376344086021506,0.021505376344086023
gf2^6_mult,370_2,32,4394,372,2,2,2,2,0,4,0,3,6,8,8,6,7,7,14,8,22,0.005376344086021506,0.021505376344086023
gf2^6_mult,370_2,33,120,372,3,3,3,3,0,6,0,2,6,7,7,4,7,7,14,7,18,0.008064516129032258,0.01881720430107527
gf2^6_mult,370_2,34,120,372,3,3,3,3,0,6,0,2,6,7,7,4,7,7,14,7,18,0.008064516129032258,0.01881720430107527
gf2^6_mult,370_2,35,120,372,3,3,3,3,0,6,0,2,6,7,7,4,7,7,14,7,18,0.008064516129032258,0.01881720430107527
gf2^6_mult,370_2,36,120,372,3,3,3,3,0,6,0,2,6,7,7,4,7,7,14,7,18,0.008064516129032258,0.01881720430107527
gf2^6_mult,370_2,37,120,372,3,3,3,3,0,6,0,2,6,7,7,4,7,7,14,7,18,0.008064516129032258,0.01881720430107527
gf2^6_mult,370_2,38,120,372,3,3,3,3,0,6,0,2,6,7,7,4,7,7,14,7,18,0.008064516129032258,0.01881720430107527
gf2^6_mult,370_2,39,4394,372,2,2,2,2,0,4,0,3,5,8,8,6,7,7,14,8,17,0.005376344086021506,0.021505376344086023
gf2^6_mult,370_2,40,4394,372,2,2,2,2,0,4,0,3,5,8,8,6,7,7,14,8,17,0.005376344086021506,0.021505376344086023
gf2^6_mult,370_2,41,121,372,3,3,3,3,0,6,0,2,6,7,7,4,7,7,14,7,18,0.008064516129032258,0.01881720430107527
gf2^6_mult,370_2,42,4409,372,2,2,2,2,0,4,0,3,5,8,8,6,7,7,14,8,21,0.005376344086021506,0.021505376344086023
gf2^6_mult,370_2,43,120,372,3,3,3,3,0,6,0,2,6,7,7,4,7,7,14,7,18,0.008064516129032258,0.01881720430107527
gf2^6_mult,370_2,44,120,372,3,3,3,3,0,6,0,2,6,7,7,4,7,7,14,7,18,0.008064516129032258,0.01881720430107527
gf2^6_mult,370_2,45,120,372,3,3,3,3,0,6,0,2,6,7,7,4,7,7,14,7,18,0.008064516129032258,0.01881720430107527
gf2^6_mult,370_2,46,120,372,3,3,3,3,0,6,0,2,6,7,7,4,7,7,14,7,18,0.008064516129032258,0.01881720430107527
gf2^6_mult,370_2,47,120,372,3,3,3,3,0,6,0,2,6,7,7,4,7,7,14,7,18,0.008064516129032258,0.01881720430107527
gf2^6_mult,370_2,48,120,372,3,3,3,3,0,6,0,2,6,7,7,4,7,7,14,7,18,0.008064516129032258,0.01881720430107527
gf2^6_mult,370_2,49,120,372,3,3,3,3,0,6,0,2,6,7,7,4,7,7,14,7,18,0.008064516129032258,0.01881720430107527
gf2^6_mult,370_2,50,120,372,3,3,3,3,0,6,0,2,6,7,7,4,7,7,14,7,18,0.008064516129032258,0.01881720430107527
gf2^6_mult,370_2,51,120,372,3,3,3,3,0,6,0,2,6,7,7,4,7,7,14,7,18,0.008064516129032258,0.01881720430107527
gf2^6_mult,370_2,52,121,372,3,3,3,3,0,6,0,2,6,7,7,4,7,7,14,7,18,0.008064516129032258,0.01881720430107527
gf2^6_mult,370_2,53,4349,372,2,2,2,2,0,4,0,3,6,8,8,6,7,7,14,8,22,0.005376344086021506,0.021505376344086023
gf2^6_mult,370_2,54,120,372,3,3,3,3,0,6,0,2,6,7,7,4,7,7,14,7,18,0.008064516129032258,0.01881720430107527
gf2^6_mult,370_2,55,4346,372,2,2,2,2,0,4,0,3,5,8,8,6,7,7,14,8,18,0.005376344086021506,0.021505376344086023
gf2^6_mult,370_2,56,4394,372,2,2,2,2,0,4,0,3,5,8,8,6,7,7,14,8,17,0.005376344086021506,0.021505376344086023
gf2^6_mult,370_2,57,3554,372,3,4,3,4,0,7,0,3,6,9,10,6,8,10,18,9,20,0.008064516129032258,0.024193548387096774
gf2^6_mult,370_2,58,4382,373,2,2,2,2,0,4,0,3,4,8,8,6,7,7,14,8,16,0.005361930294906166,0.021447721179624665
gf2^6_mult,370_2,59,4382,373,2,2,2,2,0,4,0,3,4,7,7,5,7,7,14,7,15,0.005361930294906166,0.01876675603217158
gf2^6_mult,370_2,60,4382,373,2,2,2,2,0,4,0,3,4,7,7,5,7,7,14,7,15,0.005361930294906166,0.01876675603217158
gf2^6_mult,370_2,61,4382,373,2,2,2,2,0,4,0,3,4,7,7,5,7,7,14,7,15,0.005361930294906166,0.01876675603217158
gf2^6_mult,370_2,62,4382,373,2,2,2,2,0,4,0,3,4,7,7,5,7,7,14,7,15,0.005361930294906166,0.01876675603217158
gf2^6_mult,370_2,63,4382,373,2,2,2,2,0,4,0,3,4,7,7,5,7,7,14,7,15,0.005361930294906166,0.01876675603217158
gf2^6_mult,370_2,64,4382,373,2,2,2,2,0,4,0,3,4,7,7,5,7,7,14,7,15,0.005361930294906166,0.01876675603217158
gf2^6_mult,370_2,65,4382,373,2,2,2,2,0,4,0,3,4,7,7,5,7,7,14,7,15,0.005361930294906166,0.01876675603217158
gf2^6_mult,370_2,66,4382,373,2,2,2,2,0,4,0,3,4,7,7,5,7,7,14,7,15,0.005361930294906166,0.01876675603217158
gf2^6_mult,370_2,67,3430,373,3,2,3,2,0,5,0,3,4,9,8,6,9,7,16,9,17,0.00804289544235925,0.024128686327077747
gf2^6_mult,370_2,68,1591,372,4,4,4,4,0,8,0,3,6,10,10,6,10,10,20,10,22,0.010752688172043012,0.026881720430107527
gf2^6_mult,370_2,69,1591,372,4,4,4,4,0,8,0,3,6,10,10,6,10,10,20,10,22,0.010752688172043012,0.026881720430107527
gf2^6_mult,370_2,70,1591,372,4,4,4,4,0,8,0,3,6,10,10,6,10,10,20,10,22,0.010752688172043012,0.026881720430107527
gf2^6_mult,370_2,71,39,372,2,2,2,2,0,4,0,2,4,6,6,4,5,5,10,6,14,0.005376344086021506,0.016129032258064516
gf2^6_mult,370_2,72,3417,372,2,3,2,3,0,5,0,3,4,8,9,6,7,9,16,8,14,0.005376344086021506,0.021505376344086023
gf2^6_mult,370_2,73,3420,373,3,2,3,2,0,5,0,3,4,9,8,6,9,7,16,9,15,0.00804289544235925,0.024128686327077747
gf2^6_mult,370_2,74,4382,372,2,2,2,2,0,4,0,3,7,8,8,6,7,7,14,8,23,0.005376344086021506,0.021505376344086023
gf2^6_mult,370_2,75,3417,372,2,3,2,3,0,5,0,3,4,8,9,6,7,9,16,8,14,0.005376344086021506,0.021505376344086023
gf2^6_mult,370_2,76,3420,373,3,2,3,2,0,5,0,3,4,9,8,6,9,7,16,9,15,0.00804289544235925,0.024128686327077747
gf2^6_mult,370_2,77,4409,372,2,2,2,2,0,4,0,3,5,8,8,6,7,7,14,8,21,0.005376344086021506,0.021505376344086023
gf2^6_mult,370_2,78,3417,372,2,3,2,3,0,5,0,3,4,8,9,6,7,9,16,8,14,0.005376344086021506,0.021505376344086023
gf2^6_mult,370_2,79,3420,373,3,2,3,2,0,5,0,3,4,9,8,6,9,7,16,9,15,0.00804289544235925,0.024128686327077747
gf2^6_mult,370_2,80,3417,372,2,3,2,3,0,5,0,3,4,8,9,6,7,9,16,8,14,0.005376344086021506,0.021505376344086023
gf2^6_mult,370_2,81,3420,373,3,2,3,2,0,5,0,3,4,9,8,6,9,7,16,9,15,0.00804289544235925,0.024128686327077747
gf2^6_mult,370_2,82,3435,372,2,3,2,3,0,5,0,3,4,8,9,6,7,9,16,8,14,0.005376344086021506,0.021505376344086023
gf2^6_mult,370_2,83,3420,373,3,2,3,2,0,5,0,3,4,9,8,6,9,7,16,9,15,0.00804289544235925,0.024128686327077747
gf2^6_mult,370_2,84,4361,372,2,2,2,2,0,4,0,3,6,8,8,6,7,7,14,8,22,0.005376344086021506,0.021505376344086023
gf2^6_mult,370_2,85,3429,372,2,3,2,3,0,5,0,3,5,8,9,6,7,9,16,8,18,0.005376344086021506,0.021505376344086023
gf2^6_mult,370_2,86,822,373,2,3,2,3,0,5,0,3,5,7,8,5,7,9,16,7,16,0.005361930294906166,0.01876675603217158
gf2^6_mult,370_2,87,4394,374,2,2,2,2,0,4,0,3,5,7,7,5,7,7,14,7,17,0.0053475935828877,0.01871657754010695
gf2^6_mult,370_2,88,3436,374,3,2,3,2,0,5,0,3,4,8,7,5,9,7,16,8,16,0.008021390374331552,0.0213903743315508
gf2^6_mult,370_2,89,4355,373,3,2,3,2,0,5,0,3,5,9,8,6,9,7,16,9,19,0.00804289544235925,0.024128686327077747
gf2^6_mult,370_2,90,1478,372,4,4,4,4,0,8,0,3,7,10,10,6,10,10,20,10,24,0.010752688172043012,0.026881720430107527
gf2^6_mult,370_2,91,1497,372,4,4,4,4,0,8,0,3,8,10,10,6,10,10,20,10,27,0.010752688172043012,0.026881720430107527
gf2^6_mult,370_2,92,120,372,3,3,3,3,0,6,0,2,6,7,7,4,7,7,14,7,19,0.008064516129032258,0.01881720430107527
gf2^6_mult,370_2,93,4385,372,2,2,2,2,0,4,0,3,7,8,8,6,7,7,14,8,23,0.005376344086021506,0.021505376344086023
gf2^6_mult,370_2,94,4394,372,2,2,2,2,0,4,0,3,5,8,8,6,7,7,14,8,21,0.005376344086021506,0.021505376344086023
gf2^6_mult,370_2,95,120,372,3,3,3,3,0,6,0,2,6,7,7,4,7,7,14,7,19,0.008064516129032258,0.01881720430107527
gf2^6_mult,370_2,96,120,372,3,3,3,3,0,6,0,2,6,7,7,4,7,7,14,7,19,0.008064516129032258,0.01881720430107527
gf2^6_mult,370_2,97,4382,372,2,2,2,2,0,4,0,3,4,8,8,6,7,7,14,8,22,0.005376344086021506,0.021505376344086023
gf2^6_mult,370_2,98,4385,372,2,2,2,2,0,4,0,3,7,8,8,6,7,7,14,8,24,0.005376344086021506,0.021505376344086023
gf2^6_mult,370_2,99,4394,372,2,2,2,2,0,4,0,3,7,8,8,6,7,7,14,8,24,0.005376344086021506,0.021505376344086023
gf2^6_mult,370_2,100,121,372,3,3,3,3,0,6,0,2,6,7,7,4,7,7,14,7,19,0.008064516129032258,0.01881720430107527
gf2^6_mult,370_2,101,120,372,3,3,3,3,0,6,0,2,6,7,7,4,7,7,14,7,19,0.008064516129032258,0.01881720430107527
gf2^6_mult,370_2,102,120,372,3,3,3,3,0,6,0,2,6,7,7,4,7,7,14,7,19,0.008064516129032258,0.01881720430107527
gf2^6_mult,370_2,103,121,372,3,3,3,3,0,6,0,2,6,7,7,4,7,7,14,7,18,0.008064516129032258,0.01881720430107527
gf2^6_mult,370_2,104,120,372,3,3,3,3,0,6,0,2,6,7,7,4,7,7,14,7,18,0.008064516129032258,0.01881720430107527
gf2^6_mult,370_2,105,4397,372,2,2,2,2,0,4,0,3,7,8,8,6,7,7,14,8,24,0.005376344086021506,0.021505376344086023
gf2^6_mult,370_2,106,120,372,3,3,3,3,0,6,0,2,6,7,7,4,7,7,14,7,19,0.008064516129032258,0.01881720430107527
gf2^6_mult,370_2,107,120,372,3,3,3,3,0,6,0,2,6,7,7,4,7,7,14,7,19,0.008064516129032258,0.01881720430107527
gf2^6_mult,370_2,108,4394,372,2,2,2,2,0,4,0,3,7,8,8,6,7,7,14,8,24,0.005376344086021506,0.021505376344086023
gf2^6_mult,370_2,109,4358,372,2,2,2,2,0,4,0,3,7,8,8,6,7,7,14,8,21,0.005376344086021506,0.021505376344086023
gf2^6_mult,370_2,110,4394,372,2,2,2,2,0,4,0,3,7,8,8,6,7,7,14,8,21,0.005376344086021506,0.021505376344086023
gf2^6_mult,370_2,111,4394,372,2,2,2,2,0,4,0,3,7,8,8,6,7,7,14,8,24,0.005376344086021506,0.021505376344086023
gf2^6_mult,370_2,112,4361,372,2,2,2,2,0,4,0,3,7,8,8,6,7,7,14,8,24,0.005376344086021506,0.021505376344086023
gf2^6_mult,370_2,113,3840,372,4,4,4,4,0,8,0,3,8,10,10,6,10,10,20,10,25,0.010752688172043012,0.026881720430107527
gf2^6_mult,370_2,114,822,372,2,3,2,3,0,5,0,3,6,8,9,6,7,9,16,8,18,0.005376344086021506,0.021505376344086023
gf2^6_mult,370_2,115,4394,373,2,2,2,2,0,4,0,3,6,7,7,5,7,7,14,7,18,0.005361930294906166,0.01876675603217158
gf2^6_mult,370_2,116,3417,373,2,3,2,3,0,5,0,3,5,8,9,6,7,9,16,8,19,0.005361930294906166,0.021447721179624665
gf2^6_mult,370_2,117,4358,374,2,2,2,2,0,4,0,3,7,8,8,6,7,7,14,8,21,0.0053475935828877,0.0213903743315508
gf2^6_mult,370_2,118,4394,374,2,2,2,2,0,4,0,3,5,7,7,5,7,7,14,7,15,0.0053475935828877,0.01871657754010695
gf2^6_mult,370_2,119,3430,374,3,2,3,2,0,5,0,3,5,9,8,6,9,7,16,9,19,0.008021390374331552,0.02406417112299465
gf2^6_mult,370_2,120,4409,373,2,2,2,2,0,4,0,3,5,8,8,6,7,7,14,8,19,0.005361930294906166,0.021447721179624665
gf2^6_mult,370_2,121,4385,373,2,2,2,2,0,4,0,3,5,7,7,5,7,7,14,7,16,0.005361930294906166,0.01876675603217158
gf2^6_mult,370_2,122,4382,373,2,2,2,2,0,4,0,3,5,7,7,5,7,7,14,7,16,0.005361930294906166,0.01876675603217158
gf2^6_mult,370_2,123,4385,373,2,2,2,2,0,4,0,3,5,7,7,5,7,7,14,7,16,0.005361930294906166,0.01876675603217158
gf2^6_mult,370_2,124,4382,373,2,2,2,2,0,4,0,3,5,7,7,5,7,7,14,7,16,0.005361930294906166,0.01876675603217158
gf2^6_mult,370_2,125,4373,373,2,2,2,2,0,4,0,3,5,7,7,5,7,7,14,7,16,0.005361930294906166,0.01876675603217158
gf2^6_mult,370_2,126,4382,373,2,2,2,2,0,4,0,3,5,7,7,5,7,7,14,7,16,0.005361930294906166,0.01876675603217158
gf2^6_mult,370_2,127,4382,373,2,2,2,2,0,4,0,3,6,7,7,5,7,7,14,7,19,0.005361930294906166,0.01876675603217158
gf2^6_mult,370_2,128,4664,373,2,0,2,0,0,2,0,2,4,6,4,4,6,2,8,6,15,0.005361930294906166,0.0160857908847185
gf2^6_mult,370_2,129,808,371,2,3,2,3,0,5,0,3,7,8,9,6,7,9,16,8,22,0.005390835579514825,0.0215633423180593
gf2^6_mult,370_2,130,120,372,3,3,3,3,0,6,0,2,4,7,7,4,7,7,14,7,15,0.008064516129032258,0.01881720430107527
gf2^6_mult,370_2,131,3420,372,3,2,3,2,0,5,0,3,7,9,8,6,9,7,16,9,23,0.008064516129032258,0.024193548387096774
gf2^6_mult,370_2,132,814,371,2,3,2,3,0,5,0,3,7,8,9,6,7,9,16,8,22,0.005390835579514825,0.0215633423180593
gf2^6_mult,370_2,133,1565,372,4,4,4,4,0,8,0,3,6,9,9,5,10,10,20,9,20,0.010752688172043012,0.024193548387096774
gf2^6_mult,370_2,134,120,372,3,3,3,3,0,6,0,2,4,7,7,4,7,7,14,7,15,0.008064516129032258,0.01881720430107527
gf2^6_mult,370_2,135,809,372,3,2,3,2,0,5,0,3,7,9,8,6,9,7,16,9,23,0.008064516129032258,0.024193548387096774
gf2^6_mult,370_2,136,808,371,2,3,2,3,0,5,0,3,7,8,9,6,7,9,16,8,22,0.005390835579514825,0.0215633423180593
gf2^6_mult,370_2,137,823,372,3,2,3,2,0,5,0,3,7,9,8,6,9,7,16,9,23,0.008064516129032258,0.024193548387096774
gf2^6_mult,370_2,138,3417,371,2,3,2,3,0,5,0,3,6,8,9,6,7,9,16,8,18,0.005390835579514825,0.0215633423180593
gf2^6_mult,370_2,139,3420,372,3,2,3,2,0,5,0,3,6,9,8,6,9,7,16,9,19,0.008064516129032258,0.024193548387096774
gf2^6_mult,370_2,140,4358,371,2,2,2,2,0,4,0,3,5,8,8,6,7,7,14,8,19,0.005390835579514825,0.0215633423180593
gf2^6_mult,370_2,141,4409,371,2,2,2,2,0,4,0,3,6,8,8,6,7,7,14,8,23,0.005390835579514825,0.0215633423180593
gf2^6_mult,370_2,142,3417,371,2,3,2,3,0,5,0,3,6,8,9,6,7,9,16,8,18,0.005390835579514825,0.0215633423180593
gf2^6_mult,370_2,143,3420,372,3,2,3,2,0,5,0,3,6,9,8,6,9,7,16,9,19,0.008064516129032258,0.024193548387096774
gf2^6_mult,370_2,144,3435,371,2,3,2,3,0,5,0,3,6,8,9,6,7,9,16,8,18,0.005390835579514825,0.0215633423180593
gf2^6_mult,370_2,145,3438,372,3,2,3,2,0,5,0,3,6,9,8,6,9,7,16,9,19,0.008064516129032258,0.024193548387096774
gf2^6_mult,370_2,146,3435,371,2,3,2,3,0,5,0,3,6,8,9,6,7,9,16,8,18,0.005390835579514825,0.0215633423180593
gf2^6_mult,370_2,147,820,372,2,3,2,3,0,5,0,3,7,8,9,6,7,9,16,8,20,0.005376344086021506,0.021505376344086023
gf2^6_mult,370_2,148,819,373,3,2,3,2,0,5,0,3,7,9,8,6,9,7,16,9,21,0.00804289544235925,0.024128686327077747
gf2^6_mult,370_2,149,3423,372,2,3,2,3,0,5,0,3,7,8,9,6,7,9,16,8,20,0.005376344086021506,0.021505376344086023
gf2^6_mult,370_2,150,820,373,2,3,2,3,0,5,0,3,6,8,9,6,7,9,16,8,18,0.005361930294906166,0.021447721179624665
gf2^6_mult,370_2,151,820,374,2,3,2,3,0,5,0,3,5,8,9,6,7,9,16,8,17,0.0053475935828877,0.0213903743315508
gf2^6_mult,370_2,152,819,375,3,2,3,2,0,5,0,3,5,9,8,6,9,7,16,9,18,0.008,0.024
gf2^6_mult,370_2,153,819,374,3,2,3,2,0,5,0,3,6,9,8,6,9,7,16,9,19,0.008021390374331552,0.02406417112299465
gf2^6_mult,370_2,154,4382,373,2,2,2,2,0,4,0,3,6,7,7,5,7,7,14,7,17,0.005361930294906166,0.01876675603217158
gf2^6_mult,370_2,155,819,373,3,2,3,2,0,5,0,3,7,9,8,6,9,7,16,9,21,0.00804289544235925,0.024128686327077747
gf2^6_mult,370_2,156,3429,372,2,3,2,3,0,5,0,3,7,8,9,6,7,9,16,8,20,0.005376344086021506,0.021505376344086023
gf2^6_mult,370_2,157,4382,373,2,2,2,2,0,4,0,3,5,8,8,6,7,7,14,8,16,0.005361930294906166,0.021447721179624665
gf2^6_mult,370_2,158,3424,373,3,2,3,2,0,5,0,3,7,9,8,6,9,7,16,9,22,0.00804289544235925,0.024128686327077747
gf2^6_mult,370_2,159,3422,372,2,3,2,3,0,5,0,3,6,8,9,6,7,9,16,8,19,0.005376344086021506,0.021505376344086023
gf2^6_mult,370_2,160,813,373,3,2,3,2,0,5,0,3,6,9,8,6,9,7,16,9,20,0.00804289544235925,0.024128686327077747
gf2^6_mult,370_2,161,820,372,2,3,2,3,0,5,0,3,6,8,9,6,7,9,16,8,19,0.005376344086021506,0.021505376344086023
gf2^6_mult,370_2,162,819,373,3,2,3,2,0,5,0,3,6,9,8,6,9,7,16,9,20,0.00804289544235925,0.024128686327077747
gf2^6_mult,370_2,163,3428,372,2,3,2,3,0,5,0,3,6,8,9,6,7,9,16,8,19,0.005376344086021506,0.021505376344086023
gf2^6_mult,370_2,164,3430,373,3,2,3,2,0,5,0,3,6,9,8,6,9,7,16,9,20,0.00804289544235925,0.024128686327077747
gf2^6_mult,370_2,165,3429,372,2,3,2,3,0,5,0,3,6,8,9,6,7,9,16,8,19,0.005376344086021506,0.021505376344086023
gf2^6_mult,370_2,166,3420,373,3,2,3,2,0,5,0,3,5,9,8,6,9,7,16,9,18,0.00804289544235925,0.024128686327077747
gf2^6_mult,370_2,167,4382,372,2,2,2,2,0,4,0,3,5,8,8,6,7,7,14,8,17,0.005376344086021506,0.021505376344086023
gf2^6_mult,370_2,168,3417,372,2,3,2,3,0,5,0,3,5,7,8,5,7,9,16,7,15,0.005376344086021506,0.01881720430107527
gf2^6_mult,370_2,169,4397,373,2,2,2,2,0,4,0,3,4,7,7,5,7,7,14,7,14,0.005361930294906166,0.01876675603217158
gf2^6_mult,370_2,170,4382,373,2,2,2,2,0,4,0,3,5,7,7,5,7,7,14,7,17,0.005361930294906166,0.01876675603217158
gf2^6_mult,370_2,171,4664,373,2,0,2,0,0,2,0,2,3,6,4,4,6,2,8,6,12,0.005361930294906166,0.0160857908847185
gf2^6_mult,370_2,172,3416,371,2,3,2,3,0,5,0,3,6,8,9,6,7,9,16,8,18,0.005390835579514825,0.0215633423180593
gf2^6_mult,370_2,173,3436,372,3,2,3,2,0,5,0,3,6,9,8,6,9,7,16,9,19,0.008064516129032258,0.024193548387096774
gf2^6_mult,370_2,174,816,371,2,3,2,3,0,5,0,3,6,8,9,6,7,9,16,8,18,0.005390835579514825,0.0215633423180593
gf2^6_mult,370_2,175,3420,372,3,2,3,2,0,5,0,3,6,9,8,6,9,7,16,9,19,0.008064516129032258,0.024193548387096774
gf2^6_mult,370_2,176,4382,371,2,2,2,2,0,4,0,3,6,8,8,6,7,7,14,8,19,0.005390835579514825,0.0215633423180593
gf2^6_mult,370_2,177,812,371,2,3,2,3,0,5,0,3,8,8,9,6,7,9,16,8,25,0.005390835579514825,0.0215633423180593
gf2^6_mult,370_2,178,3435,372,2,3,2,3,0,5,0,3,5,8,9,6,7,9,16,8,18,0.005376344086021506,0.021505376344086023
gf2^6_mult,370_2,179,1512,373,4,5,4,5,0,9,0,3,5,10,11,6,10,12,22,10,19,0.010723860589812333,0.02680965147453083
gf2^6_mult,370_2,180,4385,374,2,2,2,2,0,4,0,3,6,8,8,6,7,7,14,8,16,0.0053475935828877,0.0213903743315508
gf2^6_mult,370_2,181,4382,374,2,2,2,2,0,4,0,3,6,8,8,6,7,7,14,8,18,0.0053475935828877,0.0213903743315508
gf2^6_mult,370_2,182,813,374,3,2,3,2,0,5,0,3,6,8,7,5,9,7,16,8,21,0.008021390374331552,0.0213903743315508
gf2^6_mult,370_2,183,1595,373,5,4,5,4,0,9,0,3,6,11,10,6,12,10,22,11,23,0.013404825737265416,0.029490616621983913
gf2^6_mult,370_2,184,4385,372,2,2,2,2,0,4,0,3,6,8,8,6,7,7,14,8,17,0.005376344086021506,0.021505376344086023
gf2^6_mult,370_2,185,3422,372,2,3,2,3,0,5,0,3,5,8,9,6,7,9,16,8,18,0.005376344086021506,0.021505376344086023
gf2^6_mult,370_2,186,4382,373,2,2,2,2,0,4,0,3,6,8,8,6,7,7,14,8,19,0.005361930294906166,0.021447721179624665
gf2^6_mult,370_2,187,4394,373,2,2,2,2,0,4,0,3,4,8,8,6,7,7,14,8,16,0.005361930294906166,0.021447721179624665
gf2^6_mult,370_2,188,4370,373,2,2,2,2,0,4,0,3,6,8,8,6,7,7,14,8,19,0.005361930294906166,0.021447721179624665
gf2^6_mult,370_2,189,4370,373,2,2,2,2,0,4,0,3,6,8,8,6,7,7,14,8,19,0.005361930294906166,0.021447721179624665
gf2^6_mult,370_2,190,4394,373,2,2,2,2,0,4,0,3,4,8,8,6,7,7,14,8,16,0.005361930294906166,0.021447721179624665
gf2^6_mult,370_2,191,4397,373,2,2,2,2,0,4,0,3,4,8,8,6,7,7,14,8,16,0.005361930294906166,0.021447721179624665
gf2^6_mult,370_2,192,4397,373,2,2,2,2,0,4,0,3,4,8,8,6,7,7,14,8,16,0.005361930294906166,0.021447721179624665
gf2^6_mult,370_2,193,4394,373,2,2,2,2,0,4,0,3,4,8,8,6,7,7,14,8,16,0.005361930294906166,0.021447721179624665
gf2^6_mult,370_2,194,4368,373,3,2,3,2,0,5,0,3,6,9,8,6,9,7,16,9,21,0.00804289544235925,0.024128686327077747
gf2^6_mult,370_2,195,3429,372,2,3,2,3,0,5,0,3,6,8,9,6,7,9,16,8,20,0.005376344086021506,0.021505376344086023
gf2^6_mult,370_2,196,4382,373,2,2,2,2,0,4,0,3,5,8,8,6,7,7,14,8,17,0.005361930294906166,0.021447721179624665
gf2^6_mult,370_2,197,3424,373,3,2,3,2,0,5,0,3,6,9,8,6,9,7,16,9,21,0.00804289544235925,0.024128686327077747
gf2^6_mult,370_2,198,4349,372,2,2,2,2,0,4,0,3,5,8,8,6,7,7,14,8,18,0.005376344086021506,0.021505376344086023
gf2^6_mult,370_2,199,3422,372,2,3,2,3,0,5,0,3,6,8,9,6,7,9,16,8,20,0.005376344086021506,0.021505376344086023
gf2^6_mult,370_2,200,4361,373,2,2,2,2,0,4,0,3,4,8,8,6,7,7,14,8,17,0.005361930294906166,0.021447721179624665
gf2^6_mult,370_2,201,4394,373,2,2,2,2,0,4,0,3,4,8,8,6,7,7,14,8,17,0.005361930294906166,0.021447721179624665
gf2^6_mult,370_2,202,4406,373,2,2,2,2,0,4,0,3,4,8,8,6,7,7,14,8,17,0.005361930294906166,0.021447721179624665
gf2^6_mult,370_2,203,4394,373,2,2,2,2,0,4,0,3,4,8,8,6,7,7,14,8,17,0.005361930294906166,0.021447721179624665
gf2^6_mult,370_2,204,4394,373,2,2,2,2,0,4,0,3,4,8,8,6,7,7,14,8,17,0.005361930294906166,0.021447721179624665
gf2^6_mult,370_2,205,4394,373,2,2,2,2,0,4,0,3,4,8,8,6,7,7,14,8,17,0.005361930294906166,0.021447721179624665
gf2^6_mult,370_2,206,4394,373,2,2,2,2,0,4,0,3,4,8,8,6,7,7,14,8,17,0.005361930294906166,0.021447721179624665
gf2^6_mult,370_2,207,4394,373,2,2,2,2,0,4,0,3,4,8,8,6,7,7,14,8,17,0.005361930294906166,0.021447721179624665
gf2^6_mult,370_2,208,4394,373,2,2,2,2,0,4,0,3,4,8,8,6,7,7,14,8,17,0.005361930294906166,0.021447721179624665
gf2^6_mult,370_2,209,4361,373,2,2,2,2,0,4,0,3,4,8,8,6,7,7,14,8,17,0.005361930294906166,0.021447721179624665
gf2^6_mult,370_2,210,4382,373,2,2,2,2,0,4,0,3,5,8,8,6,7,7,14,8,17,0.005361930294906166,0.021447721179624665
gf2^6_mult,370_2,211,3417,373,2,3,2,3,0,5,0,3,5,7,8,5,7,9,16,7,17,0.005361930294906166,0.01876675603217158
gf2^6_mult,370_2,212,3430,374,3,2,3,2,0,5,0,3,5,9,8,6,9,7,16,9,18,0.008021390374331552,0.02406417112299465
gf2^6_mult,370_2,213,810,373,2,3,2,3,0,5,0,3,5,7,8,5,7,9,16,7,17,0.005361930294906166,0.01876675603217158
gf2^6_mult,370_2,214,4392,374,3,2,3,2,0,5,0,3,5,9,8,6,9,7,16,9,18,0.008021390374331552,0.02406417112299465
gf2^6_mult,370_2,215,4361,373,2,2,2,2,0,4,0,3,4,8,8,6,7,7,14,8,17,0.005361930294906166,0.021447721179624665
gf2^6_mult,370_2,216,4394,373,2,2,2,2,0,4,0,3,4,8,8,6,7,7,14,8,17,0.005361930294906166,0.021447721179624665
gf2^6_mult,370_2,217,4382,373,2,2,2,2,0,4,0,3,5,8,8,6,7,7,14,8,17,0.005361930294906166,0.021447721179624665
gf2^6_mult,370_2,218,3417,373,2,3,2,3,0,5,0,3,5,7,8,5,7,9,16,7,17,0.005361930294906166,0.01876675603217158
gf2^6_mult,370_2,219,3436,374,3,2,3,2,0,5,0,3,5,8,7,5,9,7,16,8,18,0.008021390374331552,0.0213903743315508
gf2^6_mult,370_2,220,3430,373,3,2,3,2,0,5,0,3,6,9,8,6,9,7,16,9,21,0.00804289544235925,0.024128686327077747
gf2^6_mult,370_2,221,4382,372,2,2,2,2,0,4,0,3,5,8,8,6,7,7,14,8,18,0.005376344086021506,0.021505376344086023
gf2^6_mult,370_2,222,4382,372,2,2,2,2,0,4,0,3,5,8,8,6,7,7,14,8,18,0.005376344086021506,0.021505376344086023
gf2^6_mult,370_2,223,4385,372,2,2,2,2,0,4,0,3,5,8,8,6,7,7,14,8,18,0.005376344086021506,0.021505376344086023
gf2^6_mult,370_2,224,3429,372,2,3,2,3,0,5,0,3,6,8,9,6,7,9,16,8,20,0.005376344086021506,0.021505376344086023
gf2^6_mult,370_2,225,4394,373,2,2,2,2,0,4,0,3,4,8,8,6,7,7,14,8,17,0.005361930294906166,0.021447721179624665
gf2^6_mult,370_2,226,4394,373,2,2,2,2,0,4,0,3,4,8,8,6,7,7,14,8,17,0.005361930294906166,0.021447721179624665
gf2^6_mult,370_2,227,4370,373,2,2,2,2,0,4,0,3,5,8,8,6,7,7,14,8,17,0.005361930294906166,0.021447721179624665
gf2^6_mult,370_2,228,813,373,3,2,3,2,0,5,0,3,6,9,8,6,9,7,16,9,21,0.00804289544235925,0.024128686327077747
gf2^6_mult,370_2,229,4385,372,2,2,2,2,0,4,0,3,5,8,8,6,7,7,14,8,18,0.005376344086021506,0.021505376344086023
gf2^6_mult,370_2,230,3429,372,2,3,2,3,0,5,0,3,6,8,9,6,7,9,16,8,20,0.005376344086021506,0.021505376344086023
gf2^6_mult,370_2,231,4409,373,2,2,2,2,0,4,0,3,4,8,8,6,7,7,14,8,17,0.005361930294906166,0.021447721179624665
gf2^6_mult,370_2,232,4394,373,2,2,2,2,0,4,0,3,4,8,8,6,7,7,14,8,17,0.005361930294906166,0.021447721179624665
gf2^6_mult,370_2,233,4346,373,2,2,2,2,0,4,0,3,5,8,8,6,7,7,14,8,17,0.005361930294906166,0.021447721179624665
gf2^6_mult,370_2,234,3417,373,2,3,2,3,0,5,0,3,5,7,8,5,7,9,16,7,17,0.005361930294906166,0.01876675603217158
gf2^6_mult,370_2,235,3436,374,3,2,3,2,0,5,0,3,5,8,7,5,9,7,16,8,18,0.008021390374331552,0.0213903743315508
gf2^6_mult,370_2,236,3430,373,3,2,3,2,0,5,0,3,6,9,8,6,9,7,16,9,21,0.00804289544235925,0.024128686327077747
gf2^6_mult,370_2,237,4382,372,2,2,2,2,0,4,0,3,5,8,8,6,7,7,14,8,18,0.005376344086021506,0.021505376344086023
gf2^6_mult,370_2,238,4394,372,2,2,2,2,0,4,0,3,6,8,8,6,7,7,14,8,20,0.005376344086021506,0.021505376344086023
gf2^6_mult,370_2,239,3429,372,2,3,2,3,0,5,0,3,5,8,9,6,7,9,16,8,18,0.005376344086021506,0.021505376344086023
gf2^6_mult,370_2,240,4394,373,2,2,2,2,0,4,0,3,5,8,8,6,7,7,14,8,18,0.005361930294906166,0.021447721179624665
gf2^6_mult,370_2,241,4358,373,2,2,2,2,0,4,0,3,4,8,8,6,7,7,14,8,17,0.005361930294906166,0.021447721179624665
gf2^6_mult,370_2,242,4394,373,2,2,2,2,0,4,0,3,4,8,8,6,7,7,14,8,17,0.005361930294906166,0.021447721179624665
gf2^6_mult,370_2,243,3417,373,2,3,2,3,0,5,0,3,6,8,9,6,7,9,16,8,19,0.005361930294906166,0.021447721179624665
gf2^6_mult,370_2,244,4382,374,2,2,2,2,0,4,0,3,6,8,8,6,7,7,14,8,18,0.0053475935828877,0.0213903743315508
gf2^6_mult,370_2,245,3422,374,2,3,2,3,0,5,0,3,6,8,9,6,7,9,16,8,19,0.0053475935828877,0.0213903743315508
gf2^6_mult,370_2,246,3424,375,3,2,3,2,0,5,0,3,6,9,8,6,9,7,16,9,20,0.008,0.024
gf2^6_mult,370_2,247,3429,374,2,3,2,3,0,5,0,3,6,8,9,6,7,9,16,8,19,0.0053475935828877,0.0213903743315508
gf2^6_mult,370_2,248,3424,375,3,2,3,2,0,5,0,3,6,9,8,6,9,7,16,9,20,0.008,0.024
gf2^6_mult,370_2,249,820,374,2,3,2,3,0,5,0,3,6,8,9,6,7,9,16,8,19,0.0053475935828877,0.0213903743315508
gf2^6_mult,370_2,250,3420,375,3,2,3,2,0,5,0,3,6,9,8,6,9,7,16,9,19,0.008,0.024
gf2^6_mult,370_2,251,4382,374,2,2,2,2,0,4,0,3,6,8,8,6,7,7,14,8,20,0.0053475935828877,0.0213903743315508
gf2^6_mult,370_2,252,819,374,3,2,3,2,0,5,0,3,6,9,8,6,9,7,16,9,18,0.008021390374331552,0.02406417112299465
gf2^6_mult,370_2,253,4394,373,2,2,2,2,0,4,0,3,4,8,8,6,7,7,14,8,17,0.005361930294906166,0.021447721179624665
gf2^6_mult,370_2,254,4394,373,2,2,2,2,0,4,0,3,4,8,8,6,7,7,14,8,17,0.005361930294906166,0.021447721179624665
gf2^6_mult,370_2,255,4394,373,2,2,2,2,0,4,0,3,4,8,8,6,7,7,14,8,17,0.005361930294906166,0.021447721179624665
gf2^6_mult,370_2,256,3424,373,3,2,3,2,0,5,0,3,6,9,8,6,9,7,16,9,21,0.00804289544235925,0.024128686327077747
gf2^6_mult,370_2,257,4385,372,2,2,2,2,0,4,0,3,5,8,8,6,7,7,14,8,18,0.005376344086021506,0.021505376344086023
gf2^6_mult,370_2,258,4385,372,2,2,2,2,0,4,0,3,5,8,8,6,7,7,14,8,18,0.005376344086021506,0.021505376344086023
gf2^6_mult,370_2,259,3291,372,5,5,5,5,0,10,0,3,6,11,11,6,11,11,22,11,22,0.013440860215053764,0.02956989247311828
gf2^6_mult,370_2,260,1497,372,4,4,4,4,0,8,0,3,6,10,10,6,10,10,20,10,22,0.010752688172043012,0.026881720430107527
gf2^6_mult,370_2,261,3429,372,2,3,2,3,0,5,0,3,5,8,9,6,7,9,16,8,17,0.005376344086021506,0.021505376344086023
gf2^6_mult,370_2,262,4385,373,2,2,2,2,0,4,0,3,6,8,8,6,7,7,14,8,18,0.005361930294906166,0.021447721179624665
gf2^6_mult,370_2,263,4370,373,2,2,2,2,0,4,0,3,6,8,8,6,7,7,14,8,18,0.005361930294906166,0.021447721179624665
gf2^6_mult,370_2,264,4370,373,2,2,2,2,0,4,0,3,6,8,8,6,7,7,14,8,18,0.005361930294906166,0.021447721179624665
gf2^6_mult,370_2,265,4382,373,2,2,2,2,0,4,0,3,6,8,8,6,7,7,14,8,18,0.005361930294906166,0.021447721179624665
gf2^6_mult,370_2,266,4385,373,2,2,2,2,0,4,0,3,6,8,8,6,7,7,14,8,18,0.005361930294906166,0.021447721179624665
gf2^6_mult,370_2,267,4385,373,2,2,2,2,0,4,0,3,6,8,8,6,7,7,14,8,18,0.005361930294906166,0.021447721179624665
gf2^6_mult,370_2,268,813,373,3,2,3,2,0,5,0,3,5,9,8,6,9,7,16,9,18,0.00804289544235925,0.024128686327077747
gf2^6_mult,370_2,269,3424,372,3,2,3,2,0,5,0,3,8,9,8,6,9,7,16,9,26,0.008064516129032258,0.024193548387096774
gf2^6_mult,370_2,270,1469,371,5,4,5,4,0,9,0,3,6,11,10,6,12,10,22,11,24,0.013477088948787063,0.029649595687331536
gf2^6_mult,371_5,0,1535,372,4,4,4,4,0,8,0,3,6,10,10,6,10,10,20,10,23,0.010752688172043012,0.026881720430107527
gf2^6_mult,371_5,1,120,372,3,3,3,3,0,6,0,2,6,7,7,4,7,7,14,7,19,0.008064516129032258,0.01881720430107527
gf2^6_mult,371_5,2,120,372,3,3,3,3,0,6,0,2,6,7,7,4,7,7,14,7,19,0.008064516129032258,0.01881720430107527
gf2^6_mult,371_5,3,120,372,3,3,3,3,0,6,0,2,6,7,7,4,7,7,14,7,19,0.008064516129032258,0.01881720430107527
gf2^6_mult,371_5,4,120,372,3,3,3,3,0,6,0,2,6,7,7,4,7,7,14,7,19,0.008064516129032258,0.01881720430107527
gf2^6_mult,371_5,5,120,372,3,3,3,3,0,6,0,2,6,7,7,4,7,7,14,7,19,0.008064516129032258,0.01881720430107527
gf2^6_mult,371_5,6,121,372,3,3,3,3,0,6,0,2,5,6,6,3,6,6,12,6,15,0.008064516129032258,0.016129032258064516
gf2^6_mult,371_5,7,121,372,3,3,3,3,0,6,0,2,6,7,7,4,7,7,14,7,19,0.008064516129032258,0.01881720430107527
gf2^6_mult,371_5,8,120,372,3,3,3,3,0,6,0,2,6,7,7,4,7,7,14,7,19,0.008064516129032258,0.01881720430107527
gf2^6_mult,371_5,9,4394,372,2,2,2,2,0,4,0,3,6,8,8,6,7,7,14,8,20,0.005376344086021506,0.021505376344086023
gf2^6_mult,371_5,10,40,372,2,4,2,4,0,6,0,2,4,6,8,4,5,9,14,6,14,0.005376344086021506,0.016129032258064516
gf2^6_mult,371_5,11,43,374,4,2,4,2,0,6,0,2,4,8,6,4,9,5,14,8,16,0.0106951871657754,0.0213903743315508
gf2^6_mult,371_5,12,121,372,3,3,3,3,0,6,0,2,6,7,7,4,7,7,14,7,19,0.008064516129032258,0.01881720430107527
gf2^6_mult,371_5,13,4397,372,2,2,2,2,0,4,0,3,7,8,8,6,7,7,14,8,21,0.005376344086021506,0.021505376344086023
gf2^6_mult,371_5,14,121,372,3,3,3,3,0,6,0,2,5,6,6,3,6,6,12,6,14,0.008064516129032258,0.016129032258064516
gf2^6_mult,371_5,15,1535,372,4,4,4,4,0,8,0,3,7,10,10,6,10,10,20,10,24,0.010752688172043012,0.026881720430107527
gf2^6_mult,371_5,16,4394,372,2,2,2,2,0,4,0,3,5,8,8,6,7,7,14,8,17,0.005376344086021506,0.021505376344086023
gf2^6_mult,371_5,17,121,372,3,3,3,3,0,6,0,2,6,7,7,4,7,7,14,7,19,0.008064516129032258,0.01881720430107527
gf2^6_mult,371_5,18,121,372,3,3,3,3,0,6,0,2,6,7,7,4,7,7,14,7,19,0.008064516129032258,0.01881720430107527
gf2^6_mult,371_5,19,4409,372,2,2,2,2,0,4,0,3,5,8,8,6,7,7,14,8,18,0.005376344086021506,0.021505376344086023
gf2^6_mult,371_5,20,4397,372,2,2,2,2,0,4,0,3,5,8,8,6,7,7,14,8,17,0.005376344086021506,0.021505376344086023
gf2^6_mult,371_5,21,40,372,2,4,2,4,0,6,0,2,4,6,8,4,5,9,14,6,16,0.005376344086021506,0.016129032258064516
gf2^6_mult,371_5,22,43,374,4,2,4,2,0,6,0,2,4,8,6,4,9,5,14,8,18,0.0106951871657754,0.0213903743315508
gf2^6_mult,371_5,23,1564,372,4,4,4,4,0,8,0,3,7,10,10,6,10,10,20,10,24,0.010752688172043012,0.026881720430107527
gf2^6_mult,371_5,24,4406,372,2,2,2,2,0,4,0,3,5,8,8,6,7,7,14,8,20,0.005376344086021506,0.021505376344086023
gf2^6_mult,371_5,25,1592,372,4,4,4,4,0,8,0,3,5,10,10,6,10,10,20,10,24,0.010752688172043012,0.026881720430107527
gf2^6_mult,371_5,26,4358,372,2,2,2,2,0,4,0,3,5,8,8,6,7,7,14,8,18,0.005376344086021506,0.021505376344086023
gf2^6_mult,371_5,27,4409,372,2,2,2,2,0,4,0,3,6,8,8,6,7,7,14,8,18,0.005376344086021506,0.021505376344086023
gf2^6_mult,371_5,28,121,372,3,3,3,3,0,6,0,2,5,7,7,4,7,7,14,7,19,0.008064516129032258,0.01881720430107527
gf2^6_mult,371_5,29,1565,372,4,4,4,4,0,8,0,3,7,10,10,6,10,10,20,10,24,0.010752688172043012,0.026881720430107527
gf2^6_mult,371_5,30,1592,372,4,4,4,4,0,8,0,3,7,10,10,6,10,10,20,10,26,0.010752688172043012,0.026881720430107527
gf2^6_mult,371_5,31,1592,372,4,4,4,4,0,8,0,3,8,10,10,6,10,10,20,10,26,0.010752688172043012,0.026881720430107527
gf2^6_mult,371_5,32,1564,372,4,4,4,4,0,8,0,3,7,10,10,6,10,10,20,10,24,0.010752688172043012,0.026881720430107527
gf2^6_mult,371_5,33,4397,372,2,2,2,2,0,4,0,3,5,7,7,5,6,6,12,7,15,0.005376344086021506,0.01881720430107527
gf2^6_mult,371_5,34,4394,372,2,2,2,2,0,4,0,3,5,8,8,6,7,7,14,8,22,0.005376344086021506,0.021505376344086023
gf2^6_mult,371_5,35,1565,372,4,4,4,4,0,8,0,3,7,10,10,6,10,10,20,10,24,0.010752688172043012,0.026881720430107527
gf2^6_mult,371_5,36,120,372,3,3,3,3,0,6,0,2,6,7,7,4,7,7,14,7,19,0.008064516129032258,0.01881720430107527
gf2^6_mult,371_5,37,121,372,3,3,3,3,0,6,0,2,5,6,6,3,6,6,12,6,14,0.008064516129032258,0.016129032258064516
gf2^6_mult,371_5,38,121,372,3,3,3,3,0,6,0,2,6,7,7,4,7,7,14,7,19,0.008064516129032258,0.01881720430107527
gf2^6_mult,371_5,39,121,372,3,3,3,3,0,6,0,2,5,6,6,3,6,6,12,6,15,0.008064516129032258,0.016129032258064516
gf2^6_mult,371_5,40,822,372,2,3,2,3,0,5,0,3,7,8,9,6,7,9,16,8,23,0.005376344086021506,0.021505376344086023
gf2^6_mult,371_5,41,823,373,3,2,3,2,0,5,0,3,7,9,8,6,9,7,16,9,24,0.00804289544235925,0.024128686327077747
gf2^6_mult,371_5,42,1535,372,4,4,4,4,0,8,0,3,7,10,10,6,10,10,20,10,24,0.010752688172043012,0.026881720430107527
gf2^6_mult,371_5,43,822,372,2,3,2,3,0,5,0,3,7,8,9,6,7,9,16,8,23,0.005376344086021506,0.021505376344086023
gf2^6_mult,371_5,44,4349,373,2,2,2,2,0,4,0,3,7,8,8,6,7,7,14,8,21,0.005361930294906166,0.021447721179624665
gf2^6_mult,371_5,45,822,373,2,3,2,3,0,5,0,3,7,8,9,6,7,9,16,8,22,0.005361930294906166,0.021447721179624665
gf2^6_mult,371_5,46,38,374,2,2,2,2,0,4,0,2,5,6,6,4,5,5,10,6,14,0.0053475935828877,0.016042780748663103
gf2^6_mult,371_5,47,4382,374,2,2,2,2,0,4,0,3,6,8,8,6,7,7,14,8,20,0.0053475935828877,0.0213903743315508
gf2^6_mult,371_5,48,4349,374,2,2,2,2,0,4,0,3,7,8,8,6,7,7,14,8,19,0.0053475935828877,0.0213903743315508
gf2^6_mult,371_5,49,4349,374,2,2,2,2,0,4,0,3,7,8,8,6,7,7,14,8,19,0.0053475935828877,0.0213903743315508
gf2^6_mult,371_5,50,4385,374,2,2,2,2,0,4,0,3,7,8,8,6,7,7,14,8,19,0.0053475935828877,0.0213903743315508
gf2^6_mult,371_5,51,4370,374,2,2,2,2,0,4,0,3,7,8,8,6,7,7,14,8,19,0.0053475935828877,0.0213903743315508
gf2^6_mult,371_5,52,4373,374,2,2,2,2,0,4,0,3,7,8,8,6,7,7,14,8,19,0.0053475935828877,0.0213903743315508
gf2^6_mult,371_5,53,809,374,3,2,3,2,0,5,0,3,7,9,8,6,9,7,16,9,24,0.008021390374331552,0.02406417112299465
gf2^6_mult,371_5,54,943,373,4,3,4,3,0,7,0,3,7,10,9,6,10,8,18,10,24,0.010723860589812333,0.02680965147453083
gf2^6_mult,371_5,55,121,372,3,3,3,3,0,6,0,2,6,7,7,4,7,7,14,7,19,0.008064516129032258,0.01881720430107527
gf2^6_mult,371_5,56,40,372,2,4,2,4,0,6,0,2,4,6,8,4,5,9,14,6,14,0.005376344086021506,0.016129032258064516
gf2^6_mult,371_5,57,43,374,4,2,4,2,0,6,0,2,4,8,6,4,9,5,14,8,16,0.0106951871657754,0.0213903743315508
gf2^6_mult,371_5,58,120,372,3,3,3,3,0,6,0,2,6,7,7,4,7,7,14,7,19,0.008064516129032258,0.01881720430107527
gf2^6_mult,371_5,59,1535,372,4,4,4,4,0,8,0,3,6,10,10,6,10,10,20,10,24,0.010752688172043012,0.026881720430107527
gf2^6_mult,371_5,60,121,372,3,3,3,3,0,6,0,2,6,7,7,4,7,7,14,7,19,0.008064516129032258,0.01881720430107527
gf2^6_mult,371_5,61,4385,372,2,2,2,2,0,4,0,3,7,8,8,6,7,7,14,8,23,0.005376344086021506,0.021505376344086023
gf2^6_mult,371_5,62,120,372,3,3,3,3,0,6,0,2,6,7,7,4,7,7,14,7,19,0.008064516129032258,0.01881720430107527
gf2^6_mult,371_5,63,4361,372,2,2,2,2,0,4,0,3,6,8,8,6,7,7,14,8,20,0.005376344086021506,0.021505376344086023
gf2^6_mult,371_5,64,4409,372,2,2,2,2,0,4,0,3,6,8,8,6,7,7,14,8,20,0.005376344086021506,0.021505376344086023
gf2^6_mult,371_5,65,38,372,2,2,2,2,0,4,0,2,5,6,6,4,5,5,10,6,16,0.005376344086021506,0.016129032258064516
gf2^6_mult,371_5,66,4394,372,2,2,2,2,0,4,0,3,5,8,8,6,7,7,14,8,19,0.005376344086021506,0.021505376344086023
gf2^6_mult,371_5,67,120,372,3,3,3,3,0,6,0,2,6,7,7,4,7,7,14,7,19,0.008064516129032258,0.01881720430107527
gf2^6_mult,371_5,68,1565,372,4,4,4,4,0,8,0,3,8,10,10,6,10,10,20,10,28,0.010752688172043012,0.026881720430107527
gf2^6_mult,371_5,69,120,372,3,3,3,3,0,6,0,2,6,7,7,4,7,7,14,7,19,0.008064516129032258,0.01881720430107527
gf2^6_mult,371_5,70,120,372,3,3,3,3,0,6,0,2,6,7,7,4,7,7,14,7,19,0.008064516129032258,0.01881720430107527
gf2^6_mult,371_5,71,120,372,3,3,3,3,0,6,0,2,6,7,7,4,7,7,14,7,19,0.008064516129032258,0.01881720430107527
gf2^6_mult,371_5,72,121,372,3,3,3,3,0,6,0,2,6,7,7,4,7,7,14,7,19,0.008064516129032258,0.01881720430107527
gf2^6_mult,371_5,73,120,372,3,3,3,3,0,6,0,2,6,7,7,4,7,7,14,7,19,0.008064516129032258,0.01881720430107527
gf2^6_mult,371_5,74,120,372,3,3,3,3,0,6,0,2,6,7,7,4,7,7,14,7,19,0.008064516129032258,0.01881720430107527
gf2^6_mult,371_5,75,120,372,3,3,3,3,0,6,0,2,6,7,7,4,7,7,14,7,19,0.008064516129032258,0.01881720430107527
gf2^6_mult,371_5,76,1592,372,4,4,4,4,0,8,0,3,6,10,10,6,10,10,20,10,23,0.010752688172043012,0.026881720430107527
gf2^6_mult,371_5,77,121,372,3,3,3,3,0,6,0,2,5,7,7,4,7,7,14,7,19,0.008064516129032258,0.01881720430107527
gf2^6_mult,371_5,78,120,372,3,3,3,3,0,6,0,2,6,7,7,4,7,7,14,7,19,0.008064516129032258,0.01881720430107527
gf2^6_mult,371_5,79,42,372,2,4,2,4,0,6,0,2,4,5,7,3,5,9,14,5,13,0.005376344086021506,0.013440860215053764
gf2^6_mult,371_5,80,43,374,4,2,4,2,0,6,0,2,4,7,5,3,9,5,14,7,15,0.0106951871657754,0.01871657754010695
gf2^6_mult,371_5,81,1564,372,4,4,4,4,0,8,0,3,8,10,10,6,10,10,20,10,28,0.010752688172043012,0.026881720430107527
gf2^6_mult,371_5,82,120,372,3,3,3,3,0,6,0,2,6,7,7,4,7,7,14,7,19,0.008064516129032258,0.01881720430107527
gf2^6_mult,371_5,83,1565,372,4,4,4,4,0,8,0,3,8,10,10,6,10,10,20,10,28,0.010752688172043012,0.026881720430107527
gf2^6_mult,371_5,84,120,372,3,3,3,3,0,6,0,2,6,7,7,4,7,7,14,7,19,0.008064516129032258,0.01881720430107527
gf2^6_mult,371_5,85,121,372,3,3,3,3,0,6,0,2,6,7,7,4,7,7,14,7,19,0.008064516129032258,0.01881720430107527
gf2^6_mult,371_5,86,1592,372,4,4,4,4,0,8,0,3,8,10,10,6,10,10,20,10,26,0.010752688172043012,0.026881720430107527
gf2^6_mult,371_5,87,120,372,3,3,3,3,0,6,0,2,6,7,7,4,7,7,14,7,19,0.008064516129032258,0.01881720430107527
gf2^6_mult,371_5,88,120,372,3,3,3,3,0,6,0,2,6,7,7,4,7,7,14,7,19,0.008064516129032258,0.01881720430107527
gf2^6_mult,371_5,89,120,372,3,3,3,3,0,6,0,2,6,7,7,4,7,7,14,7,19,0.008064516129032258,0.01881720430107527
gf2^6_mult,371_5,90,120,372,3,3,3,3,0,6,0,2,6,7,7,4,7,7,14,7,19,0.008064516129032258,0.01881720430107527
gf2^6_mult,371_5,91,121,372,3,3,3,3,0,6,0,2,6,7,7,4,7,7,14,7,19,0.008064516129032258,0.01881720430107527
gf2^6_mult,371_5,92,120,372,3,3,3,3,0,6,0,2,6,7,7,4,7,7,14,7,19,0.008064516129032258,0.01881720430107527
gf2^6_mult,371_5,93,121,372,3,3,3,3,0,6,0,2,6,7,7,4,7,7,14,7,19,0.008064516129032258,0.01881720430107527
gf2^6_mult,371_5,94,121,372,3,3,3,3,0,6,0,2,5,7,7,4,7,7,14,7,19,0.008064516129032258,0.01881720430107527
gf2^6_mult,371_5,95,120,372,3,3,3,3,0,6,0,2,6,7,7,4,7,7,14,7,19,0.008064516129032258,0.01881720430107527
gf2^6_mult,371_5,96,120,372,3,3,3,3,0,6,0,2,6,7,7,4,7,7,14,7,19,0.008064516129032258,0.01881720430107527
gf2^6_mult,371_5,97,121,372,3,3,3,3,0,6,0,2,5,7,7,4,7,7,14,7,19,0.008064516129032258,0.01881720430107527
gf2^6_mult,371_5,98,120,372,3,3,3,3,0,6,0,2,6,7,7,4,7,7,14,7,19,0.008064516129032258,0.01881720430107527
gf2^6_mult,371_5,99,120,372,3,3,3,3,0,6,0,2,6,7,7,4,7,7,14,7,19,0.008064516129032258,0.01881720430107527
gf2^6_mult,371_5,100,120,372,3,3,3,3,0,6,0,2,6,7,7,4,7,7,14,7,19,0.008064516129032258,0.01881720430107527
gf2^6_mult,371_5,101,120,372,3,3,3,3,0,6,0,2,5,7,7,4,7,7,14,7,19,0.008064516129032258,0.01881720430107527
gf2^6_mult,371_5,102,120,372,3,3,3,3,0,6,0,2,6,7,7,4,7,7,14,7,19,0.008064516129032258,0.01881720430107527
gf2^6_mult,371_5,103,1592,372,4,4,4,4,0,8,0,3,7,10,10,6,10,10,20,10,26,0.010752688172043012,0.026881720430107527
gf2^6_mult,371_5,104,120,372,3,3,3,3,0,6,0,2,6,7,7,4,7,7,14,7,19,0.008064516129032258,0.01881720430107527
gf2^6_mult,371_5,105,1535,372,4,4,4,4,0,8,0,3,4,10,10,6,10,10,20,10,22,0.010752688172043012,0.026881720430107527
gf2^6_mult,371_5,106,120,372,3,3,3,3,0,6,0,2,6,7,7,4,7,7,14,7,19,0.008064516129032258,0.01881720430107527
gf2^6_mult,371_5,107,120,372,3,3,3,3,0,6,0,2,6,7,7,4,7,7,14,7,19,0.008064516129032258,0.01881720430107527
gf2^6_mult,371_5,108,36,372,2,4,2,4,0,6,0,2,4,6,8,4,5,9,14,6,16,0.005376344086021506,0.016129032258064516
gf2^6_mult,371_5,109,37,374,4,2,4,2,0,6,0,2,4,8,6,4,9,5,14,8,18,0.0106951871657754,0.0213903743315508
gf2^6_mult,371_5,110,1592,372,4,4,4,4,0,8,0,3,5,10,10,6,10,10,20,10,24,0.010752688172043012,0.026881720430107527
gf2^6_mult,371_5,111,120,372,3,3,3,3,0,6,0,2,6,7,7,4,7,7,14,7,19,0.008064516129032258,0.01881720430107527
gf2^6_mult,371_5,112,121,372,3,3,3,3,0,6,0,2,6,7,7,4,7,7,14,7,19,0.008064516129032258,0.01881720430107527
gf2^6_mult,371_5,113,1535,372,4,4,4,4,0,8,0,3,5,10,10,6,10,10,20,10,24,0.010752688172043012,0.026881720430107527
gf2^6_mult,371_5,114,120,372,3,3,3,3,0,6,0,2,6,7,7,4,7,7,14,7,19,0.008064516129032258,0.01881720430107527
gf2^6_mult,371_5,115,120,372,3,3,3,3,0,6,0,2,6,7,7,4,7,7,14,7,19,0.008064516129032258,0.01881720430107527
gf2^6_mult,371_5,116,120,372,3,3,3,3,0,6,0,2,6,7,7,4,7,7,14,7,19,0.008064516129032258,0.01881720430107527
gf2^6_mult,371_5,117,120,372,3,3,3,3,0,6,0,2,6,7,7,4,7,7,14,7,19,0.008064516129032258,0.01881720430107527
gf2^6_mult,371_5,118,36,372,2,4,2,4,0,6,0,2,3,4,6,2,4,8,12,4,9,0.005376344086021506,0.010752688172043012
gf2^6_mult,371_5,119,37,374,4,2,4,2,0,6,0,2,3,6,4,2,8,4,12,6,11,0.0106951871657754,0.016042780748663103
gf2^6_mult,371_5,120,120,372,3,3,3,3,0,6,0,2,6,7,7,4,7,7,14,7,19,0.008064516129032258,0.01881720430107527
gf2^6_mult,371_5,121,120,372,3,3,3,3,0,6,0,2,6,7,7,4,7,7,14,7,19,0.008064516129032258,0.01881720430107527
gf2^6_mult,371_5,122,4361,372,2,2,2,2,0,4,0,3,5,8,8,6,7,7,14,8,17,0.005376344086021506,0.021505376344086023
gf2^6_mult,371_5,123,120,372,3,3,3,3,0,6,0,2,6,7,7,4,7,7,14,7,19,0.008064516129032258,0.01881720430107527
gf2^6_mult,371_5,124,120,372,3,3,3,3,0,6,0,2,6,7,7,4,7,7,14,7,18,0.008064516129032258,0.01881720430107527
gf2^6_mult,371_5,125,120,372,3,3,3,3,0,6,0,2,6,7,7,4,7,7,14,7,19,0.008064516129032258,0.01881720430107527
gf2^6_mult,371_5,126,4394,372,2,2,2,2,0,4,0,3,3,8,8,6,7,7,14,8,16,0.005376344086021506,0.021505376344086023
gf2^6_mult,371_5,127,4361,372,2,2,2,2,0,4,0,3,5,8,8,6,7,7,14,8,18,0.005376344086021506,0.021505376344086023
gf2^6_mult,371_5,128,120,372,3,3,3,3,0,6,0,2,6,7,7,4,7,7,14,7,18,0.008064516129032258,0.01881720430107527
gf2^6_mult,371_5,129,120,372,3,3,3,3,0,6,0,2,6,7,7,4,7,7,14,7,18,0.008064516129032258,0.01881720430107527
gf2^6_mult,371_5,130,4406,372,2,2,2,2,0,4,0,3,6,8,8,6,7,7,14,8,19,0.005376344086021506,0.021505376344086023
gf2^6_mult,371_5,131,120,372,3,3,3,3,0,6,0,2,6,7,7,4,7,7,14,7,18,0.008064516129032258,0.01881720430107527
gf2^6_mult,371_5,132,121,372,3,3,3,3,0,6,0,2,5,7,7,4,7,7,14,7,18,0.008064516129032258,0.01881720430107527
gf2^6_mult,371_5,133,120,372,3,3,3,3,0,6,0,2,6,7,7,4,7,7,14,7,18,0.008064516129032258,0.01881720430107527
gf2^6_mult,371_5,134,120,372,3,3,3,3,0,6,0,2,5,7,7,4,7,7,14,7,18,0.008064516129032258,0.01881720430107527
gf2^6_mult,371_5,135,120,372,3,3,3,3,0,6,0,2,6,7,7,4,7,7,14,7,18,0.008064516129032258,0.01881720430107527
gf2^6_mult,371_5,136,120,372,3,3,3,3,0,6,0,2,5,7,7,4,7,7,14,7,18,0.008064516129032258,0.01881720430107527
gf2^6_mult,371_5,137,814,372,2,3,2,3,0,5,0,3,6,8,9,6,7,9,16,8,21,0.005376344086021506,0.021505376344086023
gf2^6_mult,371_5,138,815,373,3,2,3,2,0,5,0,3,6,9,8,6,9,7,16,9,22,0.00804289544235925,0.024128686327077747
gf2^6_mult,371_5,139,120,372,3,3,3,3,0,6,0,2,6,7,7,4,7,7,14,7,19,0.008064516129032258,0.01881720430107527
gf2^6_mult,371_5,140,1564,372,4,4,4,4,0,8,0,3,7,10,10,6,10,10,20,10,24,0.010752688172043012,0.026881720430107527
gf2^6_mult,371_5,141,121,372,3,3,3,3,0,6,0,2,6,7,7,4,7,7,14,7,18,0.008064516129032258,0.01881720430107527
gf2^6_mult,371_5,142,120,372,3,3,3,3,0,6,0,2,6,7,7,4,7,7,14,7,18,0.008064516129032258,0.01881720430107527
gf2^6_mult,371_5,143,120,372,3,3,3,3,0,6,0,2,6,7,7,4,7,7,14,7,18,0.008064516129032258,0.01881720430107527
gf2^6_mult,371_5,144,1592,372,4,4,4,4,0,8,0,3,7,10,10,6,10,10,20,10,24,0.010752688172043012,0.026881720430107527
gf2^6_mult,371_5,145,1535,372,4,4,4,4,0,8,0,3,5,10,10,6,10,10,20,10,24,0.010752688172043012,0.026881720430107527
gf2^6_mult,371_5,146,120,372,3,3,3,3,0,6,0,2,6,7,7,4,7,7,14,7,18,0.008064516129032258,0.01881720430107527
gf2^6_mult,371_5,147,120,372,3,3,3,3,0,6,0,2,6,7,7,4,7,7,14,7,18,0.008064516129032258,0.01881720430107527
gf2^6_mult,371_5,148,120,372,3,3,3,3,0,6,0,2,6,7,7,4,7,7,14,7,18,0.008064516129032258,0.01881720430107527
gf2^6_mult,371_5,149,120,372,3,3,3,3,0,6,0,2,6,7,7,4,7,7,14,7,18,0.008064516129032258,0.01881720430107527
gf2^6_mult,371_5,150,42,372,2,4,2,4,0,6,0,2,4,6,8,4,5,9,14,6,15,0.005376344086021506,0.016129032258064516
gf2^6_mult,371_5,151,43,374,4,2,4,2,0,6,0,2,4,8,6,4,9,5,14,8,17,0.0106951871657754,0.0213903743315508
gf2^6_mult,371_5,152,120,372,3,3,3,3,0,6,0,2,6,7,7,4,7,7,14,7,18,0.008064516129032258,0.01881720430107527
gf2^6_mult,371_5,153,120,372,3,3,3,3,0,6,0,2,6,7,7,4,7,7,14,7,18,0.008064516129032258,0.01881720430107527
gf2^6_mult,371_5,154,120,372,3,3,3,3,0,6,0,2,6,7,7,4,7,7,14,7,18,0.008064516129032258,0.01881720430107527
gf2^6_mult,371_5,155,120,372,3,3,3,3,0,6,0,2,6,7,7,4,7,7,14,7,18,0.008064516129032258,0.01881720430107527
gf2^6_mult,371_5,156,120,372,3,3,3,3,0,6,0,2,6,7,7,4,7,7,14,7,18,0.008064516129032258,0.01881720430107527
gf2^6_mult,371_5,157,121,372,3,3,3,3,0,6,0,2,6,7,7,4,7,7,14,7,18,0.008064516129032258,0.01881720430107527
gf2^6_mult,371_5,158,120,372,3,3,3,3,0,6,0,2,6,7,7,4,7,7,14,7,18,0.008064516129032258,0.01881720430107527
gf2^6_mult,371_5,159,812,372,2,3,2,3,0,5,0,3,6,8,9,6,7,9,16,8,22,0.005376344086021506,0.021505376344086023
gf2^6_mult,371_5,160,3424,373,3,2,3,2,0,5,0,3,6,9,8,6,9,7,16,9,23,0.00804289544235925,0.024128686327077747
gf2^6_mult,371_5,161,120,372,3,3,3,3,0,6,0,2,6,7,7,4,7,7,14,7,18,0.008064516129032258,0.01881720430107527
gf2^6_mult,371_5,162,120,372,3,3,3,3,0,6,0,2,6,7,7,4,7,7,14,7,18,0.008064516129032258,0.01881720430107527
gf2^6_mult,371_5,163,1592,372,4,4,4,4,0,8,0,3,7,10,10,6,10,10,20,10,23,0.010752688172043012,0.026881720430107527
gf2^6_mult,371_5,164,4397,372,2,2,2,2,0,4,0,3,5,8,8,6,7,7,14,8,18,0.005376344086021506,0.021505376344086023
gf2^6_mult,371_5,165,121,372,3,3,3,3,0,6,0,2,6,7,7,4,7,7,14,7,18,0.008064516129032258,0.01881720430107527
gf2^6_mult,371_5,166,120,372,3,3,3,3,0,6,0,2,6,7,7,4,7,7,14,7,18,0.008064516129032258,0.01881720430107527
gf2^6_mult,371_5,167,4406,372,2,2,2,2,0,4,0,3,5,8,8,6,7,7,14,8,19,0.005376344086021506,0.021505376344086023
gf2^6_mult,371_5,168,120,372,3,3,3,3,0,6,0,2,6,7,7,4,7,7,14,7,18,0.008064516129032258,0.01881720430107527
gf2^6_mult,371_5,169,120,372,3,3,3,3,0,6,0,2,6,7,7,4,7,7,14,7,18,0.008064516129032258,0.01881720430107527
gf2^6_mult,371_5,170,120,372,3,3,3,3,0,6,0,2,6,7,7,4,7,7,14,7,18,0.008064516129032258,0.01881720430107527
gf2^6_mult,371_5,171,120,372,3,3,3,3,0,6,0,2,6,7,7,4,7,7,14,7,18,0.008064516129032258,0.01881720430107527
gf2^6_mult,371_5,172,120,372,3,3,3,3,0,6,0,2,6,7,7,4,7,7,14,7,18,0.008064516129032258,0.01881720430107527
gf2^6_mult,371_5,173,120,372,3,3,3,3,0,6,0,2,6,7,7,4,7,7,14,7,18,0.008064516129032258,0.01881720430107527
gf2^6_mult,371_5,174,42,372,2,4,2,4,0,6,0,2,6,6,8,4,5,9,14,6,17,0.005376344086021506,0.016129032258064516
gf2^6_mult,371_5,175,43,374,4,2,4,2,0,6,0,2,6,8,6,4,9,5,14,8,19,0.0106951871657754,0.0213903743315508
gf2^6_mult,371_5,176,120,372,3,3,3,3,0,6,0,2,6,7,7,4,7,7,14,7,18,0.008064516129032258,0.01881720430107527
gf2^6_mult,371_5,177,121,372,3,3,3,3,0,6,0,2,6,7,7,4,7,7,14,7,18,0.008064516129032258,0.01881720430107527
gf2^6_mult,371_5,178,1592,372,4,4,4,4,0,8,0,3,6,10,10,6,10,10,20,10,24,0.010752688172043012,0.026881720430107527
gf2^6_mult,371_5,179,120,372,3,3,3,3,0,6,0,2,5,7,7,4,7,7,14,7,18,0.008064516129032258,0.01881720430107527
gf2^6_mult,371_5,180,1535,372,4,4,4,4,0,8,0,3,6,10,10,6,10,10,20,10,22,0.010752688172043012,0.026881720430107527
gf2^6_mult,371_5,181,121,372,3,3,3,3,0,6,0,2,6,7,7,4,7,7,14,7,18,0.008064516129032258,0.01881720430107527
gf2^6_mult,371_5,182,120,372,3,3,3,3,0,6,0,2,6,7,7,4,7,7,14,7,18,0.008064516129032258,0.01881720430107527
gf2^6_mult,371_5,183,42,372,2,4,2,4,0,6,0,2,6,6,8,4,5,9,14,6,17,0.005376344086021506,0.016129032258064516
gf2^6_mult,371_5,184,41,374,4,2,4,2,0,6,0,2,6,8,6,4,9,5,14,8,19,0.0106951871657754,0.0213903743315508
gf2^6_mult,371_5,185,121,372,3,3,3,3,0,6,0,2,6,7,7,4,7,7,14,7,19,0.008064516129032258,0.01881720430107527
gf2^6_mult,371_5,186,1564,372,4,4,4,4,0,8,0,3,8,10,10,6,10,10,20,10,27,0.010752688172043012,0.026881720430107527
gf2^6_mult,371_5,187,1565,372,4,4,4,4,0,8,0,3,8,10,10,6,10,10,20,10,27,0.010752688172043012,0.026881720430107527
gf2^6_mult,371_5,188,1592,372,4,4,4,4,0,8,0,3,6,10,10,6,10,10,20,10,24,0.010752688172043012,0.026881720430107527
gf2^6_mult,371_5,189,120,372,3,3,3,3,0,6,0,2,6,7,7,4,7,7,14,7,18,0.008064516129032258,0.01881720430107527
gf2^6_mult,371_5,190,120,372,3,3,3,3,0,6,0,2,6,7,7,4,7,7,14,7,18,0.008064516129032258,0.01881720430107527
gf2^6_mult,371_5,191,121,372,3,3,3,3,0,6,0,2,6,7,7,4,7,7,14,7,18,0.008064516129032258,0.01881720430107527
gf2^6_mult,371_5,192,120,372,3,3,3,3,0,6,0,2,6,7,7,4,7,7,14,7,18,0.008064516129032258,0.01881720430107527
gf2^6_mult,371_5,193,1593,372,4,4,4,4,0,8,0,3,7,10,10,6,10,10,20,10,23,0.010752688172043012,0.026881720430107527
gf2^6_mult,371_5,194,1565,372,4,4,4,4,0,8,0,3,7,10,10,6,10,10,20,10,24,0.010752688172043012,0.026881720430107527
gf2^6_mult,371_5,195,814,372,2,3,2,3,0,5,0,3,6,8,9,6,7,9,16,8,18,0.005376344086021506,0.021505376344086023
gf2^6_mult,371_5,196,3436,373,3,2,3,2,0,5,0,3,6,9,8,6,9,7,16,9,19,0.00804289544235925,0.024128686327077747
gf2^6_mult,371_5,197,4397,372,2,2,2,2,0,4,0,3,4,8,8,6,7,7,14,8,18,0.005376344086021506,0.021505376344086023
gf2^6_mult,371_5,198,1497,372,4,4,4,4,0,8,0,3,7,10,10,6,10,10,20,10,23,0.010752688172043012,0.026881720430107527
gf2^6_mult,371_5,199,120,372,3,3,3,3,0,6,0,2,6,7,7,4,7,7,14,7,18,0.008064516129032258,0.01881720430107527
gf2^6_mult,371_5,200,40,372,2,4,2,4,0,6,0,2,5,6,8,4,5,9,14,6,16,0.005376344086021506,0.016129032258064516
gf2^6_mult,371_5,201,43,374,4,2,4,2,0,6,0,2,5,8,6,4,9,5,14,8,18,0.0106951871657754,0.0213903743315508
gf2^6_mult,371_5,202,121,372,3,3,3,3,0,6,0,2,6,7,7,4,7,7,14,7,18,0.008064516129032258,0.01881720430107527
gf2^6_mult,371_5,203,4358,372,2,2,2,2,0,4,0,3,6,8,8,6,7,7,14,8,18,0.005376344086021506,0.021505376344086023
gf2^6_mult,371_5,204,120,372,3,3,3,3,0,6,0,2,6,7,7,4,7,7,14,7,19,0.008064516129032258,0.01881720430107527
gf2^6_mult,371_5,205,121,372,3,3,3,3,0,6,0,2,6,7,7,4,7,7,14,7,18,0.008064516129032258,0.01881720430107527
gf2^6_mult,371_5,206,120,372,3,3,3,3,0,6,0,2,6,7,7,4,7,7,14,7,18,0.008064516129032258,0.01881720430107527
gf2^6_mult,371_5,207,120,372,3,3,3,3,0,6,0,2,6,7,7,4,7,7,14,7,18,0.008064516129032258,0.01881720430107527
gf2^6_mult,371_5,208,120,372,3,3,3,3,0,6,0,2,6,7,7,4,7,7,14,7,18,0.008064516129032258,0.01881720430107527
gf2^6_mult,371_5,209,120,372,3,3,3,3,0,6,0,2,6,7,7,4,7,7,14,7,18,0.008064516129032258,0.01881720430107527
gf2^6_mult,371_5,210,120,372,3,3,3,3,0,6,0,2,6,7,7,4,7,7,14,7,18,0.008064516129032258,0.01881720430107527
gf2^6_mult,371_5,211,121,372,3,3,3,3,0,6,0,2,6,7,7,4,7,7,14,7,18,0.008064516129032258,0.01881720430107527
gf2^6_mult,371_5,212,120,372,3,3,3,3,0,6,0,2,6,7,7,4,7,7,14,7,18,0.008064516129032258,0.01881720430107527
gf2^6_mult,371_5,213,120,372,3,3,3,3,0,6,0,2,6,7,7,4,7,7,14,7,18,0.008064516129032258,0.01881720430107527
gf2^6_mult,371_5,214,120,372,3,3,3,3,0,6,0,2,6,7,7,4,7,7,14,7,18,0.008064516129032258,0.01881720430107527
gf2^6_mult,371_5,215,120,372,3,3,3,3,0,6,0,2,6,7,7,4,7,7,14,7,18,0.008064516129032258,0.01881720430107527
gf2^6_mult,371_5,216,1506,372,4,5,4,5,0,9,0,3,8,10,11,6,10,12,22,10,27,0.010752688172043012,0.026881720430107527
gf2^6_mult,371_5,217,1581,373,5,4,5,4,0,9,0,3,8,11,10,6,12,10,22,11,28,0.013404825737265416,0.029490616621983913
gf2^6_mult,371_5,218,1565,372,4,4,4,4,0,8,0,3,8,10,10,6,10,10,20,10,27,0.010752688172043012,0.026881720430107527
gf2^6_mult,371_5,219,120,372,3,3,3,3,0,6,0,2,6,7,7,4,7,7,14,7,18,0.008064516129032258,0.01881720430107527
gf2^6_mult,371_5,220,120,372,3,3,3,3,0,6,0,2,6,7,7,4,7,7,14,7,18,0.008064516129032258,0.01881720430107527
gf2^6_mult,371_5,221,812,372,2,3,2,3,0,5,0,3,4,8,9,6,7,9,16,8,18,0.005376344086021506,0.021505376344086023
gf2^6_mult,371_5,222,813,373,3,2,3,2,0,5,0,3,4,9,8,6,9,7,16,9,19,0.00804289544235925,0.024128686327077747
gf2^6_mult,371_5,223,3428,372,2,3,2,3,0,5,0,3,6,8,9,6,7,9,16,8,22,0.005376344086021506,0.021505376344086023
gf2^6_mult,371_5,224,3430,373,3,2,3,2,0,5,0,3,6,9,8,6,9,7,16,9,23,0.00804289544235925,0.024128686327077747
gf2^6_mult,371_5,225,120,372,3,3,3,3,0,6,0,2,6,7,7,4,7,7,14,7,18,0.008064516129032258,0.01881720430107527
gf2^6_mult,371_5,226,120,372,3,3,3,3,0,6,0,2,6,7,7,4,7,7,14,7,18,0.008064516129032258,0.01881720430107527
gf2^6_mult,371_5,227,36,372,2,4,2,4,0,6,0,2,4,5,7,3,5,9,14,5,13,0.005376344086021506,0.013440860215053764
gf2^6_mult,371_5,228,37,374,4,2,4,2,0,6,0,2,4,7,5,3,9,5,14,7,15,0.0106951871657754,0.01871657754010695
gf2^6_mult,371_5,229,3417,372,2,3,2,3,0,5,0,3,4,8,9,6,7,9,16,8,17,0.005376344086021506,0.021505376344086023
gf2^6_mult,371_5,230,815,373,3,2,3,2,0,5,0,3,5,9,8,6,9,7,16,9,18,0.00804289544235925,0.024128686327077747
gf2^6_mult,371_5,231,820,372,2,3,2,3,0,5,0,3,4,8,9,6,7,9,16,8,17,0.005376344086021506,0.021505376344086023
gf2^6_mult,371_5,232,4382,373,2,2,2,2,0,4,0,3,4,7,7,5,7,7,14,7,16,0.005361930294906166,0.01876675603217158
gf2^6_mult,371_5,233,3424,373,3,2,3,2,0,5,0,3,5,9,8,6,9,7,16,9,18,0.00804289544235925,0.024128686327077747
gf2^6_mult,371_5,234,40,372,2,4,2,4,0,6,0,2,4,6,8,4,5,9,14,6,14,0.005376344086021506,0.016129032258064516
gf2^6_mult,371_5,235,43,374,4,2,4,2,0,6,0,2,4,8,6,4,9,5,14,8,16,0.0106951871657754,0.0213903743315508
gf2^6_mult,371_5,236,120,372,3,3,3,3,0,6,0,2,6,7,7,4,7,7,14,7,18,0.008064516129032258,0.01881720430107527
gf2^6_mult,371_5,237,942,372,3,4,3,4,0,7,0,3,5,8,9,5,8,10,18,8,20,0.008064516129032258,0.021505376344086023
gf2^6_mult,371_5,238,3430,373,3,2,3,2,0,5,0,3,5,9,8,6,9,7,16,9,23,0.00804289544235925,0.024128686327077747
gf2^6_mult,371_5,239,120,372,3,3,3,3,0,6,0,2,6,7,7,4,7,7,14,7,18,0.008064516129032258,0.01881720430107527
gf2^6_mult,371_5,240,3429,372,2,3,2,3,0,5,0,3,6,8,9,6,7,9,16,8,22,0.005376344086021506,0.021505376344086023
gf2^6_mult,371_5,241,3424,373,3,2,3,2,0,5,0,3,6,9,8,6,9,7,16,9,23,0.00804289544235925,0.024128686327077747
gf2^6_mult,371_5,242,1564,372,4,4,4,4,0,8,0,3,8,10,10,6,10,10,20,10,27,0.010752688172043012,0.026881720430107527
gf2^6_mult,371_5,243,1565,372,4,4,4,4,0,8,0,3,8,10,10,6,10,10,20,10,27,0.010752688172043012,0.026881720430107527
gf2^6_mult,371_5,244,121,372,3,3,3,3,0,6,0,2,6,7,7,4,7,7,14,7,18,0.008064516129032258,0.01881720430107527
gf2^6_mult,371_5,245,120,372,3,3,3,3,0,6,0,2,5,7,7,4,7,7,14,7,17,0.008064516129032258,0.01881720430107527
gf2^6_mult,371_5,246,121,372,3,3,3,3,0,6,0,2,6,7,7,4,7,7,14,7,18,0.008064516129032258,0.01881720430107527
gf2^6_mult,371_5,247,121,372,3,3,3,3,0,6,0,2,6,7,7,4,7,7,14,7,18,0.008064516129032258,0.01881720430107527
gf2^6_mult,371_5,248,120,372,3,3,3,3,0,6,0,2,6,7,7,4,7,7,14,7,18,0.008064516129032258,0.01881720430107527
gf2^6_mult,371_5,249,120,372,3,3,3,3,0,6,0,2,5,7,7,4,7,7,14,7,17,0.008064516129032258,0.01881720430107527
gf2^6_mult,371_5,250,120,372,3,3,3,3,0,6,0,2,6,7,7,4,7,7,14,7,18,0.008064516129032258,0.01881720430107527
gf2^6_mult,371_5,251,120,372,3,3,3,3,0,6,0,2,6,7,7,4,7,7,14,7,18,0.008064516129032258,0.01881720430107527
gf2^6_mult,371_5,252,120,372,3,3,3,3,0,6,0,2,6,7,7,4,7,7,14,7,18,0.008064516129032258,0.01881720430107527
gf2^6_mult,371_5,253,120,372,3,3,3,3,0,6,0,2,6,7,7,4,7,7,14,7,18,0.008064516129032258,0.01881720430107527
gf2^6_mult,371_5,254,120,372,3,3,3,3,0,6,0,2,6,7,7,4,7,7,14,7,18,0.008064516129032258,0.01881720430107527
gf2^6_mult,371_5,255,121,372,3,3,3,3,0,6,0,2,5,7,7,4,7,7,14,7,17,0.008064516129032258,0.01881720430107527
gf2^6_mult,371_5,256,120,372,3,3,3,3,0,6,0,2,6,7,7,4,7,7,14,7,18,0.008064516129032258,0.01881720430107527
gf2^6_mult,371_5,257,120,372,3,3,3,3,0,6,0,2,6,7,7,4,7,7,14,7,18,0.008064516129032258,0.01881720430107527
gf2^6_mult,371_5,258,120,372,3,3,3,3,0,6,0,2,6,7,7,4,7,7,14,7,18,0.008064516129032258,0.01881720430107527
gf2^6_mult,371_5,259,120,372,3,3,3,3,0,6,0,2,6,7,7,4,7,7,14,7,18,0.008064516129032258,0.01881720430107527
gf2^6_mult,371_5,260,819,372,3,2,3,2,0,5,0,3,4,9,8,6,9,7,16,9,19,0.008064516129032258,0.024193548387096774
gf2^6_mult,373_1,0,4409,374,2,2,2,2,0,4,0,3,6,8,8,6,7,7,14,8,24,0.0053475935828877,0.0213903743315508
gf2^6_mult,373_1,1,120,374,3,3,3,3,0,6,0,2,5,7,7,4,7,7,14,7,19,0.008021390374331552,0.01871657754010695
gf2^6_mult,373_1,2,120,374,3,3,3,3,0,6,0,2,5,7,7,4,7,7,14,7,19,0.008021390374331552,0.01871657754010695
gf2^6_mult,373_1,3,4385,374,2,2,2,2,0,4,0,3,5,8,8,6,7,7,14,8,19,0.0053475935828877,0.0213903743315508
gf2^6_mult,373_1,4,4406,374,2,2,2,2,0,4,0,3,6,8,8,6,7,7,14,8,20,0.0053475935828877,0.0213903743315508
gf2^6_mult,373_1,5,4349,374,2,2,2,2,0,4,0,3,3,8,8,6,7,7,14,8,20,0.0053475935828877,0.0213903743315508
gf2^6_mult,373_1,6,42,374,2,4,2,4,0,6,0,2,4,6,8,4,5,9,14,6,15,0.0053475935828877,0.016042780748663103
gf2^6_mult,373_1,7,44,376,2,2,2,2,0,4,0,2,4,6,6,4,5,5,10,6,13,0.005319148936170213,0.015957446808510637
gf2^6_mult,373_1,8,4373,376,2,2,2,2,0,4,0,3,4,7,7,5,7,7,14,7,16,0.005319148936170213,0.018617021276595744
gf2^6_mult,373_1,9,4383,376,2,3,2,3,0,5,0,3,4,7,8,5,7,9,16,7,16,0.005319148936170213,0.018617021276595744
gf2^6_mult,373_1,10,4353,377,3,2,3,2,0,5,0,3,4,8,7,5,9,7,16,8,17,0.007957559681697613,0.021220159151193633
gf2^6_mult,373_1,11,4370,376,2,2,2,2,0,4,0,3,4,7,7,5,7,7,14,7,16,0.005319148936170213,0.018617021276595744
gf2^6_mult,373_1,12,4346,376,2,2,2,2,0,4,0,3,4,7,7,5,7,7,14,7,16,0.005319148936170213,0.018617021276595744
gf2^6_mult,373_1,13,4346,376,2,2,2,2,0,4,0,3,4,7,7,5,7,7,14,7,16,0.005319148936170213,0.018617021276595744
gf2^6_mult,373_1,14,4346,376,2,2,2,2,0,4,0,3,4,7,7,5,7,7,14,7,16,0.005319148936170213,0.018617021276595744
gf2^6_mult,373_1,15,4346,376,2,2,2,2,0,4,0,3,4,7,7,5,7,7,14,7,16,0.005319148936170213,0.018617021276595744
gf2^6_mult,373_1,16,4349,376,2,2,2,2,0,4,0,3,4,7,7,5,7,7,14,7,16,0.005319148936170213,0.018617021276595744
gf2^6_mult,373_1,17,4370,376,2,2,2,2,0,4,0,3,6,8,8,6,7,7,14,8,19,0.005319148936170213,0.02127659574468085
gf2^6_mult,373_1,18,3838,376,5,4,5,4,0,9,0,3,6,10,9,5,12,10,22,10,22,0.013297872340425532,0.026595744680851064
gf2^6_mult,373_1,19,38,375,2,2,2,2,0,4,0,2,3,6,6,4,5,5,10,6,12,0.005333333333333333,0.016
gf2^6_mult,373_1,20,4394,375,2,2,2,2,0,4,0,3,5,8,8,6,7,7,14,8,17,0.005333333333333333,0.021333333333333333
gf2^6_mult,373_1,21,3840,375,4,4,4,4,0,8,0,3,6,10,10,6,10,10,20,10,20,0.010666666666666666,0.02666666666666667
gf2^6_mult,373_1,22,3310,375,5,5,5,5,0,10,0,3,6,11,11,6,11,11,22,11,22,0.013333333333333334,0.029333333333333333
gf2^6_mult,373_1,23,3424,375,3,2,3,2,0,5,0,3,4,9,8,6,9,7,16,9,17,0.008,0.024
gf2^6_mult,373_1,24,4394,374,2,2,2,2,0,4,0,3,5,8,8,6,7,7,14,8,19,0.0053475935828877,0.0213903743315508
gf2^6_mult,373_1,25,4409,374,2,2,2,2,0,4,0,3,5,8,8,6,7,7,14,8,20,0.0053475935828877,0.0213903743315508
gf2^6_mult,373_1,26,39,374,2,2,2,2,0,4,0,2,4,6,6,4,5,5,10,6,13,0.0053475935828877,0.016042780748663103
gf2^6_mult,373_1,27,4349,374,2,2,2,2,0,4,0,3,5,8,8,6,7,7,14,8,21,0.0053475935828877,0.0213903743315508
gf2^6_mult,373_1,28,4349,374,2,2,2,2,0,4,0,3,6,8,8,6,7,7,14,8,21,0.0053475935828877,0.0213903743315508
gf2^6_mult,373_1,29,4385,374,2,2,2,2,0,4,0,3,6,8,8,6,7,7,14,8,22,0.0053475935828877,0.0213903743315508
gf2^6_mult,373_1,30,4361,374,2,2,2,2,0,4,0,3,5,8,8,6,7,7,14,8,20,0.0053475935828877,0.0213903743315508
gf2^6_mult,373_1,31,3435,374,2,3,2,3,0,5,0,3,4,8,9,6,7,9,16,8,19,0.0053475935828877,0.0213903743315508
gf2^6_mult,373_1,32,3438,375,3,2,3,2,0,5,0,3,4,9,8,6,9,7,16,9,20,0.008,0.024
gf2^6_mult,373_1,33,120,374,3,3,3,3,0,6,0,2,5,7,7,4,7,7,14,7,19,0.008021390374331552,0.01871657754010695
gf2^6_mult,373_1,34,4385,374,2,2,2,2,0,4,0,3,6,8,8,6,7,7,14,8,22,0.0053475935828877,0.0213903743315508
gf2^6_mult,373_1,35,42,374,2,4,2,4,0,6,0,2,4,6,8,4,5,9,14,6,15,0.0053475935828877,0.016042780748663103
gf2^6_mult,373_1,36,41,376,4,2,4,2,0,6,0,2,4,8,6,4,9,5,14,8,17,0.010638297872340425,0.02127659574468085
gf2^6_mult,373_1,37,4358,374,2,2,2,2,0,4,0,3,6,8,8,6,7,7,14,8,20,0.0053475935828877,0.0213903743315508
gf2^6_mult,373_1,38,1535,374,4,4,4,4,0,8,0,3,6,10,10,6,10,10,20,10,23,0.0106951871657754,0.026737967914438502
gf2^6_mult,373_1,39,4394,374,2,2,2,2,0,4,0,3,5,8,8,6,7,7,14,8,20,0.0053475935828877,0.0213903743315508
gf2^6_mult,373_1,40,4370,374,2,2,2,2,0,4,0,3,5,8,8,6,7,7,14,8,21,0.0053475935828877,0.0213903743315508
gf2^6_mult,373_1,41,120,374,3,3,3,3,0,6,0,2,6,7,7,4,7,7,14,7,19,0.008021390374331552,0.01871657754010695
gf2^6_mult,373_1,42,121,374,3,3,3,3,0,6,0,2,5,7,7,4,7,7,14,7,18,0.008021390374331552,0.01871657754010695
gf2^6_mult,373_1,43,4385,374,2,2,2,2,0,4,0,3,6,8,8,6,7,7,14,8,22,0.0053475935828877,0.0213903743315508
gf2^6_mult,373_1,44,4406,374,2,2,2,2,0,4,0,3,6,8,8,6,7,7,14,8,19,0.0053475935828877,0.0213903743315508
gf2^6_mult,373_1,45,4373,374,2,2,2,2,0,4,0,3,6,8,8,6,7,7,14,8,21,0.0053475935828877,0.0213903743315508
gf2^6_mult,373_1,46,4406,374,2,2,2,2,0,4,0,3,5,8,8,6,7,7,14,8,20,0.0053475935828877,0.0213903743315508
gf2^6_mult,373_1,47,4385,374,2,2,2,2,0,4,0,3,6,8,8,6,7,7,14,8,21,0.0053475935828877,0.0213903743315508
gf2^6_mult,373_1,48,44,374,2,2,2,2,0,4,0,2,4,6,6,4,5,5,10,6,16,0.0053475935828877,0.016042780748663103
gf2^6_mult,373_1,49,3566,374,3,4,3,4,0,7,0,3,6,9,10,6,8,10,18,9,21,0.008021390374331552,0.02406417112299465
gf2^6_mult,373_1,50,1483,375,4,3,4,3,0,7,0,3,6,10,9,6,10,8,18,10,22,0.010666666666666666,0.02666666666666667
gf2^6_mult,373_1,51,40,374,2,4,2,4,0,6,0,2,4,6,8,4,5,9,14,6,15,0.0053475935828877,0.016042780748663103
gf2^6_mult,373_1,52,41,376,4,2,4,2,0,6,0,2,4,8,6,4,9,5,14,8,17,0.010638297872340425,0.02127659574468085
gf2^6_mult,373_1,53,4406,374,2,2,2,2,0,4,0,3,7,8,8,6,7,7,14,8,21,0.0053475935828877,0.0213903743315508
gf2^6_mult,373_1,54,4373,374,2,2,2,2,0,4,0,3,6,8,8,6,7,7,14,8,22,0.0053475935828877,0.0213903743315508
gf2^6_mult,373_1,55,4398,374,2,3,2,3,0,5,0,3,5,8,9,6,7,9,16,8,20,0.0053475935828877,0.0213903743315508
gf2^6_mult,373_1,56,4404,375,3,2,3,2,0,5,0,3,5,9,8,6,9,7,16,9,21,0.008,0.024
gf2^6_mult,373_1,57,121,374,3,3,3,3,0,6,0,2,5,7,7,4,7,7,14,7,19,0.008021390374331552,0.01871657754010695
gf2^6_mult,373_1,58,4349,374,2,2,2,2,0,4,0,3,5,8,8,6,7,7,14,8,19,0.0053475935828877,0.0213903743315508
gf2^6_mult,373_1,59,4397,374,2,2,2,2,0,4,0,3,5,8,8,6,7,7,14,8,18,0.0053475935828877,0.0213903743315508
gf2^6_mult,373_1,60,4409,374,2,2,2,2,0,4,0,3,4,8,8,6,7,7,14,8,19,0.0053475935828877,0.0213903743315508
gf2^6_mult,373_1,61,4385,374,2,2,2,2,0,4,0,3,3,8,8,6,7,7,14,8,20,0.0053475935828877,0.0213903743315508
gf2^6_mult,373_1,62,39,374,2,2,2,2,0,4,0,2,4,6,6,4,5,5,10,6,16,0.0053475935828877,0.016042780748663103
gf2^6_mult,373_1,63,814,374,2,3,2,3,0,5,0,3,5,8,9,6,7,9,16,8,18,0.0053475935828877,0.0213903743315508
gf2^6_mult,373_1,64,815,375,3,2,3,2,0,5,0,3,5,9,8,6,9,7,16,9,19,0.008,0.024
gf2^6_mult,373_1,65,4349,374,2,2,2,2,0,4,0,3,5,8,8,6,7,7,14,8,20,0.0053475935828877,0.0213903743315508
gf2^6_mult,373_1,66,808,374,2,3,2,3,0,5,0,3,4,8,9,6,7,9,16,8,19,0.0053475935828877,0.0213903743315508
gf2^6_mult,373_1,67,823,375,3,2,3,2,0,5,0,3,4,9,8,6,9,7,16,9,20,0.008,0.024
gf2^6_mult,373_1,68,40,374,2,4,2,4,0,6,0,2,5,6,8,4,5,9,14,6,16,0.0053475935828877,0.016042780748663103
gf2^6_mult,373_1,69,41,376,4,2,4,2,0,6,0,2,5,8,6,4,9,5,14,8,18,0.010638297872340425,0.02127659574468085
gf2^6_mult,373_1,70,39,374,2,2,2,2,0,4,0,2,5,6,6,4,5,5,10,6,16,0.0053475935828877,0.016042780748663103
gf2^6_mult,373_1,71,1468,374,4,5,4,5,0,9,0,3,5,10,11,6,10,12,22,10,20,0.0106951871657754,0.026737967914438502
gf2^6_mult,373_1,72,38,375,2,2,2,2,0,4,0,2,4,6,6,4,5,5,10,6,13,0.005333333333333333,0.016
gf2^6_mult,373_1,73,3429,375,2,3,2,3,0,5,0,3,6,8,9,6,7,9,16,8,19,0.005333333333333333,0.021333333333333333
gf2^6_mult,373_1,74,3424,376,3,2,3,2,0,5,0,3,6,9,8,6,9,7,16,9,20,0.007978723404255319,0.023936170212765957
gf2^6_mult,373_1,75,3417,375,2,3,2,3,0,5,0,3,4,8,9,6,7,9,16,8,19,0.005333333333333333,0.021333333333333333
gf2^6_mult,373_1,76,817,376,3,2,3,2,0,5,0,3,4,9,8,6,9,7,16,9,20,0.007978723404255319,0.023936170212765957
gf2^6_mult,373_1,77,3429,375,2,3,2,3,0,5,0,3,5,8,9,6,7,9,16,8,18,0.005333333333333333,0.021333333333333333
gf2^6_mult,373_1,78,3433,376,3,3,3,3,0,6,0,3,5,9,9,6,9,9,18,9,19,0.007978723404255319,0.023936170212765957
gf2^6_mult,373_1,79,3430,376,3,2,3,2,0,5,0,3,5,9,8,6,9,7,16,9,19,0.007978723404255319,0.023936170212765957
gf2^6_mult,373_1,80,820,375,2,3,2,3,0,5,0,3,6,8,9,6,7,9,16,8,20,0.005333333333333333,0.021333333333333333
gf2^6_mult,373_1,81,937,376,4,3,4,3,0,7,0,3,5,9,8,5,10,8,18,9,21,0.010638297872340425,0.023936170212765957
gf2^6_mult,373_1,82,4382,375,2,2,2,2,0,4,0,3,6,8,8,6,7,7,14,8,19,0.005333333333333333,0.021333333333333333
gf2^6_mult,373_1,83,39,375,2,2,2,2,0,4,0,2,4,6,6,4,5,5,10,6,13,0.005333333333333333,0.016
gf2^6_mult,373_1,84,4409,375,2,2,2,2,0,4,0,3,5,8,8,6,7,7,14,8,18,0.005333333333333333,0.021333333333333333
gf2^6_mult,373_1,85,40,375,2,4,2,4,0,6,0,2,4,6,8,4,5,9,14,6,15,0.005333333333333333,0.016
gf2^6_mult,373_1,86,4370,377,2,2,2,2,0,4,0,3,4,7,7,5,7,7,14,7,19,0.005305039787798408,0.01856763925729443
gf2^6_mult,373_1,87,44,377,2,2,2,2,0,4,0,2,4,6,6,4,5,5,10,6,13,0.005305039787798408,0.015915119363395226
gf2^6_mult,373_1,88,1469,377,5,4,5,4,0,9,0,3,5,11,10,6,12,10,22,11,22,0.013262599469496022,0.029177718832891247
gf2^6_mult,373_1,89,954,376,3,5,3,5,0,8,0,3,5,9,11,6,8,12,20,9,19,0.007978723404255319,0.023936170212765957
gf2^6_mult,373_1,90,955,378,5,3,5,3,0,8,0,3,5,11,9,6,12,8,20,11,21,0.013227513227513227,0.0291005291005291
gf2^6_mult,373_1,91,962,376,3,5,3,5,0,8,0,3,5,9,11,6,8,12,20,9,19,0.007978723404255319,0.023936170212765957
gf2^6_mult,373_1,92,961,378,5,3,5,3,0,8,0,3,5,11,9,6,12,8,20,11,21,0.013227513227513227,0.0291005291005291
gf2^6_mult,373_1,93,4349,376,2,2,2,2,0,4,0,3,4,7,7,5,7,7,14,7,19,0.005319148936170213,0.018617021276595744
gf2^6_mult,373_1,94,962,376,3,5,3,5,0,8,0,3,5,9,11,6,8,12,20,9,20,0.007978723404255319,0.023936170212765957
gf2^6_mult,373_1,95,963,378,5,3,5,3,0,8,0,3,5,11,9,6,12,8,20,11,22,0.013227513227513227,0.0291005291005291
gf2^6_mult,373_1,96,960,376,3,5,3,5,0,8,0,3,5,9,11,6,8,12,20,9,20,0.007978723404255319,0.023936170212765957
gf2^6_mult,373_1,97,961,378,5,3,5,3,0,8,0,3,5,11,9,6,12,8,20,11,22,0.013227513227513227,0.0291005291005291
gf2^6_mult,373_1,98,126,376,3,3,3,3,0,6,0,2,3,7,7,4,7,7,14,7,14,0.007978723404255319,0.018617021276595744
gf2^6_mult,373_1,99,111,376,3,3,3,3,0,6,0,2,3,7,7,4,7,7,14,7,14,0.007978723404255319,0.018617021276595744
gf2^6_mult,373_1,100,44,376,2,2,2,2,0,4,0,2,2,5,5,3,5,5,10,5,9,0.005319148936170213,0.013297872340425532
gf2^6_mult,373_1,101,133,376,5,3,5,3,0,8,0,2,4,9,7,4,10,6,16,9,19,0.013297872340425532,0.023936170212765957
gf2^6_mult,373_1,102,4349,374,2,2,2,2,0,4,0,3,6,8,8,6,7,7,14,8,22,0.0053475935828877,0.0213903743315508
gf2^6_mult,373_1,103,1542,374,4,5,4,5,0,9,0,3,5,10,11,6,10,12,22,10,20,0.0106951871657754,0.026737967914438502
gf2^6_mult,373_1,104,1564,375,4,4,4,4,0,8,0,3,4,9,9,5,10,10,20,9,16,0.010666666666666666,0.024
gf2^6_mult,373_1,105,3422,375,2,3,2,3,0,5,0,3,6,8,9,6,7,9,16,8,20,0.005333333333333333,0.021333333333333333
gf2^6_mult,373_1,106,4406,376,2,2,2,2,0,4,0,3,5,8,8,6,7,7,14,8,19,0.005319148936170213,0.02127659574468085
gf2^6_mult,373_1,107,3424,376,3,2,3,2,0,5,0,3,6,9,8,6,9,7,16,9,21,0.007978723404255319,0.023936170212765957
gf2^6_mult,373_1,108,1579,375,5,4,5,4,0,9,0,3,5,11,10,6,12,10,22,11,21,0.013333333333333334,0.029333333333333333
gf2^6_mult,373_1,109,1482,374,3,4,3,4,0,7,0,3,4,7,8,4,6,8,14,7,15,0.008021390374331552,0.01871657754010695
gf2^6_mult,373_1,110,953,375,4,3,4,3,0,7,0,3,4,8,7,4,8,6,14,8,16,0.010666666666666666,0.021333333333333333
gf2^6_mult,373_1,111,4382,374,2,2,2,2,0,4,0,3,3,8,8,6,7,7,14,8,20,0.0053475935828877,0.0213903743315508
gf2^6_mult,373_1,112,120,374,3,3,3,3,0,6,0,2,5,6,6,3,6,6,12,6,15,0.008021390374331552,0.016042780748663103
gf2^6_mult,373_1,113,4409,374,2,2,2,2,0,4,0,3,4,8,8,6,7,7,14,8,19,0.0053475935828877,0.0213903743315508
gf2^6_mult,373_1,114,938,374,3,4,3,4,0,7,0,3,3,8,9,5,8,10,18,8,17,0.008021390374331552,0.0213903743315508
gf2^6_mult,373_1,115,4385,375,2,2,2,2,0,4,0,3,5,8,8,6,7,7,14,8,20,0.005333333333333333,0.021333333333333333
gf2^6_mult,373_1,116,3564,375,4,3,4,3,0,7,0,3,3,9,8,5,10,8,18,9,18,0.010666666666666666,0.024
gf2^6_mult,373_1,117,42,374,2,4,2,4,0,6,0,2,5,6,8,4,5,9,14,6,14,0.0053475935828877,0.016042780748663103
gf2^6_mult,373_1,118,41,376,4,2,4,2,0,6,0,2,5,8,6,4,9,5,14,8,16,0.010638297872340425,0.02127659574468085
gf2^6_mult,373_1,119,4385,374,2,2,2,2,0,4,0,3,5,8,8,6,7,7,14,8,20,0.0053475935828877,0.0213903743315508
gf2^6_mult,373_1,120,4370,374,2,2,2,2,0,4,0,3,5,8,8,6,7,7,14,8,22,0.0053475935828877,0.0213903743315508
gf2^6_mult,373_1,121,36,374,2,4,2,4,0,6,0,2,4,6,8,4,5,9,14,6,15,0.0053475935828877,0.016042780748663103
gf2^6_mult,373_1,122,37,376,4,2,4,2,0,6,0,2,4,8,6,4,9,5,14,8,17,0.010638297872340425,0.02127659574468085
gf2^6_mult,373_1,123,4406,374,2,2,2,2,0,4,0,3,5,8,8,6,7,7,14,8,20,0.0053475935828877,0.0213903743315508
gf2^6_mult,373_1,124,4385,374,2,2,2,2,0,4,0,3,6,8,8,6,7,7,14,8,21,0.0053475935828877,0.0213903743315508
gf2^6_mult,373_1,125,42,374,2,4,2,4,0,6,0,2,5,6,8,4,5,9,14,6,17,0.0053475935828877,0.016042780748663103
gf2^6_mult,373_1,126,43,376,4,2,4,2,0,6,0,2,5,8,6,4,9,5,14,8,19,0.010638297872340425,0.02127659574468085
gf2^6_mult,373_1,127,1496,374,4,4,4,4,0,8,0,3,7,10,10,6,10,10,20,10,26,0.0106951871657754,0.026737967914438502
gf2^6_mult,373_1,128,4382,374,2,2,2,2,0,4,0,3,3,8,8,6,7,7,14,8,20,0.0053475935828877,0.0213903743315508
gf2^6_mult,373_1,129,3417,374,2,3,2,3,0,5,0,3,5,8,9,6,7,9,16,8,22,0.0053475935828877,0.0213903743315508
gf2^6_mult,373_1,130,4394,375,2,2,2,2,0,4,0,3,6,8,8,6,7,7,14,8,21,0.005333333333333333,0.021333333333333333
gf2^6_mult,373_1,131,817,375,3,2,3,2,0,5,0,3,5,9,8,6,9,7,16,9,23,0.008,0.024
gf2^6_mult,373_1,132,39,374,2,2,2,2,0,4,0,2,4,6,6,4,5,5,10,6,17,0.0053475935828877,0.016042780748663103
gf2^6_mult,373_1,133,39,374,2,2,2,2,0,4,0,2,4,6,6,4,5,5,10,6,16,0.0053475935828877,0.016042780748663103
gf2^6_mult,373_1,134,42,374,2,4,2,4,0,6,0,2,4,6,8,4,5,9,14,6,15,0.0053475935828877,0.016042780748663103
gf2^6_mult,373_1,135,43,376,4,2,4,2,0,6,0,2,4,8,6,4,9,5,14,8,17,0.010638297872340425,0.02127659574468085
gf2^6_mult,373_1,136,4349,374,2,2,2,2,0,4,0,3,6,8,8,6,7,7,14,8,21,0.0053475935828877,0.0213903743315508
gf2^6_mult,373_1,137,42,374,2,4,2,4,0,6,0,2,4,6,8,4,5,9,14,6,15,0.0053475935828877,0.016042780748663103
gf2^6_mult,373_1,138,4346,376,2,2,2,2,0,4,0,3,5,7,7,5,7,7,14,7,18,0.005319148936170213,0.018617021276595744
gf2^6_mult,373_1,139,815,376,3,2,3,2,0,5,0,3,5,9,8,6,9,7,16,9,19,0.007978723404255319,0.023936170212765957
gf2^6_mult,373_1,140,4409,375,2,2,2,2,0,4,0,3,6,8,8,6,7,7,14,8,21,0.005333333333333333,0.021333333333333333
gf2^6_mult,373_1,141,1564,375,4,4,4,4,0,8,0,3,6,10,10,6,10,10,20,10,24,0.010666666666666666,0.02666666666666667
gf2^6_mult,373_1,142,1470,375,4,4,4,4,0,8,0,3,5,9,9,5,10,10,20,9,21,0.010666666666666666,0.024
gf2^6_mult,373_1,143,4412,375,3,2,3,2,0,5,0,3,5,9,8,6,9,7,16,9,20,0.008,0.024
gf2^6_mult,373_1,144,4382,374,2,2,2,2,0,4,0,3,6,8,8,6,7,7,14,8,22,0.0053475935828877,0.0213903743315508
gf2^6_mult,373_1,145,4370,374,2,2,2,2,0,4,0,3,5,8,8,6,7,7,14,8,22,0.0053475935828877,0.0213903743315508
gf2^6_mult,373_1,146,3422,374,2,3,2,3,0,5,0,3,5,8,9,6,7,9,16,8,15,0.0053475935828877,0.0213903743315508
gf2^6_mult,373_1,147,808,375,2,3,2,3,0,5,0,3,5,7,8,5,7,9,16,7,15,0.005333333333333333,0.018666666666666668
gf2^6_mult,373_1,148,823,376,3,2,3,2,0,5,0,3,5,8,7,5,9,7,16,8,16,0.007978723404255319,0.02127659574468085
gf2^6_mult,373_1,149,38,375,2,2,2,2,0,4,0,2,3,6,6,4,5,5,10,6,12,0.005333333333333333,0.016
gf2^6_mult,373_1,150,45,375,2,2,2,2,0,4,0,2,3,6,6,4,5,5,10,6,12,0.005333333333333333,0.016
gf2^6_mult,373_1,151,4349,375,2,2,2,2,0,4,0,3,6,8,8,6,7,7,14,8,19,0.005333333333333333,0.021333333333333333
gf2^6_mult,373_1,152,4409,375,2,2,2,2,0,4,0,3,5,7,7,5,6,6,12,7,19,0.005333333333333333,0.018666666666666668
gf2^6_mult,373_1,153,1470,375,4,4,4,4,0,8,0,3,6,9,9,5,10,10,20,9,19,0.010666666666666666,0.024
gf2^6_mult,373_1,154,4368,375,3,2,3,2,0,5,0,3,4,9,8,6,9,7,16,9,16,0.008,0.024
gf2^6_mult,373_1,155,812,374,2,3,2,3,0,5,0,3,6,8,9,6,7,9,16,8,21,0.0053475935828877,0.0213903743315508
gf2^6_mult,373_1,156,813,375,3,2,3,2,0,5,0,3,6,9,8,6,9,7,16,9,22,0.008,0.024
gf2^6_mult,373_1,157,4370,374,2,2,2,2,0,4,0,3,5,8,8,6,7,7,14,8,22,0.0053475935828877,0.0213903743315508
gf2^6_mult,373_1,158,4370,374,2,2,2,2,0,4,0,3,4,7,7,5,6,6,12,7,17,0.0053475935828877,0.01871657754010695
gf2^6_mult,373_1,159,42,374,2,4,2,4,0,6,0,2,4,6,8,4,5,9,14,6,13,0.0053475935828877,0.016042780748663103
gf2^6_mult,373_1,160,41,376,4,2,4,2,0,6,0,2,4,8,6,4,9,5,14,8,15,0.010638297872340425,0.02127659574468085
gf2^6_mult,373_1,161,4385,374,2,2,2,2,0,4,0,3,6,8,8,6,7,7,14,8,19,0.0053475935828877,0.0213903743315508
gf2^6_mult,373_1,162,4358,374,2,2,2,2,0,4,0,3,5,8,8,6,7,7,14,8,19,0.0053475935828877,0.0213903743315508
gf2^6_mult,373_1,163,4385,374,2,2,2,2,0,4,0,3,6,8,8,6,7,7,14,8,20,0.0053475935828877,0.0213903743315508
gf2^6_mult,373_1,164,3429,374,2,3,2,3,0,5,0,3,4,8,9,6,7,9,16,8,18,0.0053475935828877,0.0213903743315508
gf2^6_mult,373_1,165,3432,375,3,2,3,2,0,5,0,3,4,9,8,6,9,7,16,9,19,0.008,0.024
gf2^6_mult,373_1,166,1565,374,4,4,4,4,0,8,0,3,6,10,10,6,10,10,20,10,23,0.0106951871657754,0.026737967914438502
gf2^6_mult,373_1,167,4349,374,2,2,2,2,0,4,0,3,6,8,8,6,7,7,14,8,20,0.0053475935828877,0.0213903743315508
gf2^6_mult,373_1,168,4370,374,2,2,2,2,0,4,0,3,6,8,8,6,7,7,14,8,20,0.0053475935828877,0.0213903743315508
gf2^6_mult,373_1,169,4370,374,2,2,2,2,0,4,0,3,5,8,8,6,7,7,14,8,22,0.0053475935828877,0.0213903743315508
gf2^6_mult,373_1,170,4397,374,2,2,2,2,0,4,0,3,5,8,8,6,7,7,14,8,18,0.0053475935828877,0.0213903743315508
gf2^6_mult,373_1,171,940,374,3,4,3,4,0,7,0,3,6,9,10,6,8,10,18,9,23,0.008021390374331552,0.02406417112299465
gf2^6_mult,373_1,172,3423,375,2,3,2,3,0,5,0,3,3,7,8,5,6,8,14,7,15,0.005333333333333333,0.018666666666666668
gf2^6_mult,373_1,173,1483,376,4,3,4,3,0,7,0,3,6,10,9,6,10,8,18,10,24,0.010638297872340425,0.026595744680851064
gf2^6_mult,373_1,174,121,375,3,3,3,3,0,6,0,2,4,6,6,3,6,6,12,6,12,0.008,0.016
gf2^6_mult,373_1,175,4370,375,2,2,2,2,0,4,0,3,6,8,8,6,7,7,14,8,21,0.005333333333333333,0.021333333333333333
gf2^6_mult,373_1,176,4397,375,2,2,2,2,0,4,0,3,4,8,8,6,7,7,14,8,18,0.005333333333333333,0.021333333333333333
gf2^6_mult,373_1,177,1534,375,4,4,4,4,0,8,0,3,4,8,8,4,9,9,18,8,16,0.010666666666666666,0.021333333333333333
gf2^6_mult,373_1,178,4664,375,2,0,2,0,0,2,0,2,4,6,4,4,6,2,8,6,15,0.005333333333333333,0.016
gf2^6_mult,374_2,0,36,375,2,4,2,4,0,6,0,2,3,6,8,4,5,9,14,6,14,0.005333333333333333,0.016
gf2^6_mult,374_2,1,37,377,4,2,4,2,0,6,0,2,3,8,6,4,9,5,14,8,16,0.010610079575596816,0.021220159151193633
gf2^6_mult,374_2,2,4349,375,2,2,2,2,0,4,0,3,6,8,8,6,7,7,14,8,22,0.005333333333333333,0.021333333333333333
gf2^6_mult,374_2,3,4382,375,2,2,2,2,0,4,0,3,6,8,8,6,7,7,14,8,20,0.005333333333333333,0.021333333333333333
gf2^6_mult,374_2,4,4385,375,2,2,2,2,0,4,0,3,6,8,8,6,7,7,14,8,22,0.005333333333333333,0.021333333333333333
gf2^6_mult,374_2,5,4385,375,2,2,2,2,0,4,0,3,6,8,8,6,7,7,14,8,22,0.005333333333333333,0.021333333333333333
gf2^6_mult,374_2,6,42,375,2,4,2,4,0,6,0,2,6,6,8,4,5,9,14,6,18,0.005333333333333333,0.016
gf2^6_mult,374_2,7,41,377,4,2,4,2,0,6,0,2,6,8,6,4,9,5,14,8,20,0.010610079575596816,0.021220159151193633
gf2^6_mult,374_2,8,1564,375,4,4,4,4,0,8,0,3,7,10,10,6,10,10,20,10,26,0.010666666666666666,0.02666666666666667
gf2^6_mult,374_2,9,4358,375,2,2,2,2,0,4,0,3,4,8,8,6,7,7,14,8,16,0.005333333333333333,0.021333333333333333
gf2^6_mult,374_2,10,1565,375,4,4,4,4,0,8,0,3,7,10,10,6,10,10,20,10,26,0.010666666666666666,0.02666666666666667
gf2^6_mult,374_2,11,4397,375,2,2,2,2,0,4,0,3,4,8,8,6,7,7,14,8,17,0.005333333333333333,0.021333333333333333
gf2^6_mult,374_2,12,4409,375,2,2,2,2,0,4,0,3,5,8,8,6,7,7,14,8,18,0.005333333333333333,0.021333333333333333
gf2^6_mult,374_2,13,4385,375,2,2,2,2,0,4,0,3,6,8,8,6,7,7,14,8,20,0.005333333333333333,0.021333333333333333
gf2^6_mult,374_2,14,120,375,3,3,3,3,0,6,0,2,5,7,7,4,7,7,14,7,18,0.008,0.018666666666666668
gf2^6_mult,374_2,15,1535,375,4,4,4,4,0,8,0,3,6,9,9,5,9,9,18,9,19,0.010666666666666666,0.024
gf2^6_mult,374_2,16,4385,375,2,2,2,2,0,4,0,3,6,8,8,6,7,7,14,8,20,0.005333333333333333,0.021333333333333333
gf2^6_mult,374_2,17,4385,375,2,2,2,2,0,4,0,3,6,8,8,6,7,7,14,8,20,0.005333333333333333,0.021333333333333333
gf2^6_mult,374_2,18,4385,375,2,2,2,2,0,4,0,3,6,8,8,6,7,7,14,8,20,0.005333333333333333,0.021333333333333333
gf2^6_mult,374_2,19,42,375,2,4,2,4,0,6,0,2,4,6,8,4,5,9,14,6,13,0.005333333333333333,0.016
gf2^6_mult,374_2,20,43,377,4,2,4,2,0,6,0,2,4,8,6,4,9,5,14,8,15,0.010610079575596816,0.021220159151193633
gf2^6_mult,374_2,21,4373,375,2,2,2,2,0,4,0,3,6,8,8,6,7,7,14,8,20,0.005333333333333333,0.021333333333333333
gf2^6_mult,374_2,22,4385,375,2,2,2,2,0,4,0,3,5,8,8,6,7,7,14,8,21,0.005333333333333333,0.021333333333333333
gf2^6_mult,374_2,23,4385,375,2,2,2,2,0,4,0,3,6,8,8,6,7,7,14,8,20,0.005333333333333333,0.021333333333333333
gf2^6_mult,374_2,24,4349,375,2,2,2,2,0,4,0,3,5,8,8,6,7,7,14,8,21,0.005333333333333333,0.021333333333333333
gf2^6_mult,374_2,25,4408,375,2,3,2,3,0,5,0,3,5,8,9,6,7,9,16,8,20,0.005333333333333333,0.021333333333333333
gf2^6_mult,374_2,26,4404,376,3,2,3,2,0,5,0,3,5,9,8,6,9,7,16,9,21,0.007978723404255319,0.023936170212765957
gf2^6_mult,374_2,27,4370,375,2,2,2,2,0,4,0,3,6,8,8,6,7,7,14,8,21,0.005333333333333333,0.021333333333333333
gf2^6_mult,374_2,28,4397,375,2,2,2,2,0,4,0,3,6,8,8,6,7,7,14,8,21,0.005333333333333333,0.021333333333333333
gf2^6_mult,374_2,29,4349,375,2,2,2,2,0,4,0,3,6,8,8,6,7,7,14,8,20,0.005333333333333333,0.021333333333333333
gf2^6_mult,374_2,30,40,375,2,4,2,4,0,6,0,2,5,6,8,4,5,9,14,6,17,0.005333333333333333,0.016
gf2^6_mult,374_2,31,43,377,4,2,4,2,0,6,0,2,5,8,6,4,9,5,14,8,19,0.010610079575596816,0.021220159151193633
gf2^6_mult,374_2,32,4349,375,2,2,2,2,0,4,0,3,6,8,8,6,7,7,14,8,20,0.005333333333333333,0.021333333333333333
gf2^6_mult,374_2,33,4349,375,2,2,2,2,0,4,0,3,6,8,8,6,7,7,14,8,20,0.005333333333333333,0.021333333333333333
gf2^6_mult,374_2,34,4346,375,2,2,2,2,0,4,0,3,6,8,8,6,7,7,14,8,20,0.005333333333333333,0.021333333333333333
gf2^6_mult,374_2,35,4385,375,2,2,2,2,0,4,0,3,6,8,8,6,7,7,14,8,20,0.005333333333333333,0.021333333333333333
gf2^6_mult,374_2,36,4373,375,2,2,2,2,0,4,0,3,6,8,8,6,7,7,14,8,20,0.005333333333333333,0.021333333333333333
gf2^6_mult,374_2,37,4385,375,2,2,2,2,0,4,0,3,6,8,8,6,7,7,14,8,20,0.005333333333333333,0.021333333333333333
gf2^6_mult,374_2,38,4382,375,2,2,2,2,0,4,0,3,6,8,8,6,7,7,14,8,20,0.005333333333333333,0.021333333333333333
gf2^6_mult,374_2,39,4385,375,2,2,2,2,0,4,0,3,6,8,8,6,7,7,14,8,21,0.005333333333333333,0.021333333333333333
gf2^6_mult,374_2,40,4370,375,2,2,2,2,0,4,0,3,6,8,8,6,7,7,14,8,21,0.005333333333333333,0.021333333333333333
gf2^6_mult,374_2,41,1535,375,4,4,4,4,0,8,0,3,6,9,9,5,9,9,18,9,20,0.010666666666666666,0.024
gf2^6_mult,374_2,42,1497,375,4,4,4,4,0,8,0,3,6,10,10,6,10,10,20,10,27,0.010666666666666666,0.02666666666666667
gf2^6_mult,374_2,43,4346,375,2,2,2,2,0,4,0,3,6,8,8,6,7,7,14,8,21,0.005333333333333333,0.021333333333333333
gf2^6_mult,374_2,44,4385,375,2,2,2,2,0,4,0,3,6,8,8,6,7,7,14,8,20,0.005333333333333333,0.021333333333333333
gf2^6_mult,374_2,45,4349,375,2,2,2,2,0,4,0,3,6,8,8,6,7,7,14,8,20,0.005333333333333333,0.021333333333333333
gf2^6_mult,374_2,46,4349,375,2,2,2,2,0,4,0,3,6,8,8,6,7,7,14,8,20,0.005333333333333333,0.021333333333333333
gf2^6_mult,374_2,47,4382,375,2,2,2,2,0,4,0,3,6,8,8,6,7,7,14,8,20,0.005333333333333333,0.021333333333333333
gf2^6_mult,374_2,48,4349,375,2,2,2,2,0,4,0,3,6,8,8,6,7,7,14,8,20,0.005333333333333333,0.021333333333333333
gf2^6_mult,374_2,49,4349,375,2,2,2,2,0,4,0,3,6,8,8,6,7,7,14,8,21,0.005333333333333333,0.021333333333333333
gf2^6_mult,374_2,50,4346,375,2,2,2,2,0,4,0,3,6,8,8,6,7,7,14,8,20,0.005333333333333333,0.021333333333333333
gf2^6_mult,374_2,51,4370,375,2,2,2,2,0,4,0,3,6,8,8,6,7,7,14,8,20,0.005333333333333333,0.021333333333333333
gf2^6_mult,374_2,52,4358,375,2,2,2,2,0,4,0,3,7,8,8,6,7,7,14,8,22,0.005333333333333333,0.021333333333333333
gf2^6_mult,374_2,53,39,375,2,2,2,2,0,4,0,2,3,6,6,4,5,5,10,6,14,0.005333333333333333,0.016
gf2^6_mult,374_2,54,4382,375,2,2,2,2,0,4,0,3,6,8,8,6,7,7,14,8,19,0.005333333333333333,0.021333333333333333
gf2^6_mult,374_2,55,4385,375,2,2,2,2,0,4,0,3,6,8,8,6,7,7,14,8,20,0.005333333333333333,0.021333333333333333
gf2^6_mult,374_2,56,4346,375,2,2,2,2,0,4,0,3,6,8,8,6,7,7,14,8,20,0.005333333333333333,0.021333333333333333
gf2^6_mult,374_2,57,4358,375,2,2,2,2,0,4,0,3,7,8,8,6,7,7,14,8,22,0.005333333333333333,0.021333333333333333
gf2^6_mult,374_2,58,4397,375,2,2,2,2,0,4,0,3,6,8,8,6,7,7,14,8,20,0.005333333333333333,0.021333333333333333
gf2^6_mult,374_2,59,45,375,2,2,2,2,0,4,0,2,4,6,6,4,5,5,10,6,16,0.005333333333333333,0.016
gf2^6_mult,374_2,60,4349,375,2,2,2,2,0,4,0,3,6,8,8,6,7,7,14,8,20,0.005333333333333333,0.021333333333333333
gf2^6_mult,374_2,61,4385,375,2,2,2,2,0,4,0,3,6,8,8,6,7,7,14,8,20,0.005333333333333333,0.021333333333333333
gf2^6_mult,374_2,62,4349,375,2,2,2,2,0,4,0,3,6,8,8,6,7,7,14,8,20,0.005333333333333333,0.021333333333333333
gf2^6_mult,374_2,63,4370,375,2,2,2,2,0,4,0,3,6,8,8,6,7,7,14,8,21,0.005333333333333333,0.021333333333333333
gf2^6_mult,374_2,64,4346,375,2,2,2,2,0,4,0,3,6,8,8,6,7,7,14,8,20,0.005333333333333333,0.021333333333333333
gf2^6_mult,374_2,65,940,375,3,4,3,4,0,7,0,3,6,9,10,6,8,10,18,9,23,0.008,0.024
gf2^6_mult,374_2,66,42,376,2,4,2,4,0,6,0,2,5,6,8,4,5,9,14,6,17,0.005319148936170213,0.015957446808510637
gf2^6_mult,374_2,67,41,378,4,2,4,2,0,6,0,2,5,8,6,4,9,5,14,8,19,0.010582010582010581,0.021164021164021163
gf2^6_mult,374_2,68,40,376,2,4,2,4,0,6,0,2,5,6,8,4,5,9,14,6,17,0.005319148936170213,0.015957446808510637
gf2^6_mult,374_2,69,43,378,4,2,4,2,0,6,0,2,5,8,6,4,9,5,14,8,19,0.010582010582010581,0.021164021164021163
gf2^6_mult,374_2,70,945,376,4,3,4,3,0,7,0,3,6,10,9,6,10,8,18,10,24,0.010638297872340425,0.026595744680851064
gf2^6_mult,374_2,71,4382,375,2,2,2,2,0,4,0,3,6,8,8,6,7,7,14,8,21,0.005333333333333333,0.021333333333333333
gf2^6_mult,374_2,72,4358,375,2,2,2,2,0,4,0,3,6,8,8,6,7,7,14,8,20,0.005333333333333333,0.021333333333333333
gf2^6_mult,374_2,73,4385,375,2,2,2,2,0,4,0,3,6,8,8,6,7,7,14,8,21,0.005333333333333333,0.021333333333333333
gf2^6_mult,374_2,74,4382,375,2,2,2,2,0,4,0,3,6,8,8,6,7,7,14,8,20,0.005333333333333333,0.021333333333333333
gf2^6_mult,374_2,75,121,375,3,3,3,3,0,6,0,2,5,7,7,4,7,7,14,7,19,0.008,0.018666666666666668
gf2^6_mult,374_2,76,4382,375,2,2,2,2,0,4,0,3,6,8,8,6,7,7,14,8,20,0.005333333333333333,0.021333333333333333
gf2^6_mult,374_2,77,45,375,2,2,2,2,0,4,0,2,4,6,6,4,5,5,10,6,16,0.005333333333333333,0.016
gf2^6_mult,374_2,78,40,375,2,4,2,4,0,6,0,2,4,6,8,4,5,9,14,6,14,0.005333333333333333,0.016
gf2^6_mult,374_2,79,43,377,4,2,4,2,0,6,0,2,4,8,6,4,9,5,14,8,16,0.010610079575596816,0.021220159151193633
gf2^6_mult,374_2,80,38,375,2,2,2,2,0,4,0,2,4,6,6,4,5,5,10,6,16,0.005333333333333333,0.016
gf2^6_mult,374_2,81,39,375,2,2,2,2,0,4,0,2,4,6,6,4,5,5,10,6,16,0.005333333333333333,0.016
gf2^6_mult,374_2,82,38,375,2,2,2,2,0,4,0,2,4,6,6,4,5,5,10,6,16,0.005333333333333333,0.016
gf2^6_mult,374_2,83,4361,375,2,2,2,2,0,4,0,3,6,8,8,6,7,7,14,8,20,0.005333333333333333,0.021333333333333333
gf2^6_mult,374_2,84,4349,375,2,2,2,2,0,4,0,3,6,8,8,6,7,7,14,8,22,0.005333333333333333,0.021333333333333333
gf2^6_mult,374_2,85,4385,375,2,2,2,2,0,4,0,3,6,8,8,6,7,7,14,8,21,0.005333333333333333,0.021333333333333333
gf2^6_mult,374_2,86,4361,375,2,2,2,2,0,4,0,3,6,8,8,6,7,7,14,8,20,0.005333333333333333,0.021333333333333333
gf2^6_mult,374_2,87,4406,375,2,2,2,2,0,4,0,3,6,8,8,6,7,7,14,8,20,0.005333333333333333,0.021333333333333333
gf2^6_mult,374_2,88,4385,375,2,2,2,2,0,4,0,3,6,8,8,6,7,7,14,8,20,0.005333333333333333,0.021333333333333333
gf2^6_mult,374_2,89,4346,375,2,2,2,2,0,4,0,3,6,8,8,6,7,7,14,8,20,0.005333333333333333,0.021333333333333333
gf2^6_mult,374_2,90,3416,375,2,3,2,3,0,5,0,3,6,8,9,6,7,9,16,8,20,0.005333333333333333,0.021333333333333333
gf2^6_mult,374_2,91,44,376,2,2,2,2,0,4,0,2,4,6,6,4,5,5,10,6,14,0.005319148936170213,0.015957446808510637
gf2^6_mult,374_2,92,819,376,3,2,3,2,0,5,0,3,5,9,8,6,9,7,16,9,20,0.007978723404255319,0.023936170212765957
gf2^6_mult,374_2,93,4385,375,2,2,2,2,0,4,0,3,6,8,8,6,7,7,14,8,20,0.005333333333333333,0.021333333333333333
gf2^6_mult,374_2,94,3422,375,2,3,2,3,0,5,0,3,6,8,9,6,7,9,16,8,18,0.005333333333333333,0.021333333333333333
gf2^6_mult,374_2,95,813,376,3,2,3,2,0,5,0,3,6,9,8,6,9,7,16,9,19,0.007978723404255319,0.023936170212765957
gf2^6_mult,374_2,96,4373,375,2,2,2,2,0,4,0,3,5,8,8,6,7,7,14,8,19,0.005333333333333333,0.021333333333333333
gf2^6_mult,374_2,97,4349,375,2,2,2,2,0,4,0,3,6,8,8,6,7,7,14,8,20,0.005333333333333333,0.021333333333333333
gf2^6_mult,374_2,98,4349,375,2,2,2,2,0,4,0,3,6,8,8,6,7,7,14,8,20,0.005333333333333333,0.021333333333333333
gf2^6_mult,374_2,99,4385,375,2,2,2,2,0,4,0,3,6,8,8,6,7,7,14,8,20,0.005333333333333333,0.021333333333333333
gf2^6_mult,374_2,100,4382,375,2,2,2,2,0,4,0,3,6,8,8,6,7,7,14,8,21,0.005333333333333333,0.021333333333333333
gf2^6_mult,374_2,101,4394,375,2,2,2,2,0,4,0,3,7,8,8,6,7,7,14,8,21,0.005333333333333333,0.021333333333333333
gf2^6_mult,374_2,102,4409,375,2,2,2,2,0,4,0,3,5,8,8,6,7,7,14,8,19,0.005333333333333333,0.021333333333333333
gf2^6_mult,374_2,103,4349,375,2,2,2,2,0,4,0,3,6,8,8,6,7,7,14,8,20,0.005333333333333333,0.021333333333333333
gf2^6_mult,374_2,104,4349,375,2,2,2,2,0,4,0,3,6,8,8,6,7,7,14,8,20,0.005333333333333333,0.021333333333333333
gf2^6_mult,374_2,105,4370,375,2,2,2,2,0,4,0,3,6,8,8,6,7,7,14,8,20,0.005333333333333333,0.021333333333333333
gf2^6_mult,374_2,106,4385,375,2,2,2,2,0,4,0,3,6,8,8,6,7,7,14,8,20,0.005333333333333333,0.021333333333333333
gf2^6_mult,374_2,107,4397,375,2,2,2,2,0,4,0,3,7,8,8,6,7,7,14,8,21,0.005333333333333333,0.021333333333333333
gf2^6_mult,374_2,108,4409,375,2,2,2,2,0,4,0,3,6,8,8,6,7,7,14,8,20,0.005333333333333333,0.021333333333333333
gf2^6_mult,374_2,109,4394,375,2,2,2,2,0,4,0,3,6,8,8,6,7,7,14,8,21,0.005333333333333333,0.021333333333333333
gf2^6_mult,374_2,110,4382,375,2,2,2,2,0,4,0,3,6,8,8,6,7,7,14,8,20,0.005333333333333333,0.021333333333333333
gf2^6_mult,374_2,111,4349,375,2,2,2,2,0,4,0,3,6,8,8,6,7,7,14,8,20,0.005333333333333333,0.021333333333333333
gf2^6_mult,374_2,112,38,375,2,2,2,2,0,4,0,2,4,6,6,4,5,5,10,6,16,0.005333333333333333,0.016
gf2^6_mult,374_2,113,4385,375,2,2,2,2,0,4,0,3,6,8,8,6,7,7,14,8,22,0.005333333333333333,0.021333333333333333
gf2^6_mult,374_2,114,4358,375,2,2,2,2,0,4,0,3,6,8,8,6,7,7,14,8,21,0.005333333333333333,0.021333333333333333
gf2^6_mult,374_2,115,4409,375,2,2,2,2,0,4,0,3,6,8,8,6,7,7,14,8,20,0.005333333333333333,0.021333333333333333
gf2^6_mult,374_2,116,4409,375,2,2,2,2,0,4,0,3,7,8,8,6,7,7,14,8,22,0.005333333333333333,0.021333333333333333
gf2^6_mult,374_2,117,4349,375,2,2,2,2,0,4,0,3,6,8,8,6,7,7,14,8,22,0.005333333333333333,0.021333333333333333
gf2^6_mult,374_2,118,4346,375,2,2,2,2,0,4,0,3,6,8,8,6,7,7,14,8,22,0.005333333333333333,0.021333333333333333
gf2^6_mult,374_2,119,4361,375,2,2,2,2,0,4,0,3,7,8,8,6,7,7,14,8,22,0.005333333333333333,0.021333333333333333
gf2^6_mult,374_2,120,4373,375,2,2,2,2,0,4,0,3,6,8,8,6,7,7,14,8,21,0.005333333333333333,0.021333333333333333
gf2^6_mult,374_2,121,4373,375,2,2,2,2,0,4,0,3,6,8,8,6,7,7,14,8,20,0.005333333333333333,0.021333333333333333
gf2^6_mult,374_2,122,42,375,2,4,2,4,0,6,0,2,4,6,8,4,5,9,14,6,14,0.005333333333333333,0.016
gf2^6_mult,374_2,123,4385,377,2,2,2,2,0,4,0,3,6,8,8,6,7,7,14,8,21,0.005305039787798408,0.021220159151193633
gf2^6_mult,374_2,124,43,377,4,2,4,2,0,6,0,2,3,8,6,4,9,5,14,8,15,0.010610079575596816,0.021220159151193633
gf2^6_mult,374_2,125,4385,375,2,2,2,2,0,4,0,3,6,8,8,6,7,7,14,8,20,0.005333333333333333,0.021333333333333333
gf2^6_mult,374_2,126,4385,375,2,2,2,2,0,4,0,3,6,8,8,6,7,7,14,8,22,0.005333333333333333,0.021333333333333333
gf2^6_mult,374_2,127,40,375,2,4,2,4,0,6,0,2,4,6,8,4,5,9,14,6,16,0.005333333333333333,0.016
gf2^6_mult,374_2,128,41,377,4,2,4,2,0,6,0,2,4,8,6,4,9,5,14,8,18,0.010610079575596816,0.021220159151193633
gf2^6_mult,374_2,129,4349,375,2,2,2,2,0,4,0,3,6,8,8,6,7,7,14,8,20,0.005333333333333333,0.021333333333333333
gf2^6_mult,374_2,130,4373,375,2,2,2,2,0,4,0,3,6,8,8,6,7,7,14,8,20,0.005333333333333333,0.021333333333333333
gf2^6_mult,374_2,131,39,375,2,2,2,2,0,4,0,2,4,6,6,4,5,5,10,6,16,0.005333333333333333,0.016
gf2^6_mult,374_2,132,4409,375,2,2,2,2,0,4,0,3,7,8,8,6,7,7,14,8,22,0.005333333333333333,0.021333333333333333
gf2^6_mult,374_2,133,4394,375,2,2,2,2,0,4,0,3,5,8,8,6,7,7,14,8,20,0.005333333333333333,0.021333333333333333
gf2^6_mult,374_2,134,4385,375,2,2,2,2,0,4,0,3,6,8,8,6,7,7,14,8,22,0.005333333333333333,0.021333333333333333
gf2^6_mult,374_2,135,42,375,2,4,2,4,0,6,0,2,4,6,8,4,5,9,14,6,16,0.005333333333333333,0.016
gf2^6_mult,374_2,136,42,377,2,4,2,4,0,6,0,2,4,6,8,4,5,9,14,6,16,0.005305039787798408,0.015915119363395226
gf2^6_mult,374_2,137,41,379,4,2,4,2,0,6,0,2,4,8,6,4,9,5,14,8,18,0.010554089709762533,0.021108179419525065
gf2^6_mult,374_2,138,43,377,4,2,4,2,0,6,0,2,4,8,6,4,9,5,14,8,18,0.010610079575596816,0.021220159151193633
gf2^6_mult,374_2,139,4406,375,2,2,2,2,0,4,0,3,6,8,8,6,7,7,14,8,21,0.005333333333333333,0.021333333333333333
gf2^6_mult,374_2,140,4358,375,2,2,2,2,0,4,0,3,7,8,8,6,7,7,14,8,22,0.005333333333333333,0.021333333333333333
gf2^6_mult,374_2,141,4349,375,2,2,2,2,0,4,0,3,6,8,8,6,7,7,14,8,22,0.005333333333333333,0.021333333333333333
gf2^6_mult,374_2,142,4385,375,2,2,2,2,0,4,0,3,5,8,8,6,7,7,14,8,20,0.005333333333333333,0.021333333333333333
gf2^6_mult,374_2,143,4349,375,2,2,2,2,0,4,0,3,6,8,8,6,7,7,14,8,19,0.005333333333333333,0.021333333333333333
gf2^6_mult,374_2,144,4385,375,2,2,2,2,0,4,0,3,6,8,8,6,7,7,14,8,19,0.005333333333333333,0.021333333333333333
gf2^6_mult,374_2,145,4349,375,2,2,2,2,0,4,0,3,5,8,8,6,7,7,14,8,20,0.005333333333333333,0.021333333333333333
gf2^6_mult,374_2,146,4373,375,2,2,2,2,0,4,0,3,6,8,8,6,7,7,14,8,21,0.005333333333333333,0.021333333333333333
gf2^6_mult,374_2,147,4409,375,2,2,2,2,0,4,0,3,7,8,8,6,7,7,14,8,22,0.005333333333333333,0.021333333333333333
gf2^6_mult,374_2,148,4385,375,2,2,2,2,0,4,0,3,6,8,8,6,7,7,14,8,19,0.005333333333333333,0.021333333333333333
gf2^6_mult,374_2,149,4409,375,2,2,2,2,0,4,0,3,7,8,8,6,7,7,14,8,22,0.005333333333333333,0.021333333333333333
gf2^6_mult,374_2,150,44,375,2,2,2,2,0,4,0,2,4,6,6,4,5,5,10,6,16,0.005333333333333333,0.016
gf2^6_mult,374_2,151,4385,375,2,2,2,2,0,4,0,3,6,8,8,6,7,7,14,8,20,0.005333333333333333,0.021333333333333333
gf2^6_mult,374_2,152,4385,375,2,2,2,2,0,4,0,3,6,8,8,6,7,7,14,8,20,0.005333333333333333,0.021333333333333333
gf2^6_mult,374_2,153,4409,375,2,2,2,2,0,4,0,3,7,8,8,6,7,7,14,8,24,0.005333333333333333,0.021333333333333333
gf2^6_mult,374_2,154,4349,375,2,2,2,2,0,4,0,3,5,8,8,6,7,7,14,8,20,0.005333333333333333,0.021333333333333333
gf2^6_mult,374_2,155,4385,375,2,2,2,2,0,4,0,3,5,8,8,6,7,7,14,8,20,0.005333333333333333,0.021333333333333333
gf2^6_mult,374_2,156,3429,375,2,3,2,3,0,5,0,3,6,8,9,6,7,9,16,8,18,0.005333333333333333,0.021333333333333333
gf2^6_mult,374_2,157,4385,376,2,2,2,2,0,4,0,3,5,8,8,6,7,7,14,8,22,0.005319148936170213,0.02127659574468085
gf2^6_mult,374_2,158,4385,376,2,2,2,2,0,4,0,3,5,8,8,6,7,7,14,8,22,0.005319148936170213,0.02127659574468085
gf2^6_mult,374_2,159,3424,376,3,2,3,2,0,5,0,3,6,9,8,6,9,7,16,9,19,0.007978723404255319,0.023936170212765957
gf2^6_mult,374_2,160,42,375,2,4,2,4,0,6,0,2,4,6,8,4,5,9,14,6,15,0.005333333333333333,0.016
gf2^6_mult,374_2,161,41,377,4,2,4,2,0,6,0,2,4,8,6,4,9,5,14,8,17,0.010610079575596816,0.021220159151193633
gf2^6_mult,374_2,162,121,375,3,3,3,3,0,6,0,2,5,7,7,4,7,7,14,7,19,0.008,0.018666666666666668
gf2^6_mult,374_2,163,4409,375,2,2,2,2,0,4,0,3,5,8,8,6,7,7,14,8,20,0.005333333333333333,0.021333333333333333
gf2^6_mult,374_2,164,4385,375,2,2,2,2,0,4,0,3,6,8,8,6,7,7,14,8,21,0.005333333333333333,0.021333333333333333
gf2^6_mult,374_2,165,120,375,3,3,3,3,0,6,0,2,5,7,7,4,7,7,14,7,19,0.008,0.018666666666666668
gf2^6_mult,374_2,166,45,375,2,2,2,2,0,4,0,2,4,6,6,4,5,5,10,6,16,0.005333333333333333,0.016
gf2^6_mult,374_2,167,4397,375,2,2,2,2,0,4,0,3,5,8,8,6,7,7,14,8,19,0.005333333333333333,0.021333333333333333
gf2^6_mult,374_2,168,121,375,3,3,3,3,0,6,0,2,5,7,7,4,7,7,14,7,19,0.008,0.018666666666666668
gf2^6_mult,374_2,169,38,375,2,2,2,2,0,4,0,2,4,6,6,4,5,5,10,6,12,0.005333333333333333,0.016
gf2^6_mult,374_2,170,4346,375,2,2,2,2,0,4,0,3,6,8,8,6,7,7,14,8,19,0.005333333333333333,0.021333333333333333
gf2^6_mult,374_2,171,38,375,2,2,2,2,0,4,0,2,4,6,6,4,5,5,10,6,16,0.005333333333333333,0.016
gf2^6_mult,374_2,172,4358,375,2,2,2,2,0,4,0,3,6,8,8,6,7,7,14,8,20,0.005333333333333333,0.021333333333333333
gf2^6_mult,374_2,173,4373,375,2,2,2,2,0,4,0,3,6,8,8,6,7,7,14,8,19,0.005333333333333333,0.021333333333333333
gf2^6_mult,374_2,174,4382,375,2,2,2,2,0,4,0,3,6,8,8,6,7,7,14,8,19,0.005333333333333333,0.021333333333333333
gf2^6_mult,374_2,175,121,375,3,3,3,3,0,6,0,2,5,7,7,4,7,7,14,7,19,0.008,0.018666666666666668
gf2^6_mult,374_2,176,4385,375,2,2,2,2,0,4,0,3,5,8,8,6,7,7,14,8,20,0.005333333333333333,0.021333333333333333
gf2^6_mult,374_2,177,4411,375,2,3,2,3,0,5,0,3,4,8,9,6,7,9,16,8,20,0.005333333333333333,0.021333333333333333
gf2^6_mult,374_2,178,4346,376,2,2,2,2,0,4,0,3,6,8,8,6,7,7,14,8,22,0.005319148936170213,0.02127659574468085
gf2^6_mult,374_2,179,4368,376,3,2,3,2,0,5,0,3,4,9,8,6,9,7,16,9,22,0.007978723404255319,0.023936170212765957
gf2^6_mult,374_2,180,4385,375,2,2,2,2,0,4,0,3,5,8,8,6,7,7,14,8,20,0.005333333333333333,0.021333333333333333
gf2^6_mult,374_2,181,4394,375,2,2,2,2,0,4,0,3,6,8,8,6,7,7,14,8,20,0.005333333333333333,0.021333333333333333
gf2^6_mult,374_2,182,4394,375,2,2,2,2,0,4,0,3,4,8,8,6,7,7,14,8,17,0.005333333333333333,0.021333333333333333
gf2^6_mult,374_2,183,4358,375,2,2,2,2,0,4,0,3,5,8,8,6,7,7,14,8,18,0.005333333333333333,0.021333333333333333
gf2^6_mult,374_2,184,3417,375,2,3,2,3,0,5,0,3,4,8,9,6,7,9,16,8,17,0.005333333333333333,0.021333333333333333
gf2^6_mult,374_2,185,808,376,2,3,2,3,0,5,0,3,5,8,9,6,7,9,16,8,21,0.005319148936170213,0.02127659574468085
gf2^6_mult,374_2,186,4358,377,2,2,2,2,0,4,0,3,4,8,8,6,7,7,14,8,20,0.005305039787798408,0.021220159151193633
gf2^6_mult,374_2,187,4361,377,2,2,2,2,0,4,0,3,4,8,8,6,7,7,14,8,20,0.005305039787798408,0.021220159151193633
gf2^6_mult,374_2,188,4361,377,2,2,2,2,0,4,0,3,4,8,8,6,7,7,14,8,20,0.005305039787798408,0.021220159151193633
gf2^6_mult,374_2,189,4385,377,2,2,2,2,0,4,0,3,5,8,8,6,7,7,14,8,19,0.005305039787798408,0.021220159151193633
gf2^6_mult,374_2,190,4382,377,2,2,2,2,0,4,0,3,5,8,8,6,7,7,14,8,19,0.005305039787798408,0.021220159151193633
gf2^6_mult,374_2,191,4394,377,2,2,2,2,0,4,0,3,4,8,8,6,7,7,14,8,14,0.005305039787798408,0.021220159151193633
gf2^6_mult,374_2,192,823,377,3,2,3,2,0,5,0,3,4,9,8,6,9,7,16,9,20,0.007957559681697613,0.023872679045092837
gf2^6_mult,374_2,193,4409,376,2,2,2,2,0,4,0,3,5,7,7,5,7,7,14,7,20,0.005319148936170213,0.018617021276595744
gf2^6_mult,374_2,194,44,376,2,2,2,2,0,4,0,2,3,6,6,4,5,5,10,6,12,0.005319148936170213,0.015957446808510637
gf2^6_mult,374_2,195,1559,376,4,4,4,4,0,8,0,3,5,9,9,5,10,10,20,9,21,0.010638297872340425,0.023936170212765957
gf2^6_mult,374_2,196,4385,376,2,2,2,2,0,4,0,3,6,8,8,6,7,7,14,8,22,0.005319148936170213,0.02127659574468085
gf2^6_mult,374_2,197,4349,376,2,2,2,2,0,4,0,3,6,8,8,6,7,7,14,8,22,0.005319148936170213,0.02127659574468085
gf2^6_mult,374_2,198,1558,376,4,4,4,4,0,8,0,3,5,9,9,5,10,10,20,9,21,0.010638297872340425,0.023936170212765957
gf2^6_mult,374_2,199,3824,376,4,4,4,4,0,8,0,3,5,9,9,5,10,10,20,9,21,0.010638297872340425,0.023936170212765957
gf2^6_mult,374_2,200,4385,376,2,2,2,2,0,4,0,3,6,8,8,6,7,7,14,8,22,0.005319148936170213,0.02127659574468085
gf2^6_mult,374_2,201,4394,376,2,2,2,2,0,4,0,3,6,8,8,6,7,7,14,8,22,0.005319148936170213,0.02127659574468085
gf2^6_mult,374_2,202,4373,376,2,2,2,2,0,4,0,3,6,8,8,6,7,7,14,8,22,0.005319148936170213,0.02127659574468085
gf2^6_mult,374_2,203,4385,376,2,2,2,2,0,4,0,3,6,8,8,6,7,7,14,8,22,0.005319148936170213,0.02127659574468085
gf2^6_mult,374_2,204,39,376,2,2,2,2,0,4,0,2,4,6,6,4,5,5,10,6,13,0.005319148936170213,0.015957446808510637
gf2^6_mult,374_2,205,812,376,2,3,2,3,0,5,0,3,5,8,9,6,7,9,16,8,18,0.005319148936170213,0.02127659574468085
gf2^6_mult,374_2,206,3424,377,3,2,3,2,0,5,0,3,5,9,8,6,9,7,16,9,19,0.007957559681697613,0.023872679045092837
gf2^6_mult,374_2,207,4346,376,2,2,2,2,0,4,0,3,6,8,8,6,7,7,14,8,22,0.005319148936170213,0.02127659574468085
gf2^6_mult,374_2,208,4403,376,3,2,3,2,0,5,0,3,5,9,8,6,9,7,16,9,21,0.007978723404255319,0.023936170212765957
gf2^6_mult,374_2,209,4358,375,2,2,2,2,0,4,0,3,7,8,8,6,7,7,14,8,22,0.005333333333333333,0.021333333333333333
gf2^6_mult,374_2,210,4382,375,2,2,2,2,0,4,0,3,6,8,8,6,7,7,14,8,20,0.005333333333333333,0.021333333333333333
gf2^6_mult,374_2,211,4370,375,2,2,2,2,0,4,0,3,6,8,8,6,7,7,14,8,20,0.005333333333333333,0.021333333333333333
gf2^6_mult,374_2,212,4394,375,2,2,2,2,0,4,0,3,6,8,8,6,7,7,14,8,20,0.005333333333333333,0.021333333333333333
gf2^6_mult,374_2,213,4373,375,2,2,2,2,0,4,0,3,5,8,8,6,7,7,14,8,18,0.005333333333333333,0.021333333333333333
gf2^6_mult,374_2,214,1496,375,4,4,4,4,0,8,0,3,5,10,10,6,10,10,20,10,22,0.010666666666666666,0.02666666666666667
gf2^6_mult,374_2,215,4358,375,2,2,2,2,0,4,0,3,6,8,8,6,7,7,14,8,19,0.005333333333333333,0.021333333333333333
gf2^6_mult,374_2,216,4385,375,2,2,2,2,0,4,0,3,5,8,8,6,7,7,14,8,19,0.005333333333333333,0.021333333333333333
gf2^6_mult,374_2,217,4382,375,2,2,2,2,0,4,0,3,5,8,8,6,7,7,14,8,19,0.005333333333333333,0.021333333333333333
gf2^6_mult,374_2,218,4349,375,2,2,2,2,0,4,0,3,5,8,8,6,7,7,14,8,19,0.005333333333333333,0.021333333333333333
gf2^6_mult,374_2,219,4385,375,2,2,2,2,0,4,0,3,5,8,8,6,7,7,14,8,19,0.005333333333333333,0.021333333333333333
gf2^6_mult,374_2,220,4349,375,2,2,2,2,0,4,0,3,5,8,8,6,7,7,14,8,21,0.005333333333333333,0.021333333333333333
gf2^6_mult,374_2,221,4358,375,2,2,2,2,0,4,0,3,6,8,8,6,7,7,14,8,20,0.005333333333333333,0.021333333333333333
gf2^6_mult,374_2,222,4349,375,2,2,2,2,0,4,0,3,5,8,8,6,7,7,14,8,18,0.005333333333333333,0.021333333333333333
gf2^6_mult,374_2,223,4358,375,2,2,2,2,0,4,0,3,5,8,8,6,7,7,14,8,20,0.005333333333333333,0.021333333333333333
gf2^6_mult,374_2,224,4385,375,2,2,2,2,0,4,0,3,5,8,8,6,7,7,14,8,18,0.005333333333333333,0.021333333333333333
gf2^6_mult,374_2,225,4385,375,2,2,2,2,0,4,0,3,5,8,8,6,7,7,14,8,22,0.005333333333333333,0.021333333333333333
gf2^6_mult,374_2,226,4373,375,2,2,2,2,0,4,0,3,5,8,8,6,7,7,14,8,18,0.005333333333333333,0.021333333333333333
gf2^6_mult,374_2,227,4385,375,2,2,2,2,0,4,0,3,6,8,8,6,7,7,14,8,19,0.005333333333333333,0.021333333333333333
gf2^6_mult,374_2,228,4397,375,2,2,2,2,0,4,0,3,6,8,8,6,7,7,14,8,19,0.005333333333333333,0.021333333333333333
gf2^6_mult,374_2,229,39,375,2,2,2,2,0,4,0,2,5,6,6,4,5,5,10,6,16,0.005333333333333333,0.016
gf2^6_mult,374_2,230,4370,375,2,2,2,2,0,4,0,3,5,8,8,6,7,7,14,8,20,0.005333333333333333,0.021333333333333333
gf2^6_mult,374_2,231,4406,375,2,2,2,2,0,4,0,3,5,8,8,6,7,7,14,8,21,0.005333333333333333,0.021333333333333333
gf2^6_mult,374_2,232,3556,375,4,3,4,3,0,7,0,3,6,10,9,6,10,8,18,10,22,0.010666666666666666,0.02666666666666667
gf2^6_mult,375_0,0,3417,376,2,3,2,3,0,5,0,3,6,8,9,6,7,9,16,8,20,0.005319148936170213,0.02127659574468085
gf2^6_mult,375_0,1,4397,377,2,2,2,2,0,4,0,3,6,8,8,6,7,7,14,8,19,0.005305039787798408,0.021220159151193633
gf2^6_mult,375_0,2,4373,377,2,2,2,2,0,4,0,3,7,8,8,6,7,7,14,8,22,0.005305039787798408,0.021220159151193633
gf2^6_mult,375_0,3,940,377,3,4,3,4,0,7,0,3,5,9,10,6,8,10,18,9,21,0.007957559681697613,0.023872679045092837
gf2^6_mult,375_0,4,4385,378,2,2,2,2,0,4,0,3,4,8,8,6,7,7,14,8,18,0.005291005291005291,0.021164021164021163
gf2^6_mult,375_0,5,938,378,3,4,3,4,0,7,0,3,5,9,10,6,8,10,18,9,20,0.007936507936507936,0.023809523809523808
gf2^6_mult,375_0,6,4349,379,2,2,2,2,0,4,0,3,4,7,7,5,7,7,14,7,16,0.005277044854881266,0.018469656992084433
gf2^6_mult,375_0,7,4676,379,2,0,2,0,0,2,0,2,3,6,4,4,6,2,8,6,12,0.005277044854881266,0.0158311345646438
gf2^6_mult,375_0,8,3422,377,2,3,2,3,0,5,0,3,5,8,9,6,7,9,16,8,18,0.005305039787798408,0.021220159151193633
gf2^6_mult,375_0,9,957,378,4,3,4,3,0,7,0,3,6,10,9,6,10,8,18,10,21,0.010582010582010581,0.026455026455026454
gf2^6_mult,375_0,10,40,377,2,4,2,4,0,6,0,2,4,6,8,4,5,9,14,6,13,0.005305039787798408,0.015915119363395226
gf2^6_mult,375_0,11,1578,379,4,5,4,5,0,9,0,3,5,9,10,5,10,12,22,9,19,0.010554089709762533,0.023746701846965697
gf2^6_mult,375_0,12,1579,380,5,4,5,4,0,9,0,3,5,10,9,5,12,10,22,10,20,0.013157894736842105,0.02631578947368421
gf2^6_mult,375_0,13,3842,379,4,4,4,4,0,8,0,3,3,8,8,4,10,10,20,8,16,0.010554089709762533,0.021108179419525065
gf2^6_mult,375_0,14,1479,379,4,4,4,4,0,8,0,3,3,8,8,4,10,10,20,8,16,0.010554089709762533,0.021108179419525065
gf2^6_mult,375_0,15,43,379,4,2,4,2,0,6,0,2,4,8,6,4,9,5,14,8,15,0.010554089709762533,0.021108179419525065
gf2^6_mult,375_0,16,4385,377,2,2,2,2,0,4,0,3,6,8,8,6,7,7,14,8,22,0.005305039787798408,0.021220159151193633
gf2^6_mult,375_0,17,45,377,2,2,2,2,0,4,0,2,4,6,6,4,5,5,10,6,15,0.005305039787798408,0.015915119363395226
gf2^6_mult,375_0,18,4385,377,2,2,2,2,0,4,0,3,5,8,8,6,7,7,14,8,20,0.005305039787798408,0.021220159151193633
gf2^6_mult,375_0,19,4385,377,2,2,2,2,0,4,0,3,6,8,8,6,7,7,14,8,21,0.005305039787798408,0.021220159151193633
gf2^6_mult,375_0,20,4385,377,2,2,2,2,0,4,0,3,6,8,8,6,7,7,14,8,21,0.005305039787798408,0.021220159151193633
gf2^6_mult,375_0,21,4358,377,2,2,2,2,0,4,0,3,5,8,8,6,7,7,14,8,20,0.005305039787798408,0.021220159151193633
gf2^6_mult,375_0,22,4349,377,2,2,2,2,0,4,0,3,6,8,8,6,7,7,14,8,21,0.005305039787798408,0.021220159151193633
gf2^6_mult,375_0,23,4385,377,2,2,2,2,0,4,0,3,5,8,8,6,7,7,14,8,20,0.005305039787798408,0.021220159151193633
gf2^6_mult,375_0,24,4349,377,2,2,2,2,0,4,0,3,6,8,8,6,7,7,14,8,21,0.005305039787798408,0.021220159151193633
gf2^6_mult,375_0,25,44,377,2,2,2,2,0,4,0,2,4,6,6,4,5,5,10,6,15,0.005305039787798408,0.015915119363395226
gf2^6_mult,375_0,26,4373,377,2,2,2,2,0,4,0,3,7,8,8,6,7,7,14,8,23,0.005305039787798408,0.021220159151193633
gf2^6_mult,375_0,27,4409,377,2,2,2,2,0,4,0,3,7,8,8,6,7,7,14,8,24,0.005305039787798408,0.021220159151193633
gf2^6_mult,375_0,28,4406,377,2,2,2,2,0,4,0,3,6,8,8,6,7,7,14,8,18,0.005305039787798408,0.021220159151193633
gf2^6_mult,375_0,29,4436,377,4,3,4,3,0,7,0,3,7,10,9,6,10,8,18,10,23,0.010610079575596816,0.026525198938992044
gf2^6_mult,375_0,30,4409,376,2,2,2,2,0,4,0,3,5,8,8,6,7,7,14,8,20,0.005319148936170213,0.02127659574468085
gf2^6_mult,375_0,31,4385,376,2,2,2,2,0,4,0,3,6,8,8,6,7,7,14,8,23,0.005319148936170213,0.02127659574468085
gf2^6_mult,375_0,32,4394,376,2,2,2,2,0,4,0,3,5,8,8,6,7,7,14,8,20,0.005319148936170213,0.02127659574468085
gf2^6_mult,375_0,33,4385,376,2,2,2,2,0,4,0,3,6,8,8,6,7,7,14,8,23,0.005319148936170213,0.02127659574468085
gf2^6_mult,375_0,34,4373,376,2,2,2,2,0,4,0,3,5,8,8,6,7,7,14,8,21,0.005319148936170213,0.02127659574468085
gf2^6_mult,375_0,35,4373,376,2,2,2,2,0,4,0,3,5,8,8,6,7,7,14,8,21,0.005319148936170213,0.02127659574468085
gf2^6_mult,375_0,36,4406,376,2,2,2,2,0,4,0,3,5,8,8,6,7,7,14,8,20,0.005319148936170213,0.02127659574468085
gf2^6_mult,375_0,37,4361,376,2,2,2,2,0,4,0,3,5,8,8,6,7,7,14,8,20,0.005319148936170213,0.02127659574468085
gf2^6_mult,375_0,38,1497,376,4,4,4,4,0,8,0,3,5,10,10,6,10,10,20,10,23,0.010638297872340425,0.026595744680851064
gf2^6_mult,375_0,39,1565,376,4,4,4,4,0,8,0,3,6,10,10,6,10,10,20,10,24,0.010638297872340425,0.026595744680851064
gf2^6_mult,375_0,40,4373,376,2,2,2,2,0,4,0,3,6,8,8,6,7,7,14,8,20,0.005319148936170213,0.02127659574468085
gf2^6_mult,375_0,41,4346,376,2,2,2,2,0,4,0,3,5,8,8,6,7,7,14,8,20,0.005319148936170213,0.02127659574468085
gf2^6_mult,375_0,42,816,376,2,3,2,3,0,5,0,3,6,8,9,6,7,9,16,8,21,0.005319148936170213,0.02127659574468085
gf2^6_mult,375_0,43,817,377,3,2,3,2,0,5,0,3,6,9,8,6,9,7,16,9,22,0.007957559681697613,0.023872679045092837
gf2^6_mult,375_0,44,1564,376,4,4,4,4,0,8,0,3,5,10,10,6,10,10,20,10,24,0.010638297872340425,0.026595744680851064
gf2^6_mult,375_0,45,4358,376,2,2,2,2,0,4,0,3,4,8,8,6,7,7,14,8,17,0.005319148936170213,0.02127659574468085
gf2^6_mult,375_0,46,4373,376,2,2,2,2,0,4,0,3,6,8,8,6,7,7,14,8,23,0.005319148936170213,0.02127659574468085
gf2^6_mult,375_0,47,38,376,2,2,2,2,0,4,0,2,4,6,6,4,5,5,10,6,15,0.005319148936170213,0.015957446808510637
gf2^6_mult,375_0,48,1565,376,4,4,4,4,0,8,0,3,6,10,10,6,10,10,20,10,23,0.010638297872340425,0.026595744680851064
gf2^6_mult,375_0,49,42,376,2,4,2,4,0,6,0,2,4,6,8,4,5,9,14,6,15,0.005319148936170213,0.015957446808510637
gf2^6_mult,375_0,50,41,378,4,2,4,2,0,6,0,2,4,8,6,4,9,5,14,8,17,0.010582010582010581,0.021164021164021163
gf2^6_mult,375_0,51,808,376,2,3,2,3,0,5,0,3,5,8,9,6,7,9,16,8,21,0.005319148936170213,0.02127659574468085
gf2^6_mult,375_0,52,38,377,2,2,2,2,0,4,0,2,4,6,6,4,5,5,10,6,14,0.005305039787798408,0.015915119363395226
gf2^6_mult,375_0,53,3430,377,3,2,3,2,0,5,0,3,6,9,8,6,9,7,16,9,22,0.007957559681697613,0.023872679045092837
gf2^6_mult,375_0,54,4349,376,2,2,2,2,0,4,0,3,6,8,8,6,7,7,14,8,22,0.005319148936170213,0.02127659574468085
gf2^6_mult,375_0,55,4370,376,2,2,2,2,0,4,0,3,6,8,8,6,7,7,14,8,22,0.005319148936170213,0.02127659574468085
gf2^6_mult,375_0,56,120,376,3,3,3,3,0,6,0,2,5,6,6,3,6,6,12,6,15,0.007978723404255319,0.015957446808510637
gf2^6_mult,375_0,57,4349,376,2,2,2,2,0,4,0,3,6,8,8,6,7,7,14,8,22,0.005319148936170213,0.02127659574468085
gf2^6_mult,375_0,58,42,376,2,4,2,4,0,6,0,2,4,6,8,4,5,9,14,6,15,0.005319148936170213,0.015957446808510637
gf2^6_mult,375_0,59,41,378,4,2,4,2,0,6,0,2,4,8,6,4,9,5,14,8,17,0.010582010582010581,0.021164021164021163
gf2^6_mult,375_0,60,4373,376,2,2,2,2,0,4,0,3,6,8,8,6,7,7,14,8,22,0.005319148936170213,0.02127659574468085
gf2^6_mult,375_0,61,1496,376,4,4,4,4,0,8,0,3,6,10,10,6,10,10,20,10,27,0.010638297872340425,0.026595744680851064
gf2^6_mult,375_0,62,4406,376,2,2,2,2,0,4,0,3,6,8,8,6,7,7,14,8,19,0.005319148936170213,0.02127659574468085
gf2^6_mult,375_0,63,38,376,2,2,2,2,0,4,0,2,3,6,6,4,5,5,10,6,13,0.005319148936170213,0.015957446808510637
gf2^6_mult,375_0,64,4385,376,2,2,2,2,0,4,0,3,5,8,8,6,7,7,14,8,19,0.005319148936170213,0.02127659574468085
gf2^6_mult,375_0,65,4349,376,2,2,2,2,0,4,0,3,7,8,8,6,7,7,14,8,22,0.005319148936170213,0.02127659574468085
gf2^6_mult,375_0,66,42,376,2,4,2,4,0,6,0,2,5,6,8,4,5,9,14,6,15,0.005319148936170213,0.015957446808510637
gf2^6_mult,375_0,67,43,378,4,2,4,2,0,6,0,2,5,8,6,4,9,5,14,8,17,0.010582010582010581,0.021164021164021163
gf2^6_mult,375_0,68,42,376,2,4,2,4,0,6,0,2,5,6,8,4,5,9,14,6,15,0.005319148936170213,0.015957446808510637
gf2^6_mult,375_0,69,41,378,4,2,4,2,0,6,0,2,5,8,6,4,9,5,14,8,17,0.010582010582010581,0.021164021164021163
gf2^6_mult,375_0,70,822,376,2,3,2,3,0,5,0,3,7,8,9,6,7,9,16,8,21,0.005319148936170213,0.02127659574468085
gf2^6_mult,375_0,71,4409,377,2,2,2,2,0,4,0,3,6,7,7,5,7,7,14,7,19,0.005305039787798408,0.01856763925729443
gf2^6_mult,375_0,72,817,377,3,2,3,2,0,5,0,3,7,9,8,6,9,7,16,9,22,0.007957559681697613,0.023872679045092837
gf2^6_mult,375_0,73,4382,376,2,2,2,2,0,4,0,3,7,8,8,6,7,7,14,8,22,0.005319148936170213,0.02127659574468085
gf2^6_mult,375_0,74,4382,376,2,2,2,2,0,4,0,3,5,8,8,6,7,7,14,8,19,0.005319148936170213,0.02127659574468085
gf2^6_mult,375_0,75,4373,376,2,2,2,2,0,4,0,3,5,8,8,6,7,7,14,8,22,0.005319148936170213,0.02127659574468085
gf2^6_mult,375_0,76,4385,376,2,2,2,2,0,4,0,3,7,8,8,6,7,7,14,8,22,0.005319148936170213,0.02127659574468085
gf2^6_mult,375_0,77,4370,376,2,2,2,2,0,4,0,3,7,8,8,6,7,7,14,8,22,0.005319148936170213,0.02127659574468085
gf2^6_mult,375_0,78,38,376,2,2,2,2,0,4,0,2,4,6,6,4,5,5,10,6,16,0.005319148936170213,0.015957446808510637
gf2^6_mult,375_0,79,42,376,2,4,2,4,0,6,0,2,4,6,8,4,5,9,14,6,15,0.005319148936170213,0.015957446808510637
gf2^6_mult,375_0,80,1575,378,5,4,5,4,0,9,0,3,3,11,10,6,12,10,22,11,17,0.013227513227513227,0.0291005291005291
gf2^6_mult,375_0,81,4358,377,2,2,2,2,0,4,0,3,3,8,8,6,7,7,14,8,15,0.005305039787798408,0.021220159151193633
gf2^6_mult,375_0,82,4346,377,2,2,2,2,0,4,0,3,7,8,8,6,7,7,14,8,21,0.005305039787798408,0.021220159151193633
gf2^6_mult,375_0,83,4385,377,2,2,2,2,0,4,0,3,6,8,8,6,7,7,14,8,20,0.005305039787798408,0.021220159151193633
gf2^6_mult,375_0,84,4373,377,2,2,2,2,0,4,0,3,6,8,8,6,7,7,14,8,20,0.005305039787798408,0.021220159151193633
gf2^6_mult,375_0,85,4349,377,2,2,2,2,0,4,0,3,6,8,8,6,7,7,14,8,20,0.005305039787798408,0.021220159151193633
gf2^6_mult,375_0,86,4346,377,2,2,2,2,0,4,0,3,6,8,8,6,7,7,14,8,20,0.005305039787798408,0.021220159151193633
gf2^6_mult,375_0,87,4382,377,2,2,2,2,0,4,0,3,6,8,8,6,7,7,14,8,20,0.005305039787798408,0.021220159151193633
gf2^6_mult,375_0,88,4409,377,2,2,2,2,0,4,0,3,3,8,8,6,7,7,14,8,16,0.005305039787798408,0.021220159151193633
gf2^6_mult,375_0,89,4349,377,2,2,2,2,0,4,0,3,6,8,8,6,7,7,14,8,19,0.005305039787798408,0.021220159151193633
gf2^6_mult,375_0,90,4373,377,2,2,2,2,0,4,0,3,6,8,8,6,7,7,14,8,19,0.005305039787798408,0.021220159151193633
gf2^6_mult,375_0,91,4397,377,2,2,2,2,0,4,0,3,5,8,8,6,7,7,14,8,18,0.005305039787798408,0.021220159151193633
gf2^6_mult,375_0,92,4409,377,2,2,2,2,0,4,0,3,5,8,8,6,7,7,14,8,18,0.005305039787798408,0.021220159151193633
gf2^6_mult,375_0,93,3418,377,3,2,3,2,0,5,0,3,6,9,8,6,9,7,16,9,22,0.007957559681697613,0.023872679045092837
gf2^6_mult,375_0,94,810,376,2,3,2,3,0,5,0,3,6,8,9,6,7,9,16,8,21,0.005319148936170213,0.02127659574468085
gf2^6_mult,375_0,95,3430,377,3,2,3,2,0,5,0,3,6,9,8,6,9,7,16,9,22,0.007957559681697613,0.023872679045092837
gf2^6_mult,375_0,96,3429,376,2,3,2,3,0,5,0,3,6,8,9,6,7,9,16,8,21,0.005319148936170213,0.02127659574468085
gf2^6_mult,375_0,97,3424,377,3,2,3,2,0,5,0,3,6,9,8,6,9,7,16,9,22,0.007957559681697613,0.023872679045092837
gf2^6_mult,375_0,98,1564,376,4,4,4,4,0,8,0,3,7,10,10,6,10,10,20,10,26,0.010638297872340425,0.026595744680851064
gf2^6_mult,375_0,99,4409,376,2,2,2,2,0,4,0,3,6,8,8,6,7,7,14,8,20,0.005319148936170213,0.02127659574468085
gf2^6_mult,375_0,100,816,376,2,3,2,3,0,5,0,3,5,8,9,6,7,9,16,8,19,0.005319148936170213,0.02127659574468085
gf2^6_mult,375_0,101,817,377,3,2,3,2,0,5,0,3,5,9,8,6,9,7,16,9,20,0.007957559681697613,0.023872679045092837
gf2^6_mult,375_0,102,808,376,2,3,2,3,0,5,0,3,5,8,9,6,7,9,16,8,19,0.005319148936170213,0.02127659574468085
gf2^6_mult,375_0,103,4370,377,2,2,2,2,0,4,0,3,6,8,8,6,7,7,14,8,21,0.005305039787798408,0.021220159151193633
gf2^6_mult,375_0,104,1565,377,4,4,4,4,0,8,0,3,7,10,10,6,10,10,20,10,23,0.010610079575596816,0.026525198938992044
gf2^6_mult,375_0,105,823,377,3,2,3,2,0,5,0,3,5,9,8,6,9,7,16,9,23,0.007957559681697613,0.023872679045092837
gf2^6_mult,375_0,106,3422,376,2,3,2,3,0,5,0,3,5,8,9,6,7,9,16,8,20,0.005319148936170213,0.02127659574468085
gf2^6_mult,375_0,107,3424,377,3,2,3,2,0,5,0,3,5,9,8,6,9,7,16,9,21,0.007957559681697613,0.023872679045092837
gf2^6_mult,375_0,108,1564,376,4,4,4,4,0,8,0,3,7,10,10,6,10,10,20,10,26,0.010638297872340425,0.026595744680851064
gf2^6_mult,375_0,109,1565,376,4,4,4,4,0,8,0,3,7,10,10,6,10,10,20,10,26,0.010638297872340425,0.026595744680851064
gf2^6_mult,375_0,110,4385,376,2,2,2,2,0,4,0,3,6,8,8,6,7,7,14,8,19,0.005319148936170213,0.02127659574468085
gf2^6_mult,375_0,111,3422,376,2,3,2,3,0,5,0,3,6,8,9,6,7,9,16,8,22,0.005319148936170213,0.02127659574468085
gf2^6_mult,375_0,112,3424,377,3,2,3,2,0,5,0,3,6,9,8,6,9,7,16,9,23,0.007957559681697613,0.023872679045092837
gf2^6_mult,375_0,113,808,376,2,3,2,3,0,5,0,3,6,8,9,6,7,9,16,8,21,0.005319148936170213,0.02127659574468085
gf2^6_mult,375_0,114,4385,377,2,2,2,2,0,4,0,3,7,8,8,6,7,7,14,8,20,0.005305039787798408,0.021220159151193633
gf2^6_mult,375_0,115,4370,377,2,2,2,2,0,4,0,3,6,8,8,6,7,7,14,8,20,0.005305039787798408,0.021220159151193633
gf2^6_mult,375_0,116,4382,377,2,2,2,2,0,4,0,3,6,8,8,6,7,7,14,8,20,0.005305039787798408,0.021220159151193633
gf2^6_mult,375_0,117,4387,377,2,3,2,3,0,5,0,3,5,8,9,6,7,9,16,8,18,0.005305039787798408,0.021220159151193633
gf2^6_mult,375_0,118,4355,378,3,2,3,2,0,5,0,3,5,9,8,6,9,7,16,9,19,0.007936507936507936,0.023809523809523808
gf2^6_mult,375_0,119,4385,377,2,2,2,2,0,4,0,3,6,8,8,6,7,7,14,8,20,0.005305039787798408,0.021220159151193633
gf2^6_mult,375_0,120,823,377,3,2,3,2,0,5,0,3,6,9,8,6,9,7,16,9,21,0.007957559681697613,0.023872679045092837
gf2^6_mult,375_0,121,120,376,3,3,3,3,0,6,0,2,6,7,7,4,7,7,14,7,19,0.007978723404255319,0.018617021276595744
gf2^6_mult,375_0,122,1593,376,4,4,4,4,0,8,0,3,6,10,10,6,10,10,20,10,26,0.010638297872340425,0.026595744680851064
gf2^6_mult,375_0,123,4373,376,2,2,2,2,0,4,0,3,5,8,8,6,7,7,14,8,22,0.005319148936170213,0.02127659574468085
gf2^6_mult,375_0,124,816,376,2,3,2,3,0,5,0,3,6,8,9,6,7,9,16,8,21,0.005319148936170213,0.02127659574468085
gf2^6_mult,375_0,125,3420,377,3,2,3,2,0,5,0,3,6,9,8,6,9,7,16,9,22,0.007957559681697613,0.023872679045092837
gf2^6_mult,375_0,126,822,376,2,3,2,3,0,5,0,3,6,8,9,6,7,9,16,8,21,0.005319148936170213,0.02127659574468085
gf2^6_mult,375_0,127,823,377,3,2,3,2,0,5,0,3,6,9,8,6,9,7,16,9,22,0.007957559681697613,0.023872679045092837
gf2^6_mult,375_0,128,4361,376,2,2,2,2,0,4,0,3,5,8,8,6,7,7,14,8,19,0.005319148936170213,0.02127659574468085
gf2^6_mult,375_0,129,3416,376,2,3,2,3,0,5,0,3,6,8,9,6,7,9,16,8,21,0.005319148936170213,0.02127659574468085
gf2^6_mult,375_0,130,815,377,3,2,3,2,0,5,0,3,6,9,8,6,9,7,16,9,22,0.007957559681697613,0.023872679045092837
gf2^6_mult,375_0,131,3435,376,2,3,2,3,0,5,0,3,6,8,9,6,7,9,16,8,21,0.005319148936170213,0.02127659574468085
gf2^6_mult,375_0,132,121,377,3,3,3,3,0,6,0,2,3,7,7,4,7,7,14,7,14,0.007957559681697613,0.01856763925729443
gf2^6_mult,375_0,133,120,377,3,3,3,3,0,6,0,2,3,7,7,4,7,7,14,7,14,0.007957559681697613,0.01856763925729443
gf2^6_mult,375_0,134,121,377,3,3,3,3,0,6,0,2,3,7,7,4,7,7,14,7,14,0.007957559681697613,0.01856763925729443
gf2^6_mult,375_0,135,120,377,3,3,3,3,0,6,0,2,3,7,7,4,7,7,14,7,14,0.007957559681697613,0.01856763925729443
gf2^6_mult,375_0,136,121,377,3,3,3,3,0,6,0,2,3,7,7,4,7,7,14,7,14,0.007957559681697613,0.01856763925729443
gf2^6_mult,375_0,137,42,377,2,4,2,4,0,6,0,2,3,5,7,3,5,9,14,5,11,0.005305039787798408,0.013262599469496022
gf2^6_mult,375_0,138,43,379,4,2,4,2,0,6,0,2,3,7,5,3,9,5,14,7,13,0.010554089709762533,0.018469656992084433
gf2^6_mult,375_0,139,1496,377,4,4,4,4,0,8,0,3,4,9,9,5,10,10,20,9,19,0.010610079575596816,0.023872679045092837
gf2^6_mult,375_0,140,4349,377,2,2,2,2,0,4,0,3,7,8,8,6,7,7,14,8,22,0.005305039787798408,0.021220159151193633
gf2^6_mult,375_0,141,1497,377,4,4,4,4,0,8,0,3,5,10,10,6,10,10,20,10,22,0.010610079575596816,0.026525198938992044
gf2^6_mult,375_0,142,120,377,3,3,3,3,0,6,0,2,4,7,7,4,7,7,14,7,15,0.007957559681697613,0.01856763925729443
gf2^6_mult,375_0,143,4373,377,2,2,2,2,0,4,0,3,6,8,8,6,7,7,14,8,20,0.005305039787798408,0.021220159151193633
gf2^6_mult,375_0,144,4346,377,2,2,2,2,0,4,0,3,6,8,8,6,7,7,14,8,20,0.005305039787798408,0.021220159151193633
gf2^6_mult,375_0,145,4346,377,2,2,2,2,0,4,0,3,6,8,8,6,7,7,14,8,20,0.005305039787798408,0.021220159151193633
gf2^6_mult,375_0,146,4385,377,2,2,2,2,0,4,0,3,6,8,8,6,7,7,14,8,20,0.005305039787798408,0.021220159151193633
gf2^6_mult,375_0,147,4349,377,2,2,2,2,0,4,0,3,6,8,8,6,7,7,14,8,20,0.005305039787798408,0.021220159151193633
gf2^6_mult,375_0,148,3842,377,4,4,4,4,0,8,0,3,6,10,10,6,10,10,20,10,23,0.010610079575596816,0.026525198938992044
gf2^6_mult,375_0,149,120,377,3,3,3,3,0,6,0,2,4,7,7,4,7,7,14,7,15,0.007957559681697613,0.01856763925729443
gf2^6_mult,375_0,150,4385,377,2,2,2,2,0,4,0,3,6,8,8,6,7,7,14,8,20,0.005305039787798408,0.021220159151193633
gf2^6_mult,375_0,151,4385,377,2,2,2,2,0,4,0,3,6,8,8,6,7,7,14,8,20,0.005305039787798408,0.021220159151193633
gf2^6_mult,375_0,152,4349,377,2,2,2,2,0,4,0,3,6,8,8,6,7,7,14,8,20,0.005305039787798408,0.021220159151193633
gf2^6_mult,375_0,153,817,377,3,2,3,2,0,5,0,3,6,9,8,6,9,7,16,9,23,0.007957559681697613,0.023872679045092837
gf2^6_mult,375_0,154,4349,376,2,2,2,2,0,4,0,3,5,8,8,6,7,7,14,8,19,0.005319148936170213,0.02127659574468085
gf2^6_mult,375_0,155,39,376,2,2,2,2,0,4,0,2,4,6,6,4,5,5,10,6,16,0.005319148936170213,0.015957446808510637
gf2^6_mult,375_0,156,3416,376,2,3,2,3,0,5,0,3,5,8,9,6,7,9,16,8,22,0.005319148936170213,0.02127659574468085
gf2^6_mult,375_0,157,3418,377,3,2,3,2,0,5,0,3,5,9,8,6,9,7,16,9,23,0.007957559681697613,0.023872679045092837
gf2^6_mult,375_0,158,42,376,2,4,2,4,0,6,0,2,3,5,7,3,5,9,14,5,13,0.005319148936170213,0.013297872340425532
gf2^6_mult,375_0,159,41,378,4,2,4,2,0,6,0,2,3,7,5,3,9,5,14,7,15,0.010582010582010581,0.018518518518518517
gf2^6_mult,375_0,160,4385,376,2,2,2,2,0,4,0,3,6,8,8,6,7,7,14,8,21,0.005319148936170213,0.02127659574468085
gf2^6_mult,375_0,161,340,376,4,4,4,4,0,8,0,2,4,7,7,3,7,7,14,7,15,0.010638297872340425,0.018617021276595744
gf2^6_mult,375_0,162,3417,376,2,3,2,3,0,5,0,3,6,8,9,6,7,9,16,8,21,0.005319148936170213,0.02127659574468085
gf2^6_mult,375_0,163,3420,377,3,2,3,2,0,5,0,3,6,9,8,6,9,7,16,9,22,0.007957559681697613,0.023872679045092837
gf2^6_mult,375_0,164,42,376,2,4,2,4,0,6,0,2,5,6,8,4,5,9,14,6,14,0.005319148936170213,0.015957446808510637
gf2^6_mult,375_0,165,43,378,4,2,4,2,0,6,0,2,5,8,6,4,9,5,14,8,16,0.010582010582010581,0.021164021164021163
gf2^6_mult,375_0,166,816,376,2,3,2,3,0,5,0,3,6,8,9,6,7,9,16,8,21,0.005319148936170213,0.02127659574468085
gf2^6_mult,375_0,167,817,377,3,2,3,2,0,5,0,3,6,9,8,6,9,7,16,9,22,0.007957559681697613,0.023872679045092837
gf2^6_mult,375_0,168,38,376,2,2,2,2,0,4,0,2,4,6,6,4,5,5,10,6,16,0.005319148936170213,0.015957446808510637
gf2^6_mult,375_0,169,4349,376,2,2,2,2,0,4,0,3,5,8,8,6,7,7,14,8,22,0.005319148936170213,0.02127659574468085
gf2^6_mult,375_0,170,816,376,2,3,2,3,0,5,0,3,5,8,9,6,7,9,16,8,21,0.005319148936170213,0.02127659574468085
gf2^6_mult,375_0,171,817,377,3,2,3,2,0,5,0,3,5,9,8,6,9,7,16,9,22,0.007957559681697613,0.023872679045092837
gf2^6_mult,375_0,172,808,376,2,3,2,3,0,5,0,3,5,8,9,6,7,9,16,8,21,0.005319148936170213,0.02127659574468085
gf2^6_mult,375_0,173,823,377,3,2,3,2,0,5,0,3,5,9,8,6,9,7,16,9,22,0.007957559681697613,0.023872679045092837
gf2^6_mult,375_0,174,1497,376,4,4,4,4,0,8,0,3,5,10,10,6,10,10,20,10,26,0.010638297872340425,0.026595744680851064
gf2^6_mult,375_0,175,3417,376,2,3,2,3,0,5,0,3,6,8,9,6,7,9,16,8,23,0.005319148936170213,0.02127659574468085
gf2^6_mult,375_0,176,3420,377,3,2,3,2,0,5,0,3,6,9,8,6,9,7,16,9,24,0.007957559681697613,0.023872679045092837
gf2^6_mult,375_0,177,42,376,2,4,2,4,0,6,0,2,4,6,8,4,5,9,14,6,17,0.005319148936170213,0.015957446808510637
gf2^6_mult,375_0,178,43,378,4,2,4,2,0,6,0,2,4,8,6,4,9,5,14,8,19,0.010582010582010581,0.021164021164021163
gf2^6_mult,375_0,179,4409,376,2,2,2,2,0,4,0,3,5,8,8,6,7,7,14,8,20,0.005319148936170213,0.02127659574468085
gf2^6_mult,375_0,180,815,376,3,2,3,2,0,5,0,3,6,9,8,6,9,7,16,9,23,0.007978723404255319,0.023936170212765957
gf2^6_mult,376_0,0,3428,379,2,3,2,3,0,5,0,3,4,8,9,6,7,9,16,8,17,0.005277044854881266,0.021108179419525065
gf2^6_mult,376_0,1,4370,380,2,2,2,2,0,4,0,3,3,7,7,5,7,7,14,7,13,0.005263157894736842,0.018421052631578946
gf2^6_mult,376_0,2,4373,380,2,2,2,2,0,4,0,3,3,7,7,5,7,7,14,7,13,0.005263157894736842,0.018421052631578946
gf2^6_mult,376_0,3,4397,380,2,2,2,2,0,4,0,3,5,8,8,6,7,7,14,8,20,0.005263157894736842,0.021052631578947368
gf2^6_mult,376_0,4,3566,380,3,4,3,4,0,7,0,3,6,8,9,5,8,10,18,8,20,0.007894736842105263,0.021052631578947368
gf2^6_mult,376_0,5,945,381,4,3,4,3,0,7,0,3,6,9,8,5,10,8,18,9,21,0.010498687664041995,0.023622047244094488
gf2^6_mult,376_0,6,4346,380,2,2,2,2,0,4,0,3,4,8,8,6,7,7,14,8,15,0.005263157894736842,0.021052631578947368
gf2^6_mult,376_0,7,1482,380,3,4,3,4,0,7,0,3,4,9,10,6,8,10,18,9,19,0.007894736842105263,0.02368421052631579
gf2^6_mult,376_0,8,941,381,4,3,4,3,0,7,0,3,4,10,9,6,10,8,18,10,20,0.010498687664041995,0.026246719160104987
gf2^6_mult,376_0,9,42,380,2,4,2,4,0,6,0,2,4,6,8,4,5,9,14,6,14,0.005263157894736842,0.015789473684210527
gf2^6_mult,376_0,10,41,382,4,2,4,2,0,6,0,2,4,8,6,4,9,5,14,8,16,0.010471204188481676,0.020942408376963352
gf2^6_mult,376_0,11,3423,380,2,3,2,3,0,5,0,3,4,8,9,6,7,9,16,8,20,0.005263157894736842,0.021052631578947368
gf2^6_mult,376_0,12,4370,381,2,2,2,2,0,4,0,3,4,7,7,5,7,7,14,7,16,0.005249343832020997,0.01837270341207349
gf2^6_mult,376_0,13,4385,381,2,2,2,2,0,4,0,3,4,7,7,5,7,7,14,7,16,0.005249343832020997,0.01837270341207349
gf2^6_mult,376_0,14,4358,381,2,2,2,2,0,4,0,3,6,8,8,6,7,7,14,8,21,0.005249343832020997,0.02099737532808399
gf2^6_mult,376_0,15,4382,381,2,2,2,2,0,4,0,3,4,8,8,6,7,7,14,8,18,0.005249343832020997,0.02099737532808399
gf2^6_mult,376_0,16,45,381,2,2,2,2,0,4,0,2,4,6,6,4,5,5,10,6,17,0.005249343832020997,0.015748031496062992
gf2^6_mult,376_0,17,4358,381,2,2,2,2,0,4,0,3,7,8,8,6,7,7,14,8,24,0.005249343832020997,0.02099737532808399
gf2^6_mult,376_0,18,4397,381,2,2,2,2,0,4,0,3,5,8,8,6,7,7,14,8,19,0.005249343832020997,0.02099737532808399
gf2^6_mult,376_0,19,3422,381,2,3,2,3,0,5,0,3,5,8,9,6,7,9,16,8,20,0.005249343832020997,0.02099737532808399
gf2^6_mult,376_0,20,3424,382,3,2,3,2,0,5,0,3,5,9,8,6,9,7,16,9,21,0.007853403141361256,0.02356020942408377
gf2^6_mult,376_0,21,4361,381,2,2,2,2,0,4,0,3,6,8,8,6,7,7,14,8,22,0.005249343832020997,0.02099737532808399
gf2^6_mult,376_0,22,39,381,2,2,2,2,0,4,0,2,5,6,6,4,5,5,10,6,18,0.005249343832020997,0.015748031496062992
gf2^6_mult,376_0,23,4409,381,2,2,2,2,0,4,0,3,4,8,8,6,7,7,14,8,18,0.005249343832020997,0.02099737532808399
gf2^6_mult,376_0,24,38,381,2,2,2,2,0,4,0,2,3,6,6,4,5,5,10,6,13,0.005249343832020997,0.015748031496062992
gf2^6_mult,376_0,25,1482,381,3,4,3,4,0,7,0,3,5,9,10,6,8,10,18,9,20,0.007874015748031496,0.023622047244094488
gf2^6_mult,376_0,26,39,382,2,2,2,2,0,4,0,2,5,6,6,4,5,5,10,6,15,0.005235602094240838,0.015706806282722512
gf2^6_mult,376_0,27,941,382,4,3,4,3,0,7,0,3,5,10,9,6,10,8,18,10,22,0.010471204188481676,0.02617801047120419
gf2^6_mult,376_0,28,38,381,2,2,2,2,0,4,0,2,4,6,6,4,5,5,10,6,18,0.005249343832020997,0.015748031496062992
gf2^6_mult,376_0,29,4382,381,2,2,2,2,0,4,0,3,4,8,8,6,7,7,14,8,19,0.005249343832020997,0.02099737532808399
gf2^6_mult,376_0,30,4397,381,2,2,2,2,0,4,0,3,5,7,7,5,6,6,12,7,15,0.005249343832020997,0.01837270341207349
gf2^6_mult,376_0,31,42,381,2,4,2,4,0,6,0,2,5,6,8,4,5,9,14,6,15,0.005249343832020997,0.015748031496062992
gf2^6_mult,376_0,32,41,383,4,2,4,2,0,6,0,2,5,8,6,4,9,5,14,8,17,0.010443864229765013,0.020887728459530026
gf2^6_mult,376_0,33,1482,381,3,4,3,4,0,7,0,3,4,8,9,5,8,10,18,8,17,0.007874015748031496,0.02099737532808399
gf2^6_mult,376_0,34,3568,382,4,3,4,3,0,7,0,3,4,9,8,5,10,8,18,9,18,0.010471204188481676,0.02356020942408377
gf2^6_mult,376_0,35,44,381,2,2,2,2,0,4,0,2,5,6,6,4,5,5,10,6,17,0.005249343832020997,0.015748031496062992
gf2^6_mult,376_0,36,4370,381,2,2,2,2,0,4,0,3,4,8,8,6,7,7,14,8,21,0.005249343832020997,0.02099737532808399
gf2^6_mult,376_0,37,4397,381,2,2,2,2,0,4,0,3,5,8,8,6,7,7,14,8,22,0.005249343832020997,0.02099737532808399
gf2^6_mult,376_0,38,3566,381,3,4,3,4,0,7,0,3,5,9,10,6,8,10,18,9,22,0.007874015748031496,0.023622047244094488
gf2^6_mult,376_0,39,1483,382,4,3,4,3,0,7,0,3,5,10,9,6,10,8,18,10,23,0.010471204188481676,0.02617801047120419
gf2^6_mult,376_0,40,4397,381,2,2,2,2,0,4,0,3,4,8,8,6,7,7,14,8,17,0.005249343832020997,0.02099737532808399
gf2^6_mult,376_0,41,38,381,2,2,2,2,0,4,0,2,4,6,6,4,5,5,10,6,14,0.005249343832020997,0.015748031496062992
gf2^6_mult,376_0,42,4349,381,2,2,2,2,0,4,0,3,6,8,8,6,7,7,14,8,22,0.005249343832020997,0.02099737532808399
gf2^6_mult,376_0,43,4385,381,2,2,2,2,0,4,0,3,5,8,8,6,7,7,14,8,21,0.005249343832020997,0.02099737532808399
gf2^6_mult,376_0,44,44,381,2,2,2,2,0,4,0,2,4,6,6,4,5,5,10,6,14,0.005249343832020997,0.015748031496062992
gf2^6_mult,376_0,45,4385,381,2,2,2,2,0,4,0,3,7,8,8,6,7,7,14,8,21,0.005249343832020997,0.02099737532808399
gf2^6_mult,376_0,46,3432,381,3,2,3,2,0,5,0,3,4,9,8,6,9,7,16,9,18,0.007874015748031496,0.023622047244094488
gf2^6_mult,376_0,47,944,380,3,4,3,4,0,7,0,3,5,8,9,5,8,10,18,8,19,0.007894736842105263,0.021052631578947368
gf2^6_mult,376_0,48,941,381,4,3,4,3,0,7,0,3,5,9,8,5,10,8,18,9,20,0.010498687664041995,0.023622047244094488
gf2^6_mult,376_0,49,3566,380,3,4,3,4,0,7,0,3,4,8,9,5,8,10,18,8,17,0.007894736842105263,0.021052631578947368
gf2^6_mult,376_0,50,3568,381,4,3,4,3,0,7,0,3,4,9,8,5,10,8,18,9,18,0.010498687664041995,0.023622047244094488
gf2^6_mult,376_0,51,42,380,2,4,2,4,0,6,0,2,5,6,8,4,5,9,14,6,15,0.005263157894736842,0.015789473684210527
gf2^6_mult,376_0,52,41,382,4,2,4,2,0,6,0,2,5,8,6,4,9,5,14,8,17,0.010471204188481676,0.020942408376963352
gf2^6_mult,376_0,53,39,380,2,2,2,2,0,4,0,2,4,6,6,4,5,5,10,6,14,0.005263157894736842,0.015789473684210527
gf2^6_mult,376_0,54,38,380,2,2,2,2,0,4,0,2,4,6,6,4,5,5,10,6,14,0.005263157894736842,0.015789473684210527
gf2^6_mult,376_0,55,39,380,2,2,2,2,0,4,0,2,4,6,6,4,5,5,10,6,14,0.005263157894736842,0.015789473684210527
gf2^6_mult,376_0,56,38,380,2,2,2,2,0,4,0,2,4,6,6,4,5,5,10,6,14,0.005263157894736842,0.015789473684210527
gf2^6_mult,376_0,57,4349,380,2,2,2,2,0,4,0,3,4,8,8,6,7,7,14,8,22,0.005263157894736842,0.021052631578947368
gf2^6_mult,376_0,58,3416,380,2,3,2,3,0,5,0,3,6,8,9,6,7,9,16,8,20,0.005263157894736842,0.021052631578947368
gf2^6_mult,376_0,59,132,381,3,5,3,5,0,8,0,2,4,7,9,4,6,10,16,7,15,0.007874015748031496,0.01837270341207349
gf2^6_mult,376_0,60,133,383,5,3,5,3,0,8,0,2,4,9,7,4,10,6,16,9,17,0.013054830287206266,0.02349869451697128
gf2^6_mult,376_0,61,40,381,2,4,2,4,0,6,0,2,4,6,8,4,5,9,14,6,14,0.005249343832020997,0.015748031496062992
gf2^6_mult,376_0,62,41,383,4,2,4,2,0,6,0,2,4,8,6,4,9,5,14,8,16,0.010443864229765013,0.020887728459530026
gf2^6_mult,376_0,63,815,381,3,2,3,2,0,5,0,3,6,9,8,6,9,7,16,9,21,0.007874015748031496,0.023622047244094488
gf2^6_mult,376_0,64,4394,380,2,2,2,2,0,4,0,3,5,8,8,6,7,7,14,8,19,0.005263157894736842,0.021052631578947368
gf2^6_mult,376_0,65,817,380,3,2,3,2,0,5,0,3,6,9,8,6,9,7,16,9,22,0.007894736842105263,0.02368421052631579
gf2^6_mult,376_0,66,40,379,2,4,2,4,0,6,0,2,5,6,8,4,5,9,14,6,17,0.005277044854881266,0.0158311345646438
gf2^6_mult,376_0,67,41,381,4,2,4,2,0,6,0,2,5,8,6,4,9,5,14,8,19,0.010498687664041995,0.02099737532808399
gf2^6_mult,376_0,68,44,379,2,2,2,2,0,4,0,2,4,6,6,4,5,5,10,6,18,0.005277044854881266,0.0158311345646438
gf2^6_mult,376_0,69,42,379,2,4,2,4,0,6,0,2,5,6,8,4,5,9,14,6,15,0.005277044854881266,0.0158311345646438
gf2^6_mult,376_0,70,41,381,4,2,4,2,0,6,0,2,5,8,6,4,9,5,14,8,17,0.010498687664041995,0.02099737532808399
gf2^6_mult,376_0,71,36,379,2,4,2,4,0,6,0,2,5,6,8,4,5,9,14,6,15,0.005277044854881266,0.0158311345646438
gf2^6_mult,376_0,72,37,381,4,2,4,2,0,6,0,2,5,8,6,4,9,5,14,8,17,0.010498687664041995,0.02099737532808399
gf2^6_mult,376_0,73,4409,379,2,2,2,2,0,4,0,3,3,8,8,6,7,7,14,8,12,0.005277044854881266,0.021108179419525065
gf2^6_mult,376_0,74,944,379,3,4,3,4,0,7,0,3,6,9,10,6,8,10,18,9,24,0.0079155672823219,0.023746701846965697
gf2^6_mult,376_0,75,941,380,4,3,4,3,0,7,0,3,6,10,9,6,10,8,18,10,25,0.010526315789473684,0.02631578947368421
gf2^6_mult,376_0,76,1593,379,4,4,4,4,0,8,0,3,5,10,10,6,10,10,20,10,20,0.010554089709762533,0.026385224274406333
gf2^6_mult,376_0,77,4358,379,2,2,2,2,0,4,0,3,4,8,8,6,7,7,14,8,16,0.005277044854881266,0.021108179419525065
gf2^6_mult,376_0,78,943,379,4,3,4,3,0,7,0,3,7,10,9,6,10,8,18,10,23,0.010554089709762533,0.026385224274406333
gf2^6_mult,376_0,79,1535,378,4,4,4,4,0,8,0,3,4,10,10,6,10,10,20,10,22,0.010582010582010581,0.026455026455026454
gf2^6_mult,376_0,80,42,378,2,4,2,4,0,6,0,2,4,6,8,4,5,9,14,6,16,0.005291005291005291,0.015873015873015872
gf2^6_mult,376_0,81,41,380,4,2,4,2,0,6,0,2,4,8,6,4,9,5,14,8,18,0.010526315789473684,0.021052631578947368
gf2^6_mult,376_0,82,36,378,2,4,2,4,0,6,0,2,4,6,8,4,5,9,14,6,15,0.005291005291005291,0.015873015873015872
gf2^6_mult,376_0,83,37,380,4,2,4,2,0,6,0,2,4,8,6,4,9,5,14,8,17,0.010526315789473684,0.021052631578947368
gf2^6_mult,376_0,84,1482,378,3,4,3,4,0,7,0,3,5,8,9,5,7,9,16,8,17,0.007936507936507936,0.021164021164021163
gf2^6_mult,376_0,85,1496,379,4,4,4,4,0,8,0,3,5,10,10,6,10,10,20,10,25,0.010554089709762533,0.026385224274406333
gf2^6_mult,376_0,86,941,379,4,3,4,3,0,7,0,3,5,9,8,5,9,7,16,9,18,0.010554089709762533,0.023746701846965697
gf2^6_mult,376_0,87,4358,378,2,2,2,2,0,4,0,3,5,8,8,6,7,7,14,8,16,0.005291005291005291,0.021164021164021163
gf2^6_mult,376_0,88,1497,378,4,4,4,4,0,8,0,3,5,9,9,5,9,9,18,9,20,0.010582010582010581,0.023809523809523808
gf2^6_mult,376_0,89,3416,378,2,3,2,3,0,5,0,3,5,8,9,6,7,9,16,8,19,0.005291005291005291,0.021164021164021163
gf2^6_mult,376_0,90,44,379,2,2,2,2,0,4,0,2,4,6,6,4,5,5,10,6,14,0.005277044854881266,0.0158311345646438
gf2^6_mult,376_0,91,819,379,3,2,3,2,0,5,0,3,5,9,8,6,9,7,16,9,19,0.0079155672823219,0.023746701846965697
gf2^6_mult,376_0,92,4349,378,2,2,2,2,0,4,0,3,5,8,8,6,7,7,14,8,21,0.005291005291005291,0.021164021164021163
gf2^6_mult,376_0,93,4409,378,2,2,2,2,0,4,0,3,5,8,8,6,7,7,14,8,19,0.005291005291005291,0.021164021164021163
gf2^6_mult,376_0,94,4385,378,2,2,2,2,0,4,0,3,5,8,8,6,7,7,14,8,21,0.005291005291005291,0.021164021164021163
gf2^6_mult,376_0,95,940,378,3,4,3,4,0,7,0,3,5,9,10,6,8,10,18,9,23,0.007936507936507936,0.023809523809523808
gf2^6_mult,376_0,96,39,379,2,2,2,2,0,4,0,2,4,6,6,4,5,5,10,6,14,0.005277044854881266,0.0158311345646438
gf2^6_mult,376_0,97,38,379,2,2,2,2,0,4,0,2,4,6,6,4,5,5,10,6,14,0.005277044854881266,0.0158311345646438
gf2^6_mult,376_0,98,3568,379,4,3,4,3,0,7,0,3,5,10,9,6,10,8,18,10,24,0.010554089709762533,0.026385224274406333
gf2^6_mult,376_0,99,4409,378,2,2,2,2,0,4,0,3,5,7,7,5,6,6,12,7,15,0.005291005291005291,0.018518518518518517
gf2^6_mult,376_0,100,4370,378,2,2,2,2,0,4,0,3,5,8,8,6,7,7,14,8,21,0.005291005291005291,0.021164021164021163
gf2^6_mult,376_0,101,4409,378,2,2,2,2,0,4,0,3,4,7,7,5,7,7,14,7,17,0.005291005291005291,0.018518518518518517
gf2^6_mult,376_0,102,4664,378,2,0,2,0,0,2,0,2,4,6,4,4,6,2,8,6,15,0.005291005291005291,0.015873015873015872
gf2^6_mult,377_2,0,36,379,2,4,2,4,0,6,0,2,4,6,8,4,5,9,14,6,15,0.005277044854881266,0.0158311345646438
gf2^6_mult,377_2,1,37,381,4,2,4,2,0,6,0,2,4,8,6,4,9,5,14,8,17,0.010498687664041995,0.02099737532808399
gf2^6_mult,377_2,2,810,379,2,3,2,3,0,5,0,3,4,8,9,6,7,9,16,8,19,0.005277044854881266,0.021108179419525065
gf2^6_mult,377_2,3,4382,380,2,2,2,2,0,4,0,3,4,7,7,5,7,7,14,7,15,0.005263157894736842,0.018421052631578946
gf2^6_mult,377_2,4,4349,380,2,2,2,2,0,4,0,3,4,7,7,5,7,7,14,7,15,0.005263157894736842,0.018421052631578946
gf2^6_mult,377_2,5,4385,380,2,2,2,2,0,4,0,3,4,7,7,5,7,7,14,7,15,0.005263157894736842,0.018421052631578946
gf2^6_mult,377_2,6,956,380,3,4,3,4,0,7,0,3,5,9,10,6,8,10,18,9,20,0.007894736842105263,0.02368421052631579
gf2^6_mult,377_2,7,3424,381,3,2,3,2,0,5,0,3,5,9,8,6,9,7,16,9,19,0.007874015748031496,0.023622047244094488
gf2^6_mult,377_2,8,4358,380,2,2,2,2,0,4,0,3,7,8,8,6,7,7,14,8,23,0.005263157894736842,0.021052631578947368
gf2^6_mult,377_2,9,1535,380,4,4,4,4,0,8,0,3,7,10,10,6,10,10,20,10,26,0.010526315789473684,0.02631578947368421
gf2^6_mult,377_2,10,4382,380,2,2,2,2,0,4,0,3,5,8,8,6,7,7,14,8,18,0.005263157894736842,0.021052631578947368
gf2^6_mult,377_2,11,38,380,2,2,2,2,0,4,0,2,4,6,6,4,5,5,10,6,14,0.005263157894736842,0.015789473684210527
gf2^6_mult,377_2,12,4382,380,2,2,2,2,0,4,0,3,4,7,7,5,7,7,14,7,15,0.005263157894736842,0.018421052631578946
gf2^6_mult,377_2,13,4349,380,2,2,2,2,0,4,0,3,4,7,7,5,7,7,14,7,15,0.005263157894736842,0.018421052631578946
gf2^6_mult,377_2,14,4346,380,2,2,2,2,0,4,0,3,4,7,7,5,7,7,14,7,15,0.005263157894736842,0.018421052631578946
gf2^6_mult,377_2,15,4358,380,2,2,2,2,0,4,0,3,4,7,7,5,6,6,12,7,14,0.005263157894736842,0.018421052631578946
gf2^6_mult,377_2,16,4394,380,2,2,2,2,0,4,0,3,4,7,7,5,6,6,12,7,14,0.005263157894736842,0.018421052631578946
gf2^6_mult,377_2,17,39,380,2,2,2,2,0,4,0,2,4,6,6,4,5,5,10,6,16,0.005263157894736842,0.015789473684210527
gf2^6_mult,377_2,18,4409,380,2,2,2,2,0,4,0,3,7,8,8,6,7,7,14,8,21,0.005263157894736842,0.021052631578947368
gf2^6_mult,377_2,19,4397,380,2,2,2,2,0,4,0,3,6,8,8,6,7,7,14,8,19,0.005263157894736842,0.021052631578947368
gf2^6_mult,377_2,20,4346,380,2,2,2,2,0,4,0,3,5,8,8,6,7,7,14,8,17,0.005263157894736842,0.021052631578947368
gf2^6_mult,377_2,21,4385,380,2,2,2,2,0,4,0,3,5,8,8,6,7,7,14,8,17,0.005263157894736842,0.021052631578947368
gf2^6_mult,377_2,22,4385,380,2,2,2,2,0,4,0,3,5,8,8,6,7,7,14,8,17,0.005263157894736842,0.021052631578947368
gf2^6_mult,377_2,23,4394,380,2,2,2,2,0,4,0,3,4,6,6,4,6,6,12,6,13,0.005263157894736842,0.015789473684210527
gf2^6_mult,377_2,24,4664,380,2,0,2,0,0,2,0,2,5,6,4,4,6,2,8,6,17,0.005263157894736842,0.015789473684210527
gf2^6_mult,377_2,25,4370,378,2,2,2,2,0,4,0,3,6,8,8,6,7,7,14,8,22,0.005291005291005291,0.021164021164021163
gf2^6_mult,377_2,26,45,378,2,2,2,2,0,4,0,2,3,6,6,4,5,5,10,6,13,0.005291005291005291,0.015873015873015872
gf2^6_mult,377_2,27,45,378,2,2,2,2,0,4,0,2,4,6,6,4,5,5,10,6,16,0.005291005291005291,0.015873015873015872
gf2^6_mult,377_2,28,4394,378,2,2,2,2,0,4,0,3,6,8,8,6,7,7,14,8,23,0.005291005291005291,0.021164021164021163
gf2^6_mult,377_2,29,1535,378,4,4,4,4,0,8,0,3,5,10,10,6,10,10,20,10,20,0.010582010582010581,0.026455026455026454
gf2^6_mult,377_2,30,4409,378,2,2,2,2,0,4,0,3,7,8,8,6,7,7,14,8,22,0.005291005291005291,0.021164021164021163
gf2^6_mult,377_2,31,1608,378,4,5,4,5,0,9,0,3,6,10,11,6,9,11,20,10,22,0.010582010582010581,0.026455026455026454
gf2^6_mult,377_2,32,941,379,4,3,4,3,0,7,0,3,5,10,9,6,10,8,18,10,20,0.010554089709762533,0.026385224274406333
gf2^6_mult,377_2,33,4406,378,2,2,2,2,0,4,0,3,5,8,8,6,7,7,14,8,24,0.005291005291005291,0.021164021164021163
gf2^6_mult,377_2,34,3417,378,2,3,2,3,0,5,0,3,5,8,9,6,7,9,16,8,18,0.005291005291005291,0.021164021164021163
gf2^6_mult,377_2,35,817,379,3,2,3,2,0,5,0,3,5,9,8,6,9,7,16,9,19,0.0079155672823219,0.023746701846965697
gf2^6_mult,377_2,36,817,378,3,2,3,2,0,5,0,3,5,9,8,6,9,7,16,9,19,0.007936507936507936,0.023809523809523808
gf2^6_mult,378_0,0,3428,379,2,3,2,3,0,5,0,3,4,8,9,6,7,9,16,8,17,0.005277044854881266,0.021108179419525065
gf2^6_mult,378_0,1,4370,380,2,2,2,2,0,4,0,3,3,7,7,5,7,7,14,7,13,0.005263157894736842,0.018421052631578946
gf2^6_mult,378_0,2,4373,380,2,2,2,2,0,4,0,3,3,7,7,5,7,7,14,7,13,0.005263157894736842,0.018421052631578946
gf2^6_mult,378_0,3,4397,380,2,2,2,2,0,4,0,3,5,8,8,6,7,7,14,8,20,0.005263157894736842,0.021052631578947368
gf2^6_mult,378_0,4,3566,380,3,4,3,4,0,7,0,3,6,8,9,5,8,10,18,8,20,0.007894736842105263,0.021052631578947368
gf2^6_mult,378_0,5,945,381,4,3,4,3,0,7,0,3,6,9,8,5,10,8,18,9,21,0.010498687664041995,0.023622047244094488
gf2^6_mult,378_0,6,4346,380,2,2,2,2,0,4,0,3,4,8,8,6,7,7,14,8,15,0.005263157894736842,0.021052631578947368
gf2^6_mult,378_0,7,1482,380,3,4,3,4,0,7,0,3,4,9,10,6,8,10,18,9,19,0.007894736842105263,0.02368421052631579
gf2^6_mult,378_0,8,941,381,4,3,4,3,0,7,0,3,4,10,9,6,10,8,18,10,20,0.010498687664041995,0.026246719160104987
gf2^6_mult,378_0,9,42,380,2,4,2,4,0,6,0,2,4,6,8,4,5,9,14,6,14,0.005263157894736842,0.015789473684210527
gf2^6_mult,378_0,10,41,382,4,2,4,2,0,6,0,2,4,8,6,4,9,5,14,8,16,0.010471204188481676,0.020942408376963352
gf2^6_mult,378_0,11,3423,380,2,3,2,3,0,5,0,3,4,8,9,6,7,9,16,8,20,0.005263157894736842,0.021052631578947368
gf2^6_mult,378_0,12,4370,381,2,2,2,2,0,4,0,3,4,7,7,5,7,7,14,7,16,0.005249343832020997,0.01837270341207349
gf2^6_mult,378_0,13,4385,381,2,2,2,2,0,4,0,3,4,7,7,5,7,7,14,7,16,0.005249343832020997,0.01837270341207349
gf2^6_mult,378_0,14,4358,381,2,2,2,2,0,4,0,3,6,8,8,6,7,7,14,8,21,0.005249343832020997,0.02099737532808399
gf2^6_mult,378_0,15,4382,381,2,2,2,2,0,4,0,3,4,8,8,6,7,7,14,8,18,0.005249343832020997,0.02099737532808399
gf2^6_mult,378_0,16,45,381,2,2,2,2,0,4,0,2,4,6,6,4,5,5,10,6,17,0.005249343832020997,0.015748031496062992
gf2^6_mult,378_0,17,4358,381,2,2,2,2,0,4,0,3,7,8,8,6,7,7,14,8,24,0.005249343832020997,0.02099737532808399
gf2^6_mult,378_0,18,4397,381,2,2,2,2,0,4,0,3,5,8,8,6,7,7,14,8,19,0.005249343832020997,0.02099737532808399
gf2^6_mult,378_0,19,3422,381,2,3,2,3,0,5,0,3,5,8,9,6,7,9,16,8,20,0.005249343832020997,0.02099737532808399
gf2^6_mult,378_0,20,3424,382,3,2,3,2,0,5,0,3,5,9,8,6,9,7,16,9,21,0.007853403141361256,0.02356020942408377
gf2^6_mult,378_0,21,4361,381,2,2,2,2,0,4,0,3,6,8,8,6,7,7,14,8,22,0.005249343832020997,0.02099737532808399
gf2^6_mult,378_0,22,39,381,2,2,2,2,0,4,0,2,5,6,6,4,5,5,10,6,18,0.005249343832020997,0.015748031496062992
gf2^6_mult,378_0,23,4409,381,2,2,2,2,0,4,0,3,4,8,8,6,7,7,14,8,18,0.005249343832020997,0.02099737532808399
gf2^6_mult,378_0,24,38,381,2,2,2,2,0,4,0,2,3,6,6,4,5,5,10,6,13,0.005249343832020997,0.015748031496062992
gf2^6_mult,378_0,25,1482,381,3,4,3,4,0,7,0,3,5,9,10,6,8,10,18,9,20,0.007874015748031496,0.023622047244094488
gf2^6_mult,378_0,26,39,382,2,2,2,2,0,4,0,2,5,6,6,4,5,5,10,6,15,0.005235602094240838,0.015706806282722512
gf2^6_mult,378_0,27,941,382,4,3,4,3,0,7,0,3,5,10,9,6,10,8,18,10,22,0.010471204188481676,0.02617801047120419
gf2^6_mult,378_0,28,38,381,2,2,2,2,0,4,0,2,4,6,6,4,5,5,10,6,18,0.005249343832020997,0.015748031496062992
gf2^6_mult,378_0,29,4382,381,2,2,2,2,0,4,0,3,4,8,8,6,7,7,14,8,19,0.005249343832020997,0.02099737532808399
gf2^6_mult,378_0,30,4397,381,2,2,2,2,0,4,0,3,5,7,7,5,6,6,12,7,15,0.005249343832020997,0.01837270341207349
gf2^6_mult,378_0,31,42,381,2,4,2,4,0,6,0,2,5,6,8,4,5,9,14,6,15,0.005249343832020997,0.015748031496062992
gf2^6_mult,378_0,32,41,383,4,2,4,2,0,6,0,2,5,8,6,4,9,5,14,8,17,0.010443864229765013,0.020887728459530026
gf2^6_mult,378_0,33,1482,381,3,4,3,4,0,7,0,3,4,8,9,5,8,10,18,8,17,0.007874015748031496,0.02099737532808399
gf2^6_mult,378_0,34,3568,382,4,3,4,3,0,7,0,3,4,9,8,5,10,8,18,9,18,0.010471204188481676,0.02356020942408377
gf2^6_mult,378_0,35,44,381,2,2,2,2,0,4,0,2,5,6,6,4,5,5,10,6,17,0.005249343832020997,0.015748031496062992
gf2^6_mult,378_0,36,4370,381,2,2,2,2,0,4,0,3,4,8,8,6,7,7,14,8,21,0.005249343832020997,0.02099737532808399
gf2^6_mult,378_0,37,4397,381,2,2,2,2,0,4,0,3,5,8,8,6,7,7,14,8,22,0.005249343832020997,0.02099737532808399
gf2^6_mult,378_0,38,3566,381,3,4,3,4,0,7,0,3,5,9,10,6,8,10,18,9,22,0.007874015748031496,0.023622047244094488
gf2^6_mult,378_0,39,1483,382,4,3,4,3,0,7,0,3,5,10,9,6,10,8,18,10,23,0.010471204188481676,0.02617801047120419
gf2^6_mult,378_0,40,4397,381,2,2,2,2,0,4,0,3,4,8,8,6,7,7,14,8,17,0.005249343832020997,0.02099737532808399
gf2^6_mult,378_0,41,38,381,2,2,2,2,0,4,0,2,4,6,6,4,5,5,10,6,14,0.005249343832020997,0.015748031496062992
gf2^6_mult,378_0,42,4349,381,2,2,2,2,0,4,0,3,6,8,8,6,7,7,14,8,22,0.005249343832020997,0.02099737532808399
gf2^6_mult,378_0,43,4385,381,2,2,2,2,0,4,0,3,5,8,8,6,7,7,14,8,21,0.005249343832020997,0.02099737532808399
gf2^6_mult,378_0,44,44,381,2,2,2,2,0,4,0,2,4,6,6,4,5,5,10,6,14,0.005249343832020997,0.015748031496062992
gf2^6_mult,378_0,45,4385,381,2,2,2,2,0,4,0,3,7,8,8,6,7,7,14,8,21,0.005249343832020997,0.02099737532808399
gf2^6_mult,378_0,46,3432,381,3,2,3,2,0,5,0,3,4,9,8,6,9,7,16,9,18,0.007874015748031496,0.023622047244094488
gf2^6_mult,378_0,47,944,380,3,4,3,4,0,7,0,3,5,8,9,5,8,10,18,8,19,0.007894736842105263,0.021052631578947368
gf2^6_mult,378_0,48,941,381,4,3,4,3,0,7,0,3,5,9,8,5,10,8,18,9,20,0.010498687664041995,0.023622047244094488
gf2^6_mult,378_0,49,3566,380,3,4,3,4,0,7,0,3,4,8,9,5,8,10,18,8,17,0.007894736842105263,0.021052631578947368
gf2^6_mult,378_0,50,3568,381,4,3,4,3,0,7,0,3,4,9,8,5,10,8,18,9,18,0.010498687664041995,0.023622047244094488
gf2^6_mult,378_0,51,42,380,2,4,2,4,0,6,0,2,5,6,8,4,5,9,14,6,15,0.005263157894736842,0.015789473684210527
gf2^6_mult,378_0,52,41,382,4,2,4,2,0,6,0,2,5,8,6,4,9,5,14,8,17,0.010471204188481676,0.020942408376963352
gf2^6_mult,378_0,53,39,380,2,2,2,2,0,4,0,2,4,6,6,4,5,5,10,6,14,0.005263157894736842,0.015789473684210527
gf2^6_mult,378_0,54,38,380,2,2,2,2,0,4,0,2,4,6,6,4,5,5,10,6,14,0.005263157894736842,0.015789473684210527
gf2^6_mult,378_0,55,39,380,2,2,2,2,0,4,0,2,4,6,6,4,5,5,10,6,14,0.005263157894736842,0.015789473684210527
gf2^6_mult,378_0,56,38,380,2,2,2,2,0,4,0,2,4,6,6,4,5,5,10,6,14,0.005263157894736842,0.015789473684210527
gf2^6_mult,378_0,57,4349,380,2,2,2,2,0,4,0,3,4,8,8,6,7,7,14,8,22,0.005263157894736842,0.021052631578947368
gf2^6_mult,378_0,58,3416,380,2,3,2,3,0,5,0,3,6,8,9,6,7,9,16,8,20,0.005263157894736842,0.021052631578947368
gf2^6_mult,378_0,59,132,381,3,5,3,5,0,8,0,2,4,7,9,4,6,10,16,7,15,0.007874015748031496,0.01837270341207349
gf2^6_mult,378_0,60,133,383,5,3,5,3,0,8,0,2,4,9,7,4,10,6,16,9,17,0.013054830287206266,0.02349869451697128
gf2^6_mult,378_0,61,40,381,2,4,2,4,0,6,0,2,4,6,8,4,5,9,14,6,14,0.005249343832020997,0.015748031496062992
gf2^6_mult,378_0,62,41,383,4,2,4,2,0,6,0,2,4,8,6,4,9,5,14,8,16,0.010443864229765013,0.020887728459530026
gf2^6_mult,378_0,63,815,381,3,2,3,2,0,5,0,3,6,9,8,6,9,7,16,9,21,0.007874015748031496,0.023622047244094488
gf2^6_mult,378_0,64,4394,380,2,2,2,2,0,4,0,3,5,8,8,6,7,7,14,8,19,0.005263157894736842,0.021052631578947368
gf2^6_mult,378_0,65,817,380,3,2,3,2,0,5,0,3,6,9,8,6,9,7,16,9,22,0.007894736842105263,0.02368421052631579
gf2^6_mult,378_0,66,40,379,2,4,2,4,0,6,0,2,5,6,8,4,5,9,14,6,17,0.005277044854881266,0.0158311345646438
gf2^6_mult,378_0,67,41,381,4,2,4,2,0,6,0,2,5,8,6,4,9,5,14,8,19,0.010498687664041995,0.02099737532808399
gf2^6_mult,378_0,68,44,379,2,2,2,2,0,4,0,2,4,6,6,4,5,5,10,6,18,0.005277044854881266,0.0158311345646438
gf2^6_mult,378_0,69,42,379,2,4,2,4,0,6,0,2,5,6,8,4,5,9,14,6,15,0.005277044854881266,0.0158311345646438
gf2^6_mult,378_0,70,41,381,4,2,4,2,0,6,0,2,5,8,6,4,9,5,14,8,17,0.010498687664041995,0.02099737532808399
gf2^6_mult,378_0,71,36,379,2,4,2,4,0,6,0,2,5,6,8,4,5,9,14,6,15,0.005277044854881266,0.0158311345646438
gf2^6_mult,378_0,72,37,381,4,2,4,2,0,6,0,2,5,8,6,4,9,5,14,8,17,0.010498687664041995,0.02099737532808399
gf2^6_mult,378_0,73,4409,379,2,2,2,2,0,4,0,3,3,8,8,6,7,7,14,8,12,0.005277044854881266,0.021108179419525065
gf2^6_mult,378_0,74,944,379,3,4,3,4,0,7,0,3,6,9,10,6,8,10,18,9,24,0.0079155672823219,0.023746701846965697
gf2^6_mult,378_0,75,941,380,4,3,4,3,0,7,0,3,6,10,9,6,10,8,18,10,25,0.010526315789473684,0.02631578947368421
gf2^6_mult,378_0,76,1593,379,4,4,4,4,0,8,0,3,5,10,10,6,10,10,20,10,20,0.010554089709762533,0.026385224274406333
gf2^6_mult,378_0,77,4358,379,2,2,2,2,0,4,0,3,4,8,8,6,7,7,14,8,16,0.005277044854881266,0.021108179419525065
gf2^6_mult,378_0,78,943,379,4,3,4,3,0,7,0,3,7,10,9,6,10,8,18,10,23,0.010554089709762533,0.026385224274406333
gf2^6_mult,378_2,0,36,379,2,4,2,4,0,6,0,2,4,6,8,4,5,9,14,6,15,0.005277044854881266,0.0158311345646438
gf2^6_mult,378_2,1,37,381,4,2,4,2,0,6,0,2,4,8,6,4,9,5,14,8,17,0.010498687664041995,0.02099737532808399
gf2^6_mult,378_2,2,810,379,2,3,2,3,0,5,0,3,4,8,9,6,7,9,16,8,19,0.005277044854881266,0.021108179419525065
gf2^6_mult,378_2,3,4382,380,2,2,2,2,0,4,0,3,4,7,7,5,7,7,14,7,15,0.005263157894736842,0.018421052631578946
gf2^6_mult,378_2,4,4349,380,2,2,2,2,0,4,0,3,4,7,7,5,7,7,14,7,15,0.005263157894736842,0.018421052631578946
gf2^6_mult,378_2,5,4385,380,2,2,2,2,0,4,0,3,4,7,7,5,7,7,14,7,15,0.005263157894736842,0.018421052631578946
gf2^6_mult,378_2,6,956,380,3,4,3,4,0,7,0,3,5,9,10,6,8,10,18,9,20,0.007894736842105263,0.02368421052631579
gf2^6_mult,378_2,7,3424,381,3,2,3,2,0,5,0,3,5,9,8,6,9,7,16,9,19,0.007874015748031496,0.023622047244094488
gf2^6_mult,378_2,8,4358,380,2,2,2,2,0,4,0,3,7,8,8,6,7,7,14,8,23,0.005263157894736842,0.021052631578947368
gf2^6_mult,378_2,9,1535,380,4,4,4,4,0,8,0,3,7,10,10,6,10,10,20,10,26,0.010526315789473684,0.02631578947368421
gf2^6_mult,378_2,10,4382,380,2,2,2,2,0,4,0,3,5,8,8,6,7,7,14,8,18,0.005263157894736842,0.021052631578947368
gf2^6_mult,378_2,11,38,380,2,2,2,2,0,4,0,2,4,6,6,4,5,5,10,6,14,0.005263157894736842,0.015789473684210527
gf2^6_mult,378_2,12,4382,380,2,2,2,2,0,4,0,3,4,7,7,5,7,7,14,7,15,0.005263157894736842,0.018421052631578946
gf2^6_mult,378_2,13,4349,380,2,2,2,2,0,4,0,3,4,7,7,5,7,7,14,7,15,0.005263157894736842,0.018421052631578946
gf2^6_mult,378_2,14,4346,380,2,2,2,2,0,4,0,3,4,7,7,5,7,7,14,7,15,0.005263157894736842,0.018421052631578946
gf2^6_mult,378_2,15,4358,380,2,2,2,2,0,4,0,3,4,7,7,5,6,6,12,7,14,0.005263157894736842,0.018421052631578946
gf2^6_mult,378_2,16,4394,380,2,2,2,2,0,4,0,3,4,7,7,5,6,6,12,7,14,0.005263157894736842,0.018421052631578946
gf2^6_mult,378_2,17,39,380,2,2,2,2,0,4,0,2,4,6,6,4,5,5,10,6,16,0.005263157894736842,0.015789473684210527
gf2^6_mult,378_2,18,4409,380,2,2,2,2,0,4,0,3,7,8,8,6,7,7,14,8,21,0.005263157894736842,0.021052631578947368
gf2^6_mult,378_2,19,4397,380,2,2,2,2,0,4,0,3,6,8,8,6,7,7,14,8,19,0.005263157894736842,0.021052631578947368
gf2^6_mult,378_2,20,4346,380,2,2,2,2,0,4,0,3,5,8,8,6,7,7,14,8,17,0.005263157894736842,0.021052631578947368
gf2^6_mult,378_2,21,4385,380,2,2,2,2,0,4,0,3,5,8,8,6,7,7,14,8,17,0.005263157894736842,0.021052631578947368
gf2^6_mult,378_2,22,4385,380,2,2,2,2,0,4,0,3,5,8,8,6,7,7,14,8,17,0.005263157894736842,0.021052631578947368
gf2^6_mult,378_2,23,4394,380,2,2,2,2,0,4,0,3,4,6,6,4,6,6,12,6,13,0.005263157894736842,0.015789473684210527
gf2^6_mult,378_2,24,4664,380,2,0,2,0,0,2,0,2,5,6,4,4,6,2,8,6,17,0.005263157894736842,0.015789473684210527
gf2^6_mult,378_3,0,4362,379,2,3,2,3,0,5,0,3,5,8,9,6,7,9,16,8,23,0.005277044854881266,0.021108179419525065
gf2^6_mult,378_3,1,944,380,3,4,3,4,0,7,0,3,4,8,9,5,7,9,16,8,17,0.007894736842105263,0.021052631578947368
gf2^6_mult,378_3,2,941,381,4,3,4,3,0,7,0,3,4,9,8,5,9,7,16,9,18,0.010498687664041995,0.023622047244094488
gf2^6_mult,378_3,3,4368,380,3,2,3,2,0,5,0,3,5,9,8,6,9,7,16,9,24,0.007894736842105263,0.02368421052631579
gf2^6_mult,378_3,4,3564,379,4,3,4,3,0,7,0,3,6,10,9,6,10,8,18,10,24,0.010554089709762533,0.026385224274406333
gf2^6_mult,378_4,0,4397,379,2,2,2,2,0,4,0,3,6,8,8,6,7,7,14,8,20,0.005277044854881266,0.021108179419525065
gf2^6_mult,378_4,1,4394,379,2,2,2,2,0,4,0,3,6,8,8,6,7,7,14,8,23,0.005277044854881266,0.021108179419525065
gf2^6_mult,378_4,2,38,379,2,2,2,2,0,4,0,2,4,6,6,4,5,5,10,6,14,0.005277044854881266,0.0158311345646438
gf2^6_mult,378_4,3,4385,379,2,2,2,2,0,4,0,3,6,8,8,6,7,7,14,8,21,0.005277044854881266,0.021108179419525065
gf2^6_mult,378_4,4,1482,379,3,4,3,4,0,7,0,3,5,9,10,6,8,10,18,9,18,0.0079155672823219,0.023746701846965697
gf2^6_mult,378_4,5,941,380,4,3,4,3,0,7,0,3,5,10,9,6,10,8,18,10,19,0.010526315789473684,0.02631578947368421
gf2^6_mult,378_4,6,4358,379,2,2,2,2,0,4,0,3,7,8,8,6,7,7,14,8,22,0.005277044854881266,0.021108179419525065
gf2^6_mult,378_4,7,39,379,2,2,2,2,0,4,0,2,5,6,6,4,5,5,10,6,18,0.005277044854881266,0.0158311345646438
gf2^6_mult,378_4,8,4385,379,2,2,2,2,0,4,0,3,7,8,8,6,7,7,14,8,22,0.005277044854881266,0.021108179419525065
gf2^6_mult,378_4,9,3561,379,3,4,3,4,0,7,0,3,5,8,9,5,8,10,18,8,20,0.0079155672823219,0.021108179419525065
gf2^6_mult,378_4,10,3564,380,4,3,4,3,0,7,0,3,5,9,8,5,10,8,18,9,21,0.010526315789473684,0.02368421052631579
gf2^6_mult,378_4,11,1468,379,4,5,4,5,0,9,0,3,5,10,11,6,10,12,22,10,20,0.010554089709762533,0.026385224274406333
gf2^6_mult,378_4,12,44,380,2,2,2,2,0,4,0,2,3,6,6,4,5,5,10,6,11,0.005263157894736842,0.015789473684210527
gf2^6_mult,378_4,13,39,380,2,2,2,2,0,4,0,2,3,6,6,4,5,5,10,6,11,0.005263157894736842,0.015789473684210527
gf2^6_mult,378_4,14,44,380,2,2,2,2,0,4,0,2,3,6,6,4,5,5,10,6,11,0.005263157894736842,0.015789473684210527
gf2^6_mult,378_4,15,4358,380,2,2,2,2,0,4,0,3,5,8,8,6,7,7,14,8,21,0.005263157894736842,0.021052631578947368
gf2^6_mult,378_4,16,39,380,2,2,2,2,0,4,0,2,3,6,6,4,5,5,10,6,11,0.005263157894736842,0.015789473684210527
gf2^6_mult,378_4,17,38,380,2,2,2,2,0,4,0,2,3,6,6,4,5,5,10,6,11,0.005263157894736842,0.015789473684210527
gf2^6_mult,378_4,18,39,380,2,2,2,2,0,4,0,2,3,6,6,4,5,5,10,6,11,0.005263157894736842,0.015789473684210527
gf2^6_mult,378_4,19,1469,380,5,4,5,4,0,9,0,3,5,11,10,6,12,10,22,11,21,0.013157894736842105,0.02894736842105263
gf2^6_mult,378_4,20,4397,379,2,2,2,2,0,4,0,3,4,7,7,5,6,6,12,7,14,0.005277044854881266,0.018469656992084433
gf2^6_mult,378_4,21,1593,379,4,4,4,4,0,8,0,3,4,9,9,5,9,9,18,9,17,0.010554089709762533,0.023746701846965697
gf2^6_mult,378_4,22,39,379,2,2,2,2,0,4,0,2,5,6,6,4,5,5,10,6,16,0.005277044854881266,0.0158311345646438
gf2^6_mult,378_4,23,1482,379,3,4,3,4,0,7,0,3,4,9,10,6,8,10,18,9,19,0.0079155672823219,0.023746701846965697
gf2^6_mult,378_4,24,941,380,4,3,4,3,0,7,0,3,4,10,9,6,10,8,18,10,20,0.010526315789473684,0.02631578947368421
gf2^6_mult,378_4,25,4346,379,2,2,2,2,0,4,0,3,5,8,8,6,7,7,14,8,20,0.005277044854881266,0.021108179419525065
gf2^6_mult,378_4,26,4406,379,2,2,2,2,0,4,0,3,4,8,8,6,7,7,14,8,18,0.005277044854881266,0.021108179419525065
gf2^6_mult,378_4,27,4358,379,2,2,2,2,0,4,0,3,5,8,8,6,7,7,14,8,20,0.005277044854881266,0.021108179419525065
gf2^6_mult,378_4,28,4406,379,2,2,2,2,0,4,0,3,6,8,8,6,7,7,14,8,20,0.005277044854881266,0.021108179419525065
gf2^6_mult,378_4,29,4409,379,2,2,2,2,0,4,0,3,6,8,8,6,7,7,14,8,20,0.005277044854881266,0.021108179419525065
gf2^6_mult,378_4,30,4410,379,2,3,2,3,0,5,0,3,5,8,9,6,7,9,16,8,24,0.005277044854881266,0.021108179419525065
gf2^6_mult,378_4,31,4368,380,3,2,3,2,0,5,0,3,5,9,8,6,9,7,16,9,25,0.007894736842105263,0.02368421052631579
gf2^6_mult,378_4,32,4385,379,2,2,2,2,0,4,0,3,6,8,8,6,7,7,14,8,22,0.005277044854881266,0.021108179419525065
gf2^6_mult,378_4,33,817,379,3,2,3,2,0,5,0,3,6,9,8,6,9,7,16,9,21,0.0079155672823219,0.023746701846965697
gf2^6_mult,378_5,0,4358,379,2,2,2,2,0,4,0,3,4,8,8,6,7,7,14,8,17,0.005277044854881266,0.021108179419525065
gf2^6_mult,378_5,1,4360,379,2,3,2,3,0,5,0,3,5,8,9,6,7,9,16,8,20,0.005277044854881266,0.021108179419525065
gf2^6_mult,378_5,2,4368,380,3,2,3,2,0,5,0,3,5,9,8,6,9,7,16,9,21,0.007894736842105263,0.02368421052631579
gf2^6_mult,378_5,3,4406,379,2,2,2,2,0,4,0,3,6,8,8,6,7,7,14,8,22,0.005277044854881266,0.021108179419525065
gf2^6_mult,378_5,4,3422,379,2,3,2,3,0,5,0,3,5,8,9,6,7,9,16,8,19,0.005277044854881266,0.021108179419525065
gf2^6_mult,378_5,5,3424,380,3,2,3,2,0,5,0,3,5,9,8,6,9,7,16,9,20,0.007894736842105263,0.02368421052631579
gf2^6_mult,378_5,6,132,379,3,5,3,5,0,8,0,2,3,7,9,4,6,10,16,7,16,0.0079155672823219,0.018469656992084433
gf2^6_mult,378_5,7,133,381,5,3,5,3,0,8,0,2,3,9,7,4,10,6,16,9,18,0.013123359580052493,0.023622047244094488
gf2^6_mult,378_5,8,822,379,2,3,2,3,0,5,0,3,6,8,9,6,7,9,16,8,20,0.005277044854881266,0.021108179419525065
gf2^6_mult,378_5,9,3566,380,3,4,3,4,0,7,0,3,7,9,10,6,8,10,18,9,22,0.007894736842105263,0.02368421052631579
gf2^6_mult,378_5,10,823,381,3,2,3,2,0,5,0,3,6,9,8,6,9,7,16,9,21,0.007874015748031496,0.023622047244094488
gf2^6_mult,378_5,11,3434,380,2,3,2,3,0,5,0,3,6,8,9,6,7,9,16,8,21,0.005263157894736842,0.021052631578947368
gf2^6_mult,378_5,12,815,381,3,2,3,2,0,5,0,3,6,9,8,6,9,7,16,9,22,0.007874015748031496,0.023622047244094488
gf2^6_mult,378_5,13,4397,380,2,2,2,2,0,4,0,3,4,8,8,6,7,7,14,8,15,0.005263157894736842,0.021052631578947368
gf2^6_mult,378_5,14,38,380,2,2,2,2,0,4,0,2,4,6,6,4,5,5,10,6,13,0.005263157894736842,0.015789473684210527
gf2^6_mult,378_5,15,40,380,2,4,2,4,0,6,0,2,5,6,8,4,5,9,14,6,16,0.005263157894736842,0.015789473684210527
gf2^6_mult,378_5,16,41,382,4,2,4,2,0,6,0,2,5,8,6,4,9,5,14,8,18,0.010471204188481676,0.020942408376963352
gf2^6_mult,378_5,17,4409,380,2,2,2,2,0,4,0,3,5,8,8,6,7,7,14,8,24,0.005263157894736842,0.021052631578947368
gf2^6_mult,378_5,18,4385,380,2,2,2,2,0,4,0,3,7,8,8,6,7,7,14,8,22,0.005263157894736842,0.021052631578947368
gf2^6_mult,378_5,19,1482,380,3,4,3,4,0,7,0,3,6,9,10,6,8,10,18,9,23,0.007894736842105263,0.02368421052631579
gf2^6_mult,378_5,20,941,381,4,3,4,3,0,7,0,3,6,10,9,6,10,8,18,10,24,0.010498687664041995,0.026246719160104987
gf2^6_mult,378_5,21,42,380,2,4,2,4,0,6,0,2,4,6,8,4,5,9,14,6,16,0.005263157894736842,0.015789473684210527
gf2^6_mult,378_5,22,41,382,4,2,4,2,0,6,0,2,4,8,6,4,9,5,14,8,18,0.010471204188481676,0.020942408376963352
gf2^6_mult,378_5,23,941,380,4,3,4,3,0,7,0,3,7,10,9,6,10,8,18,10,23,0.010526315789473684,0.02631578947368421
gf2^6_mult,378_5,24,3435,379,2,3,2,3,0,5,0,3,5,8,9,6,7,9,16,8,19,0.005277044854881266,0.021108179419525065
gf2^6_mult,378_5,25,4397,380,2,2,2,2,0,4,0,3,5,7,7,5,7,7,14,7,19,0.005263157894736842,0.018421052631578946
gf2^6_mult,378_5,26,823,380,3,2,3,2,0,5,0,3,5,9,8,6,9,7,16,9,20,0.007894736842105263,0.02368421052631579
gf2^6_mult,378_5,27,817,379,3,2,3,2,0,5,0,3,5,9,8,6,9,7,16,9,21,0.0079155672823219,0.023746701846965697
gf2^6_mult,379_0,0,4371,380,2,3,2,3,0,5,0,3,4,8,9,6,7,9,16,8,18,0.005263157894736842,0.021052631578947368
gf2^6_mult,379_0,1,4409,381,2,2,2,2,0,4,0,3,5,8,8,6,7,7,14,8,20,0.005249343832020997,0.02099737532808399
gf2^6_mult,379_0,2,44,381,2,2,2,2,0,4,0,2,3,6,6,4,5,5,10,6,14,0.005249343832020997,0.015748031496062992
gf2^6_mult,379_0,3,1592,381,4,4,4,4,0,8,0,3,5,10,10,6,10,10,20,10,23,0.010498687664041995,0.026246719160104987
gf2^6_mult,379_0,4,4358,381,2,2,2,2,0,4,0,3,3,7,7,5,7,7,14,7,14,0.005249343832020997,0.01837270341207349
gf2^6_mult,379_0,5,120,381,3,3,3,3,0,6,0,2,4,6,6,3,7,7,14,6,14,0.007874015748031496,0.015748031496062992
gf2^6_mult,379_0,6,41,381,4,2,4,2,0,6,0,2,5,8,6,4,9,5,14,8,20,0.010498687664041995,0.02099737532808399
gf2^6_mult,379_3,0,4361,380,2,2,2,2,0,4,0,3,5,8,8,6,7,7,14,8,16,0.005263157894736842,0.021052631578947368
gf2^6_mult,379_3,1,4396,380,2,3,2,3,0,5,0,3,6,8,9,6,7,9,16,8,22,0.005263157894736842,0.021052631578947368
gf2^6_mult,379_3,2,4368,381,3,2,3,2,0,5,0,3,6,9,8,6,9,7,16,9,23,0.007874015748031496,0.023622047244094488
gf2^6_mult,379_3,3,4406,380,2,2,2,2,0,4,0,3,7,8,8,6,7,7,14,8,22,0.005263157894736842,0.021052631578947368
gf2^6_mult,379_3,4,3417,380,2,3,2,3,0,5,0,3,3,8,9,6,7,9,16,8,17,0.005263157894736842,0.021052631578947368
gf2^6_mult,379_3,5,810,381,2,3,2,3,0,5,0,3,4,8,9,6,7,9,16,8,22,0.005249343832020997,0.02099737532808399
gf2^6_mult,379_3,6,4358,382,2,2,2,2,0,4,0,3,4,8,8,6,7,7,14,8,19,0.005235602094240838,0.020942408376963352
gf2^6_mult,379_3,7,4406,382,2,2,2,2,0,4,0,3,5,7,7,5,6,6,12,7,18,0.005235602094240838,0.01832460732984293
gf2^6_mult,379_3,8,4358,382,2,2,2,2,0,4,0,3,6,8,8,6,7,7,14,8,22,0.005235602094240838,0.020942408376963352
gf2^6_mult,379_3,9,42,382,2,4,2,4,0,6,0,2,4,6,8,4,5,9,14,6,16,0.005235602094240838,0.015706806282722512
gf2^6_mult,379_3,10,41,384,4,2,4,2,0,6,0,2,4,8,6,4,9,5,14,8,18,0.010416666666666666,0.020833333333333332
gf2^6_mult,379_3,11,1593,382,4,4,4,4,0,8,0,3,5,8,8,4,9,9,18,8,18,0.010471204188481676,0.020942408376963352
gf2^6_mult,379_3,12,4694,382,2,0,2,0,0,2,0,2,5,6,4,4,6,2,8,6,17,0.005235602094240838,0.015706806282722512
gf2^6_mult,379_3,13,4396,380,2,3,2,3,0,5,0,3,7,8,9,6,7,9,16,8,23,0.005263157894736842,0.021052631578947368
gf2^6_mult,379_3,14,42,381,2,4,2,4,0,6,0,2,4,6,8,4,5,9,14,6,13,0.005249343832020997,0.015748031496062992
gf2^6_mult,379_3,15,41,383,4,2,4,2,0,6,0,2,4,8,6,4,9,5,14,8,15,0.010443864229765013,0.020887728459530026
gf2^6_mult,379_3,16,4414,381,3,3,3,3,0,6,0,3,7,9,9,6,9,9,18,9,24,0.007874015748031496,0.023622047244094488
gf2^6_mult,379_3,17,4368,381,3,2,3,2,0,5,0,3,7,9,8,6,9,7,16,9,24,0.007874015748031496,0.023622047244094488
gf2^6_mult,379_3,18,817,380,3,2,3,2,0,5,0,3,3,9,8,6,9,7,16,9,18,0.007894736842105263,0.02368421052631579
gf2^6_mult,379_4,0,36,380,2,4,2,4,0,6,0,2,4,6,8,4,5,9,14,6,13,0.005263157894736842,0.015789473684210527
gf2^6_mult,379_4,1,37,382,4,2,4,2,0,6,0,2,4,8,6,4,9,5,14,8,15,0.010471204188481676,0.020942408376963352
gf2^6_mult,379_4,2,4346,380,2,2,2,2,0,4,0,3,5,8,8,6,7,7,14,8,18,0.005263157894736842,0.021052631578947368
gf2^6_mult,379_4,3,4370,380,2,2,2,2,0,4,0,3,7,8,8,6,7,7,14,8,22,0.005263157894736842,0.021052631578947368
gf2^6_mult,379_4,4,39,380,2,2,2,2,0,4,0,2,4,6,6,4,5,5,10,6,14,0.005263157894736842,0.015789473684210527
gf2^6_mult,379_4,5,1497,380,4,4,4,4,0,8,0,3,5,9,9,5,9,9,18,9,23,0.010526315789473684,0.02368421052631579
gf2^6_mult,379_4,6,4373,380,2,2,2,2,0,4,0,3,5,8,8,6,7,7,14,8,18,0.005263157894736842,0.021052631578947368
gf2^6_mult,379_4,7,4373,380,2,2,2,2,0,4,0,3,6,8,8,6,7,7,14,8,22,0.005263157894736842,0.021052631578947368
gf2^6_mult,379_4,8,4370,380,2,2,2,2,0,4,0,3,4,8,8,6,7,7,14,8,19,0.005263157894736842,0.021052631578947368
gf2^6_mult,379_4,9,818,380,2,3,2,3,0,5,0,3,4,8,9,6,7,9,16,8,19,0.005263157894736842,0.021052631578947368
gf2^6_mult,379_4,10,39,381,2,2,2,2,0,4,0,2,4,6,6,4,5,5,10,6,16,0.005249343832020997,0.015748031496062992
gf2^6_mult,379_4,11,4409,381,2,2,2,2,0,4,0,3,5,8,8,6,7,7,14,8,23,0.005249343832020997,0.02099737532808399
gf2^6_mult,379_4,12,3422,381,2,3,2,3,0,5,0,3,5,8,9,6,7,9,16,8,18,0.005249343832020997,0.02099737532808399
gf2^6_mult,379_4,13,813,382,3,2,3,2,0,5,0,3,5,9,8,6,9,7,16,9,19,0.007853403141361256,0.02356020942408377
gf2^6_mult,379_4,14,4358,381,2,2,2,2,0,4,0,3,6,8,8,6,7,7,14,8,19,0.005249343832020997,0.02099737532808399
gf2^6_mult,379_4,15,4349,381,2,2,2,2,0,4,0,3,5,8,8,6,7,7,14,8,17,0.005249343832020997,0.02099737532808399
gf2^6_mult,379_4,16,40,381,2,4,2,4,0,6,0,2,4,6,8,4,5,9,14,6,16,0.005249343832020997,0.015748031496062992
gf2^6_mult,379_4,17,43,383,4,2,4,2,0,6,0,2,4,8,6,4,9,5,14,8,18,0.010443864229765013,0.020887728459530026
gf2^6_mult,379_4,18,44,381,2,2,2,2,0,4,0,2,4,6,6,4,5,5,10,6,14,0.005249343832020997,0.015748031496062992
gf2^6_mult,379_4,19,4349,381,2,2,2,2,0,4,0,3,4,7,7,5,7,7,14,7,14,0.005249343832020997,0.01837270341207349
gf2^6_mult,379_4,20,4349,381,2,2,2,2,0,4,0,3,5,8,8,6,7,7,14,8,19,0.005249343832020997,0.02099737532808399
gf2^6_mult,379_4,21,4398,381,2,3,2,3,0,5,0,3,4,6,7,4,6,8,14,6,11,0.005249343832020997,0.015748031496062992
gf2^6_mult,379_4,22,4415,382,3,2,3,2,0,5,0,3,4,7,6,4,8,6,14,7,12,0.007853403141361256,0.01832460732984293
gf2^6_mult,379_4,23,4398,381,2,3,2,3,0,5,0,3,4,6,7,4,6,8,14,6,11,0.005249343832020997,0.015748031496062992
gf2^6_mult,379_4,24,4368,382,3,2,3,2,0,5,0,3,4,7,6,4,8,6,14,7,12,0.007853403141361256,0.01832460732984293
gf2^6_mult,379_4,25,4358,381,2,2,2,2,0,4,0,3,4,6,6,4,6,6,12,6,11,0.005249343832020997,0.015748031496062992
gf2^6_mult,379_4,26,4358,381,2,2,2,2,0,4,0,3,4,6,6,4,6,6,12,6,11,0.005249343832020997,0.015748031496062992
gf2^6_mult,379_4,27,4358,381,2,2,2,2,0,4,0,3,4,6,6,4,6,6,12,6,11,0.005249343832020997,0.015748031496062992
gf2^6_mult,379_4,28,4398,381,2,3,2,3,0,5,0,3,4,6,7,4,6,8,14,6,11,0.005249343832020997,0.015748031496062992
gf2^6_mult,379_4,29,4368,382,3,2,3,2,0,5,0,3,4,7,6,4,8,6,14,7,12,0.007853403141361256,0.01832460732984293
gf2^6_mult,379_4,30,4694,381,2,0,2,0,0,2,0,2,4,6,4,4,6,2,8,6,14,0.005249343832020997,0.015748031496062992
gf2^6_mult,379_5,0,38,380,2,2,2,2,0,4,0,2,3,6,6,4,5,5,10,6,13,0.005263157894736842,0.015789473684210527
gf2^6_mult,379_5,1,4394,380,2,2,2,2,0,4,0,3,6,8,8,6,7,7,14,8,20,0.005263157894736842,0.021052631578947368
gf2^6_mult,379_5,2,1482,380,3,4,3,4,0,7,0,3,5,9,10,6,8,10,18,9,21,0.007894736842105263,0.02368421052631579
gf2^6_mult,379_5,3,941,381,4,3,4,3,0,7,0,3,5,10,9,6,10,8,18,10,22,0.010498687664041995,0.026246719160104987
gf2^6_mult,379_5,4,1496,380,4,4,4,4,0,8,0,3,6,10,10,6,10,10,20,10,23,0.010526315789473684,0.02631578947368421
gf2^6_mult,379_5,5,42,380,2,4,2,4,0,6,0,2,5,6,8,4,5,9,14,6,18,0.005263157894736842,0.015789473684210527
gf2^6_mult,379_5,6,41,382,4,2,4,2,0,6,0,2,5,8,6,4,9,5,14,8,20,0.010471204188481676,0.020942408376963352
gf2^6_mult,379_5,7,816,380,2,3,2,3,0,5,0,3,4,8,9,6,7,9,16,8,20,0.005263157894736842,0.021052631578947368
gf2^6_mult,379_5,8,817,381,3,2,3,2,0,5,0,3,4,9,8,6,9,7,16,9,21,0.007874015748031496,0.023622047244094488
gf2^6_mult,379_5,9,42,380,2,4,2,4,0,6,0,2,4,6,8,4,5,9,14,6,16,0.005263157894736842,0.015789473684210527
gf2^6_mult,379_5,10,41,382,4,2,4,2,0,6,0,2,4,8,6,4,9,5,14,8,18,0.010471204188481676,0.020942408376963352
gf2^6_mult,379_5,11,3422,380,2,3,2,3,0,5,0,3,4,8,9,6,7,9,16,8,16,0.005263157894736842,0.021052631578947368
gf2^6_mult,379_5,12,1482,381,3,4,3,4,0,7,0,3,4,8,9,5,7,9,16,8,16,0.007874015748031496,0.02099737532808399
gf2^6_mult,379_5,13,941,382,4,3,4,3,0,7,0,3,4,9,8,5,9,7,16,9,17,0.010471204188481676,0.02356020942408377
gf2^6_mult,379_5,14,3424,381,3,2,3,2,0,5,0,3,4,9,8,6,9,7,16,9,17,0.007874015748031496,0.023622047244094488
gf2^6_mult,379_5,15,820,380,2,3,2,3,0,5,0,3,4,8,9,6,7,9,16,8,22,0.005263157894736842,0.021052631578947368
gf2^6_mult,379_5,16,4373,381,2,2,2,2,0,4,0,3,3,7,7,5,7,7,14,7,17,0.005249343832020997,0.01837270341207349
gf2^6_mult,379_5,17,4361,381,2,2,2,2,0,4,0,3,4,8,8,6,7,7,14,8,19,0.005249343832020997,0.02099737532808399
gf2^6_mult,379_5,18,4394,381,2,2,2,2,0,4,0,3,5,7,7,5,6,6,12,7,18,0.005249343832020997,0.01837270341207349
gf2^6_mult,379_5,19,45,381,2,2,2,2,0,4,0,2,4,6,6,4,5,5,10,6,16,0.005249343832020997,0.015748031496062992
gf2^6_mult,379_5,20,44,381,2,2,2,2,0,4,0,2,4,6,6,4,5,5,10,6,15,0.005249343832020997,0.015748031496062992
gf2^6_mult,379_5,21,1497,381,4,4,4,4,0,8,0,3,4,8,8,4,9,9,18,8,17,0.010498687664041995,0.02099737532808399
gf2^6_mult,379_5,22,4664,381,2,0,2,0,0,2,0,2,6,6,4,4,6,2,8,6,17,0.005249343832020997,0.015748031496062992
gf2^6_mult,380_3,0,4397,381,2,2,2,2,0,4,0,3,4,8,8,6,7,7,14,8,18,0.005249343832020997,0.02099737532808399
gf2^6_mult,380_3,1,40,381,2,4,2,4,0,6,0,2,4,6,8,4,5,9,14,6,16,0.005249343832020997,0.015748031496062992
gf2^6_mult,380_3,2,41,383,4,2,4,2,0,6,0,2,4,8,6,4,9,5,14,8,18,0.010443864229765013,0.020887728459530026
gf2^6_mult,380_3,3,944,381,3,4,3,4,0,7,0,3,5,9,10,6,8,10,18,9,19,0.007874015748031496,0.023622047244094488
gf2^6_mult,380_3,4,953,382,4,3,4,3,0,7,0,3,5,10,9,6,10,8,18,10,20,0.010471204188481676,0.02617801047120419
gf2^6_mult,380_3,5,944,381,3,4,3,4,0,7,0,3,5,8,9,5,8,10,18,8,19,0.007874015748031496,0.02099737532808399
gf2^6_mult,380_3,6,941,382,4,3,4,3,0,7,0,3,5,9,8,5,10,8,18,9,20,0.010471204188481676,0.02356020942408377
gf2^6_mult,380_3,7,3566,381,3,4,3,4,0,7,0,3,4,9,10,6,8,10,18,9,17,0.007874015748031496,0.023622047244094488
gf2^6_mult,380_3,8,941,382,4,3,4,3,0,7,0,3,4,10,9,6,10,8,18,10,18,0.010471204188481676,0.02617801047120419
gf2^6_mult,380_3,9,4406,381,2,2,2,2,0,4,0,3,5,8,8,6,7,7,14,8,19,0.005249343832020997,0.02099737532808399
gf2^6_mult,380_3,10,340,381,4,4,4,4,0,8,0,2,4,7,7,3,7,7,14,7,15,0.010498687664041995,0.01837270341207349
gf2^6_mult,380_3,11,4406,381,2,2,2,2,0,4,0,3,5,8,8,6,7,7,14,8,19,0.005249343832020997,0.02099737532808399
gf2^6_mult,380_3,12,121,381,3,3,3,3,0,6,0,2,5,6,6,3,6,6,12,6,15,0.007874015748031496,0.015748031496062992
gf2^6_mult,380_3,13,42,381,2,4,2,4,0,6,0,2,4,6,8,4,5,9,14,6,16,0.005249343832020997,0.015748031496062992
gf2^6_mult,380_3,14,41,383,4,2,4,2,0,6,0,2,4,8,6,4,9,5,14,8,18,0.010443864229765013,0.020887728459530026
gf2^6_mult,380_3,15,45,381,2,2,2,2,0,4,0,2,5,6,6,4,5,5,10,6,18,0.005249343832020997,0.015748031496062992
gf2^6_mult,380_3,16,121,381,3,3,3,3,0,6,0,2,4,6,6,3,6,6,12,6,14,0.007874015748031496,0.015748031496062992
gf2^6_mult,380_3,17,4358,381,2,2,2,2,0,4,0,3,4,7,7,5,6,6,12,7,16,0.005249343832020997,0.01837270341207349
gf2^6_mult,380_3,18,4358,381,2,2,2,2,0,4,0,3,7,8,8,6,7,7,14,8,21,0.005249343832020997,0.02099737532808399
gf2^6_mult,380_3,19,3417,381,2,3,2,3,0,5,0,3,3,8,9,6,7,9,16,8,17,0.005249343832020997,0.02099737532808399
gf2^6_mult,380_3,20,40,382,2,4,2,4,0,6,0,2,4,6,8,4,5,9,14,6,16,0.005235602094240838,0.015706806282722512
gf2^6_mult,380_3,21,41,384,4,2,4,2,0,6,0,2,4,8,6,4,9,5,14,8,18,0.010416666666666666,0.020833333333333332
gf2^6_mult,380_3,22,42,382,2,4,2,4,0,6,0,2,4,6,8,4,5,9,14,6,16,0.005235602094240838,0.015706806282722512
gf2^6_mult,380_3,23,41,384,4,2,4,2,0,6,0,2,4,8,6,4,9,5,14,8,18,0.010416666666666666,0.020833333333333332
gf2^6_mult,380_3,24,1497,382,4,4,4,4,0,8,0,3,6,9,9,5,9,9,18,9,23,0.010471204188481676,0.02356020942408377
gf2^6_mult,380_3,25,1468,382,4,5,4,5,0,9,0,3,5,10,11,6,10,12,22,10,20,0.010471204188481676,0.02617801047120419
gf2^6_mult,380_3,26,1469,383,5,4,5,4,0,9,0,3,5,11,10,6,12,10,22,11,21,0.013054830287206266,0.028720626631853787
gf2^6_mult,380_3,27,3423,382,2,3,2,3,0,5,0,3,6,8,9,6,7,9,16,8,21,0.005235602094240838,0.020942408376963352
gf2^6_mult,380_3,28,4394,383,2,2,2,2,0,4,0,3,3,7,7,5,7,7,14,7,15,0.005221932114882507,0.018276762402088774
gf2^6_mult,380_3,29,4681,383,2,2,2,2,0,4,0,2,5,6,6,4,6,6,12,6,17,0.005221932114882507,0.015665796344647518
gf2^6_mult,380_3,30,4688,383,2,0,2,0,0,2,0,2,5,6,4,4,6,2,8,6,17,0.005221932114882507,0.015665796344647518
gf2^6_mult,380_3,31,817,381,3,2,3,2,0,5,0,3,3,9,8,6,9,7,16,9,18,0.007874015748031496,0.023622047244094488
gf2^6_mult,381_1,0,121,383,3,3,3,3,0,6,0,2,4,7,7,4,7,7,14,7,18,0.007832898172323759,0.018276762402088774
gf2^6_mult,381_1,1,1592,383,4,4,4,4,0,8,0,3,5,10,10,6,10,10,20,10,21,0.010443864229765013,0.02610966057441253
gf2^6_mult,381_1,2,1497,383,4,4,4,4,0,8,0,3,5,9,9,5,9,9,18,9,19,0.010443864229765013,0.02349869451697128
gf2^6_mult,381_1,3,120,383,3,3,3,3,0,6,0,2,4,7,7,4,7,7,14,7,18,0.007832898172323759,0.018276762402088774
gf2^6_mult,381_1,4,1564,383,4,4,4,4,0,8,0,3,6,10,10,6,10,10,20,10,25,0.010443864229765013,0.02610966057441253
gf2^6_mult,381_1,5,38,383,2,2,2,2,0,4,0,2,3,6,6,4,5,5,10,6,14,0.005221932114882507,0.015665796344647518
gf2^6_mult,381_1,6,1496,383,4,4,4,4,0,8,0,3,6,10,10,6,10,10,20,10,24,0.010443864229765013,0.02610966057441253
gf2^6_mult,381_1,7,4397,383,2,2,2,2,0,4,0,3,5,8,8,6,7,7,14,8,19,0.005221932114882507,0.020887728459530026
gf2^6_mult,381_1,8,4397,383,2,2,2,2,0,4,0,3,6,8,8,6,7,7,14,8,20,0.005221932114882507,0.020887728459530026
gf2^6_mult,381_1,9,4361,383,2,2,2,2,0,4,0,3,7,8,8,6,7,7,14,8,21,0.005221932114882507,0.020887728459530026
gf2^6_mult,381_1,10,4409,383,2,2,2,2,0,4,0,3,6,8,8,6,7,7,14,8,22,0.005221932114882507,0.020887728459530026
gf2^6_mult,381_1,11,4358,383,2,2,2,2,0,4,0,3,6,8,8,6,7,7,14,8,22,0.005221932114882507,0.020887728459530026
gf2^6_mult,381_1,12,42,383,2,4,2,4,0,6,0,2,5,6,8,4,5,9,14,6,17,0.005221932114882507,0.015665796344647518
gf2^6_mult,381_1,13,41,385,4,2,4,2,0,6,0,2,5,8,6,4,9,5,14,8,19,0.01038961038961039,0.02077922077922078
gf2^6_mult,381_1,14,1482,383,3,4,3,4,0,7,0,3,5,9,10,6,8,10,18,9,22,0.007832898172323759,0.02349869451697128
gf2^6_mult,381_1,15,941,384,4,3,4,3,0,7,0,3,5,10,9,6,10,8,18,10,23,0.010416666666666666,0.026041666666666668
gf2^6_mult,381_1,16,4383,383,2,3,2,3,0,5,0,3,5,8,9,6,7,9,16,8,22,0.005221932114882507,0.020887728459530026
gf2^6_mult,381_1,17,4390,384,3,3,3,3,0,6,0,3,5,9,9,6,9,9,18,9,23,0.0078125,0.0234375
gf2^6_mult,381_1,18,4376,384,3,2,3,2,0,5,0,3,5,9,8,6,9,7,16,9,23,0.0078125,0.0234375
gf2^6_mult,381_1,19,4358,383,2,2,2,2,0,4,0,3,7,8,8,6,7,7,14,8,23,0.005221932114882507,0.020887728459530026
gf2^6_mult,381_1,20,4397,383,2,2,2,2,0,4,0,3,3,8,8,6,7,7,14,8,18,0.005221932114882507,0.020887728459530026
gf2^6_mult,381_1,21,817,383,3,2,3,2,0,5,0,3,4,9,8,6,9,7,16,9,20,0.007832898172323759,0.02349869451697128
gf2^6_mult,381_1,22,4358,382,2,2,2,2,0,4,0,3,4,8,8,6,7,7,14,8,20,0.005235602094240838,0.020942408376963352
gf2^6_mult,381_1,23,3434,382,2,3,2,3,0,5,0,3,3,8,9,6,7,9,16,8,17,0.005235602094240838,0.020942408376963352
gf2^6_mult,381_1,24,815,383,3,2,3,2,0,5,0,3,3,9,8,6,9,7,16,9,18,0.007832898172323759,0.02349869451697128
gf2^6_mult,381_1,25,4394,382,2,2,2,2,0,4,0,3,6,8,8,6,7,7,14,8,22,0.005235602094240838,0.020942408376963352
gf2^6_mult,381_1,26,38,382,2,2,2,2,0,4,0,2,3,6,6,4,5,5,10,6,13,0.005235602094240838,0.015706806282722512
gf2^6_mult,381_1,27,4409,382,2,2,2,2,0,4,0,3,4,8,8,6,7,7,14,8,18,0.005235602094240838,0.020942408376963352
gf2^6_mult,381_1,28,4394,382,2,2,2,2,0,4,0,3,6,8,8,6,7,7,14,8,22,0.005235602094240838,0.020942408376963352
gf2^6_mult,381_1,29,4373,382,2,2,2,2,0,4,0,3,6,8,8,6,7,7,14,8,22,0.005235602094240838,0.020942408376963352
gf2^6_mult,381_1,30,121,382,3,3,3,3,0,6,0,2,4,7,7,4,7,7,14,7,19,0.007853403141361256,0.01832460732984293
gf2^6_mult,381_1,31,814,382,2,3,2,3,0,5,0,3,4,8,9,6,7,9,16,8,19,0.005235602094240838,0.020942408376963352
gf2^6_mult,381_1,32,3418,383,3,2,3,2,0,5,0,3,4,9,8,6,9,7,16,9,20,0.007832898172323759,0.02349869451697128
gf2^6_mult,381_1,33,4349,382,2,2,2,2,0,4,0,3,6,8,8,6,7,7,14,8,24,0.005235602094240838,0.020942408376963352
gf2^6_mult,381_1,34,4406,382,2,2,2,2,0,4,0,3,6,8,8,6,7,7,14,8,21,0.005235602094240838,0.020942408376963352
gf2^6_mult,381_1,35,4431,382,3,4,3,4,0,7,0,3,3,8,9,5,8,10,18,8,16,0.007853403141361256,0.020942408376963352
gf2^6_mult,381_1,36,4682,383,2,0,2,0,0,2,0,2,4,6,4,4,6,2,8,6,15,0.005221932114882507,0.015665796344647518
gf2^6_mult,382_1,0,4394,384,2,2,2,2,0,4,0,3,3,8,8,6,7,7,14,8,16,0.005208333333333333,0.020833333333333332
gf2^6_mult,382_1,1,4370,384,2,2,2,2,0,4,0,3,4,8,8,6,7,7,14,8,18,0.005208333333333333,0.020833333333333332
gf2^6_mult,382_1,2,816,384,2,3,2,3,0,5,0,3,6,8,9,6,7,9,16,8,19,0.005208333333333333,0.020833333333333332
gf2^6_mult,382_1,3,3438,385,3,2,3,2,0,5,0,3,6,9,8,6,9,7,16,9,20,0.007792207792207792,0.023376623376623377
gf2^6_mult,382_1,4,940,384,3,4,3,4,0,7,0,3,5,9,10,6,8,10,18,9,19,0.0078125,0.0234375
gf2^6_mult,382_1,5,3568,385,4,3,4,3,0,7,0,3,5,10,9,6,10,8,18,10,20,0.01038961038961039,0.025974025974025976
gf2^6_mult,382_1,6,4407,384,2,3,2,3,0,5,0,3,4,8,9,6,7,9,16,8,20,0.005208333333333333,0.020833333333333332
gf2^6_mult,382_1,7,4368,385,3,2,3,2,0,5,0,3,4,9,8,6,9,7,16,9,21,0.007792207792207792,0.023376623376623377
gf2^6_mult,382_1,8,1565,384,4,4,4,4,0,8,0,3,6,10,10,6,10,10,20,10,23,0.010416666666666666,0.026041666666666668
gf2^6_mult,382_1,9,4394,384,2,2,2,2,0,4,0,3,5,8,8,6,7,7,14,8,19,0.005208333333333333,0.020833333333333332
gf2^6_mult,382_1,10,816,384,2,3,2,3,0,5,0,3,3,8,9,6,7,9,16,8,18,0.005208333333333333,0.020833333333333332
gf2^6_mult,382_1,11,4406,385,2,2,2,2,0,4,0,3,3,7,7,5,7,7,14,7,19,0.005194805194805195,0.01818181818181818
gf2^6_mult,382_1,12,823,385,3,2,3,2,0,5,0,3,3,9,8,6,9,7,16,9,19,0.007792207792207792,0.023376623376623377
gf2^6_mult,382_1,13,3422,384,2,3,2,3,0,5,0,3,4,8,9,6,7,9,16,8,17,0.005208333333333333,0.020833333333333332
gf2^6_mult,382_1,14,813,385,3,2,3,2,0,5,0,3,4,9,8,6,9,7,16,9,18,0.007792207792207792,0.023376623376623377
gf2^6_mult,382_1,15,38,384,2,2,2,2,0,4,0,2,5,6,6,4,5,5,10,6,18,0.005208333333333333,0.015625
gf2^6_mult,382_1,16,3566,384,3,4,3,4,0,7,0,3,5,8,9,5,8,10,18,8,19,0.0078125,0.020833333333333332
gf2^6_mult,382_1,17,941,385,4,3,4,3,0,7,0,3,5,9,8,5,10,8,18,9,20,0.01038961038961039,0.023376623376623377
gf2^6_mult,382_1,18,4397,384,2,2,2,2,0,4,0,3,5,8,8,6,7,7,14,8,19,0.005208333333333333,0.020833333333333332
gf2^6_mult,382_1,19,40,384,2,4,2,4,0,6,0,2,4,6,8,4,5,9,14,6,14,0.005208333333333333,0.015625
gf2^6_mult,382_1,20,41,386,4,2,4,2,0,6,0,2,4,8,6,4,9,5,14,8,16,0.010362694300518135,0.02072538860103627
gf2^6_mult,382_1,21,1482,384,3,4,3,4,0,7,0,3,6,9,10,6,8,10,18,9,20,0.0078125,0.0234375
gf2^6_mult,382_1,22,1483,385,4,3,4,3,0,7,0,3,6,10,9,6,10,8,18,10,21,0.01038961038961039,0.025974025974025976
gf2^6_mult,382_1,23,4394,384,2,2,2,2,0,4,0,3,5,8,8,6,7,7,14,8,19,0.005208333333333333,0.020833333333333332
gf2^6_mult,382_1,24,4406,384,2,2,2,2,0,4,0,3,5,8,8,6,7,7,14,8,19,0.005208333333333333,0.020833333333333332
gf2^6_mult,382_1,25,4430,384,3,4,3,4,0,7,0,3,4,9,10,6,8,10,18,9,20,0.0078125,0.0234375
gf2^6_mult,382_1,26,39,385,2,2,2,2,0,4,0,2,4,6,6,4,5,5,10,6,13,0.005194805194805195,0.015584415584415584
gf2^6_mult,382_1,27,3435,385,2,3,2,3,0,5,0,3,4,8,9,6,7,9,16,8,20,0.005194805194805195,0.02077922077922078
gf2^6_mult,382_1,28,817,386,3,2,3,2,0,5,0,3,4,9,8,6,9,7,16,9,21,0.007772020725388601,0.023316062176165803
gf2^6_mult,382_1,29,815,385,3,2,3,2,0,5,0,3,3,9,8,6,9,7,16,9,19,0.007792207792207792,0.023376623376623377
gf2^6_mult,382_1,30,1542,384,4,5,4,5,0,9,0,3,4,10,11,6,10,12,22,10,20,0.010416666666666666,0.026041666666666668
gf2^6_mult,382_1,31,121,385,3,3,3,3,0,6,0,2,3,7,7,4,7,7,14,7,13,0.007792207792207792,0.01818181818181818
gf2^6_mult,382_1,32,4435,385,4,5,4,5,0,9,0,3,6,10,11,6,10,12,22,10,22,0.01038961038961039,0.025974025974025976
gf2^6_mult,382_1,33,3558,386,5,3,5,3,0,8,0,3,6,11,9,6,12,8,20,11,23,0.012953367875647668,0.02849740932642487
gf2^6_mult,382_1,34,4409,384,2,2,2,2,0,4,0,3,4,8,8,6,7,7,14,8,15,0.005208333333333333,0.020833333333333332
gf2^6_mult,382_1,35,4358,384,2,2,2,2,0,4,0,3,5,8,8,6,7,7,14,8,17,0.005208333333333333,0.020833333333333332
gf2^6_mult,382_1,36,40,384,2,4,2,4,0,6,0,2,4,6,8,4,5,9,14,6,14,0.005208333333333333,0.015625
gf2^6_mult,382_1,37,110,386,3,3,3,3,0,6,0,2,3,6,6,3,7,7,14,6,13,0.007772020725388601,0.015544041450777202
gf2^6_mult,382_1,38,127,386,3,3,3,3,0,6,0,2,3,6,6,3,7,7,14,6,13,0.007772020725388601,0.015544041450777202
gf2^6_mult,382_1,39,41,386,4,2,4,2,0,6,0,2,4,8,6,4,9,5,14,8,16,0.010362694300518135,0.02072538860103627
gf2^6_mult,382_1,40,1565,384,4,4,4,4,0,8,0,3,5,10,10,6,10,10,20,10,23,0.010416666666666666,0.026041666666666668
gf2^6_mult,382_1,41,4346,384,2,2,2,2,0,4,0,3,7,8,8,6,7,7,14,8,23,0.005208333333333333,0.020833333333333332
gf2^6_mult,382_1,42,1535,384,4,4,4,4,0,8,0,3,6,10,10,6,10,10,20,10,23,0.010416666666666666,0.026041666666666668
gf2^6_mult,382_1,43,4358,384,2,2,2,2,0,4,0,3,3,7,7,5,6,6,12,7,14,0.005208333333333333,0.018229166666666668
gf2^6_mult,382_1,44,944,384,3,4,3,4,0,7,0,3,4,9,10,6,8,10,18,9,20,0.0078125,0.0234375
gf2^6_mult,382_1,45,4358,385,2,2,2,2,0,4,0,3,5,8,8,6,7,7,14,8,19,0.005194805194805195,0.02077922077922078
gf2^6_mult,382_1,46,3568,385,4,3,4,3,0,7,0,3,5,10,9,6,10,8,18,10,23,0.01038961038961039,0.025974025974025976
gf2^6_mult,382_1,47,36,384,2,4,2,4,0,6,0,2,4,6,8,4,5,9,14,6,15,0.005208333333333333,0.015625
gf2^6_mult,382_1,48,120,386,3,3,3,3,0,6,0,2,2,6,6,3,7,7,14,6,12,0.007772020725388601,0.015544041450777202
gf2^6_mult,382_1,49,120,386,3,3,3,3,0,6,0,2,2,6,6,3,7,7,14,6,12,0.007772020725388601,0.015544041450777202
gf2^6_mult,382_1,50,37,386,4,2,4,2,0,6,0,2,4,8,6,4,9,5,14,8,17,0.010362694300518135,0.02072538860103627
gf2^6_mult,382_1,51,4361,384,2,2,2,2,0,4,0,3,4,7,7,5,6,6,12,7,14,0.005208333333333333,0.018229166666666668
gf2^6_mult,382_1,52,3432,384,3,2,3,2,0,5,0,3,4,9,8,6,9,7,16,9,20,0.0078125,0.0234375
gf2^6_mult,382_1,53,4361,383,2,2,2,2,0,4,0,3,5,8,8,6,7,7,14,8,19,0.005221932114882507,0.020887728459530026
gf2^6_mult,382_1,54,3429,383,2,3,2,3,0,5,0,3,5,8,9,6,7,9,16,8,21,0.005221932114882507,0.020887728459530026
gf2^6_mult,382_1,55,4409,384,2,2,2,2,0,4,0,3,4,7,7,5,7,7,14,7,18,0.005208333333333333,0.018229166666666668
gf2^6_mult,382_1,56,4373,384,2,2,2,2,0,4,0,3,4,7,7,5,7,7,14,7,17,0.005208333333333333,0.018229166666666668
gf2^6_mult,382_1,57,3430,384,3,2,3,2,0,5,0,3,5,9,8,6,9,7,16,9,22,0.0078125,0.0234375
gf2^6_mult,382_1,58,121,383,3,3,3,3,0,6,0,2,4,7,7,4,7,7,14,7,19,0.007832898172323759,0.018276762402088774
gf2^6_mult,382_1,59,120,383,3,3,3,3,0,6,0,2,4,7,7,4,7,7,14,7,18,0.007832898172323759,0.018276762402088774
gf2^6_mult,382_1,60,942,383,3,4,3,4,0,7,0,3,5,8,9,5,8,10,18,8,18,0.007832898172323759,0.020887728459530026
gf2^6_mult,382_1,61,943,384,4,3,4,3,0,7,0,3,5,9,8,5,10,8,18,9,19,0.010416666666666666,0.0234375
gf2^6_mult,382_1,62,1593,383,4,4,4,4,0,8,0,3,6,10,10,6,10,10,20,10,23,0.010443864229765013,0.02610966057441253
gf2^6_mult,382_1,63,944,383,3,4,3,4,0,7,0,3,5,9,10,6,8,10,18,9,21,0.007832898172323759,0.02349869451697128
gf2^6_mult,382_1,64,945,384,4,3,4,3,0,7,0,3,5,10,9,6,10,8,18,10,22,0.010416666666666666,0.026041666666666668
gf2^6_mult,382_1,65,3416,383,2,3,2,3,0,5,0,3,4,8,9,6,7,9,16,8,16,0.005221932114882507,0.020887728459530026
gf2^6_mult,382_1,66,815,384,3,2,3,2,0,5,0,3,4,9,8,6,9,7,16,9,17,0.0078125,0.0234375
gf2^6_mult,382_1,67,4385,383,2,2,2,2,0,4,0,3,6,8,8,6,7,7,14,8,22,0.005221932114882507,0.020887728459530026
gf2^6_mult,382_1,68,942,383,3,4,3,4,0,7,0,3,3,8,9,5,8,10,18,8,16,0.007832898172323759,0.020887728459530026
gf2^6_mult,382_1,69,4406,384,2,2,2,2,0,4,0,3,3,7,7,5,7,7,14,7,14,0.005208333333333333,0.018229166666666668
gf2^6_mult,382_1,70,4361,384,2,2,2,2,0,4,0,3,4,7,7,5,7,7,14,7,17,0.005208333333333333,0.018229166666666668
gf2^6_mult,382_1,71,4394,384,2,2,2,2,0,4,0,3,4,7,7,5,7,7,14,7,17,0.005208333333333333,0.018229166666666668
gf2^6_mult,382_1,72,4688,384,2,0,2,0,0,2,0,2,5,6,4,4,6,2,8,6,16,0.005208333333333333,0.015625
gf2^6_mult,382_2,0,3435,384,2,3,2,3,0,5,0,3,4,8,9,6,7,9,16,8,20,0.005208333333333333,0.020833333333333332
gf2^6_mult,382_2,1,3420,385,3,2,3,2,0,5,0,3,4,9,8,6,9,7,16,9,21,0.007792207792207792,0.023376623376623377
gf2^6_mult,382_2,2,4358,384,2,2,2,2,0,4,0,3,5,8,8,6,7,7,14,8,19,0.005208333333333333,0.020833333333333332
gf2^6_mult,382_2,3,1542,384,4,5,4,5,0,9,0,3,4,10,11,6,10,12,22,10,20,0.010416666666666666,0.026041666666666668
gf2^6_mult,382_2,4,121,385,3,3,3,3,0,6,0,2,3,7,7,4,7,7,14,7,13,0.007792207792207792,0.01818181818181818
gf2^6_mult,382_2,5,3562,385,4,3,4,3,0,7,0,3,6,10,9,6,10,8,18,10,22,0.01038961038961039,0.025974025974025976
gf2^6_mult,382_2,6,4358,384,2,2,2,2,0,4,0,3,6,8,8,6,7,7,14,8,19,0.005208333333333333,0.020833333333333332
gf2^6_mult,382_2,7,4397,384,2,2,2,2,0,4,0,3,5,8,8,6,7,7,14,8,20,0.005208333333333333,0.020833333333333332
gf2^6_mult,382_2,8,4361,384,2,2,2,2,0,4,0,3,3,8,8,6,7,7,14,8,16,0.005208333333333333,0.020833333333333332
gf2^6_mult,382_2,9,4409,384,2,2,2,2,0,4,0,3,4,8,8,6,7,7,14,8,18,0.005208333333333333,0.020833333333333332
gf2^6_mult,382_2,10,4361,384,2,2,2,2,0,4,0,3,6,8,8,6,7,7,14,8,20,0.005208333333333333,0.020833333333333332
gf2^6_mult,382_2,11,4394,384,2,2,2,2,0,4,0,3,6,8,8,6,7,7,14,8,20,0.005208333333333333,0.020833333333333332
gf2^6_mult,382_2,12,4397,384,2,2,2,2,0,4,0,3,6,8,8,6,7,7,14,8,20,0.005208333333333333,0.020833333333333332
gf2^6_mult,382_2,13,1482,384,3,4,3,4,0,7,0,3,7,9,10,6,8,10,18,9,23,0.0078125,0.0234375
gf2^6_mult,382_2,14,953,385,4,3,4,3,0,7,0,3,7,10,9,6,10,8,18,10,24,0.01038961038961039,0.025974025974025976
gf2^6_mult,382_2,15,4409,384,2,2,2,2,0,4,0,3,4,8,8,6,7,7,14,8,15,0.005208333333333333,0.020833333333333332
gf2^6_mult,382_2,16,952,384,3,4,3,4,0,7,0,3,5,9,10,6,8,10,18,9,22,0.0078125,0.0234375
gf2^6_mult,382_2,17,942,385,3,4,3,4,0,7,0,3,5,8,9,5,8,10,18,8,19,0.007792207792207792,0.02077922077922078
gf2^6_mult,382_2,18,4682,386,2,0,2,0,0,2,0,2,4,6,4,4,6,2,8,6,13,0.0051813471502590676,0.015544041450777202
gf2^6_mult,382_2,19,120,384,3,3,3,3,0,6,0,2,4,7,7,4,7,7,14,7,17,0.0078125,0.018229166666666668
gf2^6_mult,382_2,20,4409,384,2,2,2,2,0,4,0,3,6,8,8,6,7,7,14,8,20,0.005208333333333333,0.020833333333333332
gf2^6_mult,382_2,21,4361,384,2,2,2,2,0,4,0,3,6,8,8,6,7,7,14,8,20,0.005208333333333333,0.020833333333333332
gf2^6_mult,382_2,22,4361,384,2,2,2,2,0,4,0,3,6,8,8,6,7,7,14,8,20,0.005208333333333333,0.020833333333333332
gf2^6_mult,382_2,23,4361,384,2,2,2,2,0,4,0,3,6,8,8,6,7,7,14,8,20,0.005208333333333333,0.020833333333333332
gf2^6_mult,382_2,24,4406,384,2,2,2,2,0,4,0,3,6,8,8,6,7,7,14,8,19,0.005208333333333333,0.020833333333333332
gf2^6_mult,382_2,25,4358,384,2,2,2,2,0,4,0,3,5,8,8,6,7,7,14,8,19,0.005208333333333333,0.020833333333333332
gf2^6_mult,382_2,26,4394,384,2,2,2,2,0,4,0,3,5,7,7,5,6,6,12,7,16,0.005208333333333333,0.018229166666666668
gf2^6_mult,382_2,27,42,384,2,4,2,4,0,6,0,2,3,5,7,3,5,9,14,5,11,0.005208333333333333,0.013020833333333334
gf2^6_mult,382_2,28,41,386,4,2,4,2,0,6,0,2,3,7,5,3,9,5,14,7,13,0.010362694300518135,0.018134715025906734
gf2^6_mult,382_2,29,4406,384,2,2,2,2,0,4,0,3,6,8,8,6,7,7,14,8,20,0.005208333333333333,0.020833333333333332
gf2^6_mult,382_2,30,42,384,2,4,2,4,0,6,0,2,4,6,8,4,5,9,14,6,15,0.005208333333333333,0.015625
gf2^6_mult,382_2,31,43,386,4,2,4,2,0,6,0,2,4,8,6,4,9,5,14,8,17,0.010362694300518135,0.02072538860103627
gf2^6_mult,382_2,32,819,384,3,2,3,2,0,5,0,3,5,9,8,6,9,7,16,9,21,0.0078125,0.0234375
gf2^6_mult,382_2,33,42,383,2,4,2,4,0,6,0,2,5,6,8,4,5,9,14,6,17,0.005221932114882507,0.015665796344647518
gf2^6_mult,382_2,34,41,385,4,2,4,2,0,6,0,2,5,8,6,4,9,5,14,8,19,0.01038961038961039,0.02077922077922078
gf2^6_mult,382_2,35,4406,383,2,2,2,2,0,4,0,3,5,8,8,6,7,7,14,8,19,0.005221932114882507,0.020887728459530026
gf2^6_mult,382_2,36,4349,383,2,2,2,2,0,4,0,3,4,7,7,5,7,7,14,7,14,0.005221932114882507,0.018276762402088774
gf2^6_mult,382_2,37,4397,383,2,2,2,2,0,4,0,3,5,8,8,6,7,7,14,8,19,0.005221932114882507,0.020887728459530026
gf2^6_mult,382_2,38,4349,383,2,2,2,2,0,4,0,3,6,8,8,6,7,7,14,8,21,0.005221932114882507,0.020887728459530026
gf2^6_mult,382_2,39,4397,383,2,2,2,2,0,4,0,3,5,8,8,6,7,7,14,8,18,0.005221932114882507,0.020887728459530026
gf2^6_mult,382_2,40,819,383,3,2,3,2,0,5,0,3,4,9,8,6,9,7,16,9,17,0.007832898172323759,0.02349869451697128
gf2^6_mult,383_0,0,1592,384,4,4,4,4,0,8,0,3,6,10,10,6,10,10,20,10,24,0.010416666666666666,0.026041666666666668
gf2^6_mult,383_0,1,42,384,2,4,2,4,0,6,0,2,5,6,8,4,5,9,14,6,17,0.005208333333333333,0.015625
gf2^6_mult,383_0,2,41,386,4,2,4,2,0,6,0,2,5,8,6,4,9,5,14,8,19,0.010362694300518135,0.02072538860103627
gf2^6_mult,383_0,3,936,384,3,4,3,4,0,7,0,3,4,8,9,5,8,10,18,8,16,0.0078125,0.020833333333333332
gf2^6_mult,383_0,4,819,385,3,2,3,2,0,5,0,3,4,9,8,6,9,7,16,9,18,0.007792207792207792,0.023376623376623377
gf2^6_mult,383_0,5,40,384,2,4,2,4,0,6,0,2,5,6,8,4,5,9,14,6,17,0.005208333333333333,0.015625
gf2^6_mult,383_0,6,3842,386,4,4,4,4,0,8,0,3,5,9,9,5,10,10,20,9,19,0.010362694300518135,0.023316062176165803
gf2^6_mult,383_0,7,120,386,3,3,3,3,0,6,0,2,4,7,7,4,7,7,14,7,14,0.007772020725388601,0.018134715025906734
gf2^6_mult,383_0,8,121,386,3,3,3,3,0,6,0,2,4,7,7,4,7,7,14,7,14,0.007772020725388601,0.018134715025906734
gf2^6_mult,383_0,9,4368,386,3,2,3,2,0,5,0,3,4,9,8,6,9,7,16,9,18,0.007772020725388601,0.023316062176165803
gf2^6_mult,383_0,10,40,385,2,4,2,4,0,6,0,2,3,6,8,4,5,9,14,6,12,0.005194805194805195,0.015584415584415584
gf2^6_mult,383_0,11,41,387,4,2,4,2,0,6,0,2,3,8,6,4,9,5,14,8,14,0.0103359173126615,0.020671834625323
gf2^6_mult,383_0,12,4349,385,2,2,2,2,0,4,0,3,6,8,8,6,7,7,14,8,21,0.005194805194805195,0.02077922077922078
gf2^6_mult,383_0,13,810,385,2,3,2,3,0,5,0,3,6,8,9,6,7,9,16,8,21,0.005194805194805195,0.02077922077922078
gf2^6_mult,383_0,14,3430,386,3,2,3,2,0,5,0,3,6,9,8,6,9,7,16,9,22,0.007772020725388601,0.023316062176165803
gf2^6_mult,383_0,15,42,385,2,4,2,4,0,6,0,2,4,6,8,4,5,9,14,6,16,0.005194805194805195,0.015584415584415584
gf2^6_mult,383_0,16,41,387,4,2,4,2,0,6,0,2,4,8,6,4,9,5,14,8,18,0.0103359173126615,0.020671834625323
gf2^6_mult,383_0,17,1592,385,4,4,4,4,0,8,0,3,6,10,10,6,10,10,20,10,23,0.01038961038961039,0.025974025974025976
gf2^6_mult,383_0,18,1592,385,4,4,4,4,0,8,0,3,5,10,10,6,10,10,20,10,22,0.01038961038961039,0.025974025974025976
gf2^6_mult,383_0,19,4358,385,2,2,2,2,0,4,0,3,4,8,8,6,7,7,14,8,17,0.005194805194805195,0.02077922077922078
gf2^6_mult,383_0,20,4346,385,2,2,2,2,0,4,0,3,6,8,8,6,7,7,14,8,21,0.005194805194805195,0.02077922077922078
gf2^6_mult,383_0,21,4358,385,2,2,2,2,0,4,0,3,5,8,8,6,7,7,14,8,20,0.005194805194805195,0.02077922077922078
gf2^6_mult,383_0,22,3434,385,2,3,2,3,0,5,0,3,4,8,9,6,7,9,16,8,17,0.005194805194805195,0.02077922077922078
gf2^6_mult,383_0,23,815,386,3,2,3,2,0,5,0,3,4,9,8,6,9,7,16,9,18,0.007772020725388601,0.023316062176165803
gf2^6_mult,383_0,24,42,385,2,4,2,4,0,6,0,2,3,5,7,3,5,9,14,5,12,0.005194805194805195,0.012987012987012988
gf2^6_mult,383_0,25,41,387,4,2,4,2,0,6,0,2,3,7,5,3,9,5,14,7,14,0.0103359173126615,0.01808785529715762
gf2^6_mult,383_0,26,4409,385,2,2,2,2,0,4,0,3,4,8,8,6,7,7,14,8,17,0.005194805194805195,0.02077922077922078
gf2^6_mult,383_0,27,42,385,2,4,2,4,0,6,0,2,3,6,8,4,5,9,14,6,13,0.005194805194805195,0.015584415584415584
gf2^6_mult,383_0,28,110,387,3,3,3,3,0,6,0,2,3,6,6,3,7,7,14,6,12,0.007751937984496124,0.015503875968992248
gf2^6_mult,383_0,29,4699,387,2,2,2,2,0,4,0,2,2,5,5,3,6,6,12,5,11,0.00516795865633075,0.012919896640826873
gf2^6_mult,383_0,30,4664,387,2,0,2,0,0,2,0,2,2,5,3,3,6,2,8,5,11,0.00516795865633075,0.012919896640826873
gf2^6_mult,383_0,31,4394,385,2,2,2,2,0,4,0,3,4,8,8,6,7,7,14,8,17,0.005194805194805195,0.02077922077922078
gf2^6_mult,383_0,32,3416,385,2,3,2,3,0,5,0,3,4,8,9,6,7,9,16,8,17,0.005194805194805195,0.02077922077922078
gf2^6_mult,383_0,33,815,386,3,2,3,2,0,5,0,3,4,9,8,6,9,7,16,9,18,0.007772020725388601,0.023316062176165803
gf2^6_mult,383_0,34,1482,385,3,4,3,4,0,7,0,3,5,8,9,5,8,10,18,8,20,0.007792207792207792,0.02077922077922078
gf2^6_mult,383_0,35,1483,386,4,3,4,3,0,7,0,3,5,9,8,5,10,8,18,9,21,0.010362694300518135,0.023316062176165803
gf2^6_mult,383_0,36,1496,385,4,4,4,4,0,8,0,3,5,9,9,5,9,9,18,9,19,0.01038961038961039,0.023376623376623377
gf2^6_mult,383_0,37,4385,385,2,2,2,2,0,4,0,3,6,8,8,6,7,7,14,8,21,0.005194805194805195,0.02077922077922078
gf2^6_mult,383_0,38,1540,385,4,5,4,5,0,9,0,3,6,10,11,6,10,12,22,10,23,0.01038961038961039,0.025974025974025976
gf2^6_mult,383_0,39,37,386,4,2,4,2,0,6,0,2,4,8,6,4,9,5,14,8,16,0.010362694300518135,0.02072538860103627
gf2^6_mult,383_0,40,4358,384,2,2,2,2,0,4,0,3,5,8,8,6,7,7,14,8,20,0.005208333333333333,0.020833333333333332
gf2^6_mult,383_0,41,4372,384,2,3,2,3,0,5,0,3,4,7,8,5,7,9,16,7,17,0.005208333333333333,0.018229166666666668
gf2^6_mult,383_0,42,4670,385,2,0,2,0,0,2,0,2,3,6,4,4,6,2,8,6,12,0.005194805194805195,0.015584415584415584
gf2^6_mult,383_1,0,4394,384,2,2,2,2,0,4,0,3,3,8,8,6,7,7,14,8,16,0.005208333333333333,0.020833333333333332
gf2^6_mult,383_1,1,4370,384,2,2,2,2,0,4,0,3,4,8,8,6,7,7,14,8,18,0.005208333333333333,0.020833333333333332
gf2^6_mult,383_1,2,816,384,2,3,2,3,0,5,0,3,6,8,9,6,7,9,16,8,19,0.005208333333333333,0.020833333333333332
gf2^6_mult,383_1,3,3438,385,3,2,3,2,0,5,0,3,6,9,8,6,9,7,16,9,20,0.007792207792207792,0.023376623376623377
gf2^6_mult,383_1,4,940,384,3,4,3,4,0,7,0,3,5,9,10,6,8,10,18,9,19,0.0078125,0.0234375
gf2^6_mult,383_1,5,3568,385,4,3,4,3,0,7,0,3,5,10,9,6,10,8,18,10,20,0.01038961038961039,0.025974025974025976
gf2^6_mult,383_1,6,4407,384,2,3,2,3,0,5,0,3,4,8,9,6,7,9,16,8,20,0.005208333333333333,0.020833333333333332
gf2^6_mult,383_1,7,4368,385,3,2,3,2,0,5,0,3,4,9,8,6,9,7,16,9,21,0.007792207792207792,0.023376623376623377
gf2^6_mult,383_1,8,1565,384,4,4,4,4,0,8,0,3,6,10,10,6,10,10,20,10,23,0.010416666666666666,0.026041666666666668
gf2^6_mult,383_1,9,4394,384,2,2,2,2,0,4,0,3,5,8,8,6,7,7,14,8,19,0.005208333333333333,0.020833333333333332
gf2^6_mult,383_1,10,816,384,2,3,2,3,0,5,0,3,3,8,9,6,7,9,16,8,18,0.005208333333333333,0.020833333333333332
gf2^6_mult,383_1,11,4406,385,2,2,2,2,0,4,0,3,3,7,7,5,7,7,14,7,19,0.005194805194805195,0.01818181818181818
gf2^6_mult,383_1,12,823,385,3,2,3,2,0,5,0,3,3,9,8,6,9,7,16,9,19,0.007792207792207792,0.023376623376623377
gf2^6_mult,383_1,13,3422,384,2,3,2,3,0,5,0,3,4,8,9,6,7,9,16,8,17,0.005208333333333333,0.020833333333333332
gf2^6_mult,383_1,14,813,385,3,2,3,2,0,5,0,3,4,9,8,6,9,7,16,9,18,0.007792207792207792,0.023376623376623377
gf2^6_mult,383_1,15,38,384,2,2,2,2,0,4,0,2,5,6,6,4,5,5,10,6,18,0.005208333333333333,0.015625
gf2^6_mult,383_1,16,3566,384,3,4,3,4,0,7,0,3,5,8,9,5,8,10,18,8,19,0.0078125,0.020833333333333332
gf2^6_mult,383_1,17,941,385,4,3,4,3,0,7,0,3,5,9,8,5,10,8,18,9,20,0.01038961038961039,0.023376623376623377
gf2^6_mult,383_1,18,4397,384,2,2,2,2,0,4,0,3,5,8,8,6,7,7,14,8,19,0.005208333333333333,0.020833333333333332
gf2^6_mult,383_1,19,40,384,2,4,2,4,0,6,0,2,4,6,8,4,5,9,14,6,14,0.005208333333333333,0.015625
gf2^6_mult,383_1,20,41,386,4,2,4,2,0,6,0,2,4,8,6,4,9,5,14,8,16,0.010362694300518135,0.02072538860103627
gf2^6_mult,383_1,21,1482,384,3,4,3,4,0,7,0,3,6,9,10,6,8,10,18,9,20,0.0078125,0.0234375
gf2^6_mult,383_1,22,1483,385,4,3,4,3,0,7,0,3,6,10,9,6,10,8,18,10,21,0.01038961038961039,0.025974025974025976
gf2^6_mult,383_1,23,4394,384,2,2,2,2,0,4,0,3,5,8,8,6,7,7,14,8,19,0.005208333333333333,0.020833333333333332
gf2^6_mult,383_1,24,4406,384,2,2,2,2,0,4,0,3,5,8,8,6,7,7,14,8,19,0.005208333333333333,0.020833333333333332
gf2^6_mult,383_1,25,4430,384,3,4,3,4,0,7,0,3,4,9,10,6,8,10,18,9,20,0.0078125,0.0234375
gf2^6_mult,383_1,26,39,385,2,2,2,2,0,4,0,2,4,6,6,4,5,5,10,6,13,0.005194805194805195,0.015584415584415584
gf2^6_mult,383_1,27,3435,385,2,3,2,3,0,5,0,3,4,8,9,6,7,9,16,8,20,0.005194805194805195,0.02077922077922078
gf2^6_mult,383_1,28,817,386,3,2,3,2,0,5,0,3,4,9,8,6,9,7,16,9,21,0.007772020725388601,0.023316062176165803
gf2^6_mult,383_1,29,815,385,3,2,3,2,0,5,0,3,3,9,8,6,9,7,16,9,19,0.007792207792207792,0.023376623376623377
gf2^6_mult,383_1,30,1542,384,4,5,4,5,0,9,0,3,4,10,11,6,10,12,22,10,20,0.010416666666666666,0.026041666666666668
gf2^6_mult,383_1,31,121,385,3,3,3,3,0,6,0,2,3,7,7,4,7,7,14,7,13,0.007792207792207792,0.01818181818181818
gf2^6_mult,383_1,32,4435,385,4,5,4,5,0,9,0,3,6,10,11,6,10,12,22,10,22,0.01038961038961039,0.025974025974025976
gf2^6_mult,383_1,33,3558,386,5,3,5,3,0,8,0,3,6,11,9,6,12,8,20,11,23,0.012953367875647668,0.02849740932642487
gf2^6_mult,383_1,34,4409,384,2,2,2,2,0,4,0,3,4,8,8,6,7,7,14,8,15,0.005208333333333333,0.020833333333333332
gf2^6_mult,383_1,35,4358,384,2,2,2,2,0,4,0,3,5,8,8,6,7,7,14,8,17,0.005208333333333333,0.020833333333333332
gf2^6_mult,383_1,36,40,384,2,4,2,4,0,6,0,2,4,6,8,4,5,9,14,6,14,0.005208333333333333,0.015625
gf2^6_mult,383_1,37,110,386,3,3,3,3,0,6,0,2,3,6,6,3,7,7,14,6,13,0.007772020725388601,0.015544041450777202
gf2^6_mult,383_1,38,127,386,3,3,3,3,0,6,0,2,3,6,6,3,7,7,14,6,13,0.007772020725388601,0.015544041450777202
gf2^6_mult,383_1,39,41,386,4,2,4,2,0,6,0,2,4,8,6,4,9,5,14,8,16,0.010362694300518135,0.02072538860103627
gf2^6_mult,383_1,40,1565,384,4,4,4,4,0,8,0,3,5,10,10,6,10,10,20,10,23,0.010416666666666666,0.026041666666666668
gf2^6_mult,383_1,41,4346,384,2,2,2,2,0,4,0,3,7,8,8,6,7,7,14,8,23,0.005208333333333333,0.020833333333333332
gf2^6_mult,383_1,42,1535,384,4,4,4,4,0,8,0,3,6,10,10,6,10,10,20,10,23,0.010416666666666666,0.026041666666666668
gf2^6_mult,383_1,43,4358,384,2,2,2,2,0,4,0,3,3,7,7,5,6,6,12,7,14,0.005208333333333333,0.018229166666666668
gf2^6_mult,383_1,44,944,384,3,4,3,4,0,7,0,3,4,9,10,6,8,10,18,9,20,0.0078125,0.0234375
gf2^6_mult,383_1,45,4358,385,2,2,2,2,0,4,0,3,5,8,8,6,7,7,14,8,19,0.005194805194805195,0.02077922077922078
gf2^6_mult,383_1,46,3568,385,4,3,4,3,0,7,0,3,5,10,9,6,10,8,18,10,23,0.01038961038961039,0.025974025974025976
gf2^6_mult,383_1,47,36,384,2,4,2,4,0,6,0,2,4,6,8,4,5,9,14,6,15,0.005208333333333333,0.015625
gf2^6_mult,383_1,48,120,386,3,3,3,3,0,6,0,2,2,6,6,3,7,7,14,6,12,0.007772020725388601,0.015544041450777202
gf2^6_mult,383_1,49,120,386,3,3,3,3,0,6,0,2,2,6,6,3,7,7,14,6,12,0.007772020725388601,0.015544041450777202
gf2^6_mult,383_1,50,37,386,4,2,4,2,0,6,0,2,4,8,6,4,9,5,14,8,17,0.010362694300518135,0.02072538860103627
gf2^6_mult,383_1,51,4361,384,2,2,2,2,0,4,0,3,4,7,7,5,6,6,12,7,14,0.005208333333333333,0.018229166666666668
gf2^6_mult,383_1,52,3432,384,3,2,3,2,0,5,0,3,4,9,8,6,9,7,16,9,20,0.0078125,0.0234375
gf2^6_mult,383_2,0,3435,384,2,3,2,3,0,5,0,3,4,8,9,6,7,9,16,8,20,0.005208333333333333,0.020833333333333332
gf2^6_mult,383_2,1,3420,385,3,2,3,2,0,5,0,3,4,9,8,6,9,7,16,9,21,0.007792207792207792,0.023376623376623377
gf2^6_mult,383_2,2,4358,384,2,2,2,2,0,4,0,3,5,8,8,6,7,7,14,8,19,0.005208333333333333,0.020833333333333332
gf2^6_mult,383_2,3,1542,384,4,5,4,5,0,9,0,3,4,10,11,6,10,12,22,10,20,0.010416666666666666,0.026041666666666668
gf2^6_mult,383_2,4,121,385,3,3,3,3,0,6,0,2,3,7,7,4,7,7,14,7,13,0.007792207792207792,0.01818181818181818
gf2^6_mult,383_2,5,3562,385,4,3,4,3,0,7,0,3,6,10,9,6,10,8,18,10,22,0.01038961038961039,0.025974025974025976
gf2^6_mult,383_2,6,4358,384,2,2,2,2,0,4,0,3,6,8,8,6,7,7,14,8,19,0.005208333333333333,0.020833333333333332
gf2^6_mult,383_2,7,4397,384,2,2,2,2,0,4,0,3,5,8,8,6,7,7,14,8,20,0.005208333333333333,0.020833333333333332
gf2^6_mult,383_2,8,4361,384,2,2,2,2,0,4,0,3,3,8,8,6,7,7,14,8,16,0.005208333333333333,0.020833333333333332
gf2^6_mult,383_2,9,4409,384,2,2,2,2,0,4,0,3,4,8,8,6,7,7,14,8,18,0.005208333333333333,0.020833333333333332
gf2^6_mult,383_2,10,4361,384,2,2,2,2,0,4,0,3,6,8,8,6,7,7,14,8,20,0.005208333333333333,0.020833333333333332
gf2^6_mult,383_2,11,4394,384,2,2,2,2,0,4,0,3,6,8,8,6,7,7,14,8,20,0.005208333333333333,0.020833333333333332
gf2^6_mult,383_2,12,4397,384,2,2,2,2,0,4,0,3,6,8,8,6,7,7,14,8,20,0.005208333333333333,0.020833333333333332
gf2^6_mult,383_2,13,1482,384,3,4,3,4,0,7,0,3,7,9,10,6,8,10,18,9,23,0.0078125,0.0234375
gf2^6_mult,383_2,14,953,385,4,3,4,3,0,7,0,3,7,10,9,6,10,8,18,10,24,0.01038961038961039,0.025974025974025976
gf2^6_mult,383_2,15,4409,384,2,2,2,2,0,4,0,3,4,8,8,6,7,7,14,8,15,0.005208333333333333,0.020833333333333332
gf2^6_mult,383_2,16,952,384,3,4,3,4,0,7,0,3,5,9,10,6,8,10,18,9,22,0.0078125,0.0234375
gf2^6_mult,383_2,17,942,385,3,4,3,4,0,7,0,3,5,8,9,5,8,10,18,8,19,0.007792207792207792,0.02077922077922078
gf2^6_mult,383_2,18,4682,386,2,0,2,0,0,2,0,2,4,6,4,4,6,2,8,6,13,0.0051813471502590676,0.015544041450777202
gf2^6_mult,383_2,19,120,384,3,3,3,3,0,6,0,2,4,7,7,4,7,7,14,7,17,0.0078125,0.018229166666666668
gf2^6_mult,383_2,20,4409,384,2,2,2,2,0,4,0,3,6,8,8,6,7,7,14,8,20,0.005208333333333333,0.020833333333333332
gf2^6_mult,383_2,21,4361,384,2,2,2,2,0,4,0,3,6,8,8,6,7,7,14,8,20,0.005208333333333333,0.020833333333333332
gf2^6_mult,383_2,22,4361,384,2,2,2,2,0,4,0,3,6,8,8,6,7,7,14,8,20,0.005208333333333333,0.020833333333333332
gf2^6_mult,383_2,23,4361,384,2,2,2,2,0,4,0,3,6,8,8,6,7,7,14,8,20,0.005208333333333333,0.020833333333333332
gf2^6_mult,383_2,24,4406,384,2,2,2,2,0,4,0,3,6,8,8,6,7,7,14,8,19,0.005208333333333333,0.020833333333333332
gf2^6_mult,383_2,25,4358,384,2,2,2,2,0,4,0,3,5,8,8,6,7,7,14,8,19,0.005208333333333333,0.020833333333333332
gf2^6_mult,383_2,26,4394,384,2,2,2,2,0,4,0,3,5,7,7,5,6,6,12,7,16,0.005208333333333333,0.018229166666666668
gf2^6_mult,383_2,27,42,384,2,4,2,4,0,6,0,2,3,5,7,3,5,9,14,5,11,0.005208333333333333,0.013020833333333334
gf2^6_mult,383_2,28,41,386,4,2,4,2,0,6,0,2,3,7,5,3,9,5,14,7,13,0.010362694300518135,0.018134715025906734
gf2^6_mult,383_2,29,4406,384,2,2,2,2,0,4,0,3,6,8,8,6,7,7,14,8,20,0.005208333333333333,0.020833333333333332
gf2^6_mult,383_2,30,42,384,2,4,2,4,0,6,0,2,4,6,8,4,5,9,14,6,15,0.005208333333333333,0.015625
gf2^6_mult,383_2,31,43,386,4,2,4,2,0,6,0,2,4,8,6,4,9,5,14,8,17,0.010362694300518135,0.02072538860103627
gf2^6_mult,383_2,32,819,384,3,2,3,2,0,5,0,3,5,9,8,6,9,7,16,9,21,0.0078125,0.0234375
gf2^6_mult,383_5,0,1542,384,4,5,4,5,0,9,0,3,4,10,11,6,10,12,22,10,20,0.010416666666666666,0.026041666666666668
gf2^6_mult,383_5,1,1564,385,4,4,4,4,0,8,0,3,4,9,9,5,10,10,20,9,16,0.01038961038961039,0.023376623376623377
gf2^6_mult,383_5,2,943,385,4,3,4,3,0,7,0,3,6,10,9,6,10,8,18,10,22,0.01038961038961039,0.025974025974025976
gf2^6_mult,383_5,3,4361,384,2,2,2,2,0,4,0,3,5,8,8,6,7,7,14,8,20,0.005208333333333333,0.020833333333333332
gf2^6_mult,383_5,4,1565,384,4,4,4,4,0,8,0,3,5,10,10,6,10,10,20,10,23,0.010416666666666666,0.026041666666666668
gf2^6_mult,383_5,5,4358,384,2,2,2,2,0,4,0,3,6,8,8,6,7,7,14,8,19,0.005208333333333333,0.020833333333333332
gf2^6_mult,383_5,6,1482,384,3,4,3,4,0,7,0,3,5,9,10,6,8,10,18,9,22,0.0078125,0.0234375
gf2^6_mult,383_5,7,3568,385,4,3,4,3,0,7,0,3,5,10,9,6,10,8,18,10,23,0.01038961038961039,0.025974025974025976
gf2^6_mult,383_5,8,40,384,2,4,2,4,0,6,0,2,4,5,7,3,5,9,14,5,13,0.005208333333333333,0.013020833333333334
gf2^6_mult,383_5,9,4699,386,2,2,2,2,0,4,0,2,3,5,5,3,6,6,12,5,13,0.0051813471502590676,0.012953367875647668
gf2^6_mult,383_5,10,4681,386,2,2,2,2,0,4,0,2,2,5,5,3,6,6,12,5,9,0.0051813471502590676,0.012953367875647668
gf2^6_mult,383_5,11,4670,386,2,0,2,0,0,2,0,2,2,5,3,3,6,2,8,5,9,0.0051813471502590676,0.012953367875647668
gf2^6_mult,383_5,12,1535,384,4,4,4,4,0,8,0,3,8,10,10,6,10,10,20,10,26,0.010416666666666666,0.026041666666666668
gf2^6_mult,383_5,13,1482,384,3,4,3,4,0,7,0,3,6,9,10,6,8,10,18,9,21,0.0078125,0.0234375
gf2^6_mult,383_5,14,941,385,4,3,4,3,0,7,0,3,6,10,9,6,10,8,18,10,22,0.01038961038961039,0.025974025974025976
gf2^6_mult,383_5,15,1542,384,4,5,4,5,0,9,0,3,4,10,11,6,10,12,22,10,17,0.010416666666666666,0.026041666666666668
gf2^6_mult,383_5,16,4409,385,2,2,2,2,0,4,0,3,7,8,8,6,7,7,14,8,24,0.005194805194805195,0.02077922077922078
gf2^6_mult,383_5,17,1564,385,4,4,4,4,0,8,0,3,4,10,10,6,10,10,20,10,16,0.01038961038961039,0.025974025974025976
gf2^6_mult,383_5,18,3284,385,5,5,5,5,0,10,0,3,4,11,11,6,11,11,22,11,18,0.012987012987012988,0.02857142857142857
gf2^6_mult,383_5,19,818,385,2,3,2,3,0,5,0,3,7,8,9,6,7,9,16,8,24,0.005194805194805195,0.02077922077922078
gf2^6_mult,383_5,20,819,386,3,2,3,2,0,5,0,3,7,9,8,6,9,7,16,9,25,0.007772020725388601,0.023316062176165803
gf2^6_mult,383_5,21,3422,385,2,3,2,3,0,5,0,3,7,8,9,6,7,9,16,8,24,0.005194805194805195,0.02077922077922078
gf2^6_mult,383_5,22,4406,386,2,2,2,2,0,4,0,3,7,8,8,6,7,7,14,8,22,0.0051813471502590676,0.02072538860103627
gf2^6_mult,383_5,23,120,386,3,3,3,3,0,6,0,2,3,7,7,4,7,7,14,7,14,0.007772020725388601,0.018134715025906734
gf2^6_mult,383_5,24,4382,386,2,2,2,2,0,4,0,3,3,7,7,5,7,7,14,7,15,0.0051813471502590676,0.018134715025906734
gf2^6_mult,383_5,25,819,386,3,2,3,2,0,5,0,3,5,9,8,6,9,7,16,9,20,0.007772020725388601,0.023316062176165803
gf2^6_mult,383_5,26,4359,385,2,3,2,3,0,5,0,3,6,8,9,6,7,9,16,8,22,0.005194805194805195,0.02077922077922078
gf2^6_mult,383_5,27,4387,386,2,3,2,3,0,5,0,3,7,8,9,6,7,9,16,8,20,0.0051813471502590676,0.02072538860103627
gf2^6_mult,383_5,28,3418,387,3,2,3,2,0,5,0,3,5,8,7,5,9,7,16,8,19,0.007751937984496124,0.020671834625323
gf2^6_mult,383_5,29,4668,386,2,2,2,2,0,4,0,2,5,6,6,4,6,4,10,6,17,0.0051813471502590676,0.015544041450777202
gf2^6_mult,383_5,30,4660,386,2,0,2,0,0,2,0,1,2,4,2,2,3,1,4,4,10,0.0051813471502590676,0.010362694300518135
gf2^6_mult,383_5,31,4409,384,2,2,2,2,0,4,0,3,6,8,8,6,7,7,14,8,21,0.005208333333333333,0.020833333333333332
gf2^6_mult,383_5,32,4409,384,2,2,2,2,0,4,0,3,7,8,8,6,7,7,14,8,24,0.005208333333333333,0.020833333333333332
gf2^6_mult,383_5,33,4358,384,2,2,2,2,0,4,0,3,7,8,8,6,7,7,14,8,24,0.005208333333333333,0.020833333333333332
gf2^6_mult,383_5,34,4360,384,2,3,2,3,0,5,0,3,7,8,9,6,7,9,16,8,24,0.005208333333333333,0.020833333333333332
gf2^6_mult,383_5,35,4368,385,3,2,3,2,0,5,0,3,7,9,8,6,9,7,16,9,25,0.007792207792207792,0.023376623376623377
gf2^6_mult,383_5,36,4397,384,2,2,2,2,0,4,0,3,7,8,8,6,7,7,14,8,24,0.005208333333333333,0.020833333333333332
gf2^6_mult,383_5,37,121,384,3,3,3,3,0,6,0,2,6,7,7,4,7,7,14,7,19,0.0078125,0.018229166666666668
gf2^6_mult,383_5,38,3435,384,2,3,2,3,0,5,0,3,6,8,9,6,7,9,16,8,20,0.005208333333333333,0.020833333333333332
gf2^6_mult,383_5,39,44,385,2,2,2,2,0,4,0,2,3,6,6,4,5,5,10,6,12,0.005194805194805195,0.015584415584415584
gf2^6_mult,383_5,40,3564,385,4,3,4,3,0,7,0,3,6,9,8,5,10,8,18,9,21,0.01038961038961039,0.023376623376623377
gf2^6_mult,383_5,41,4382,384,2,2,2,2,0,4,0,3,6,8,8,6,7,7,14,8,23,0.005208333333333333,0.020833333333333332
gf2^6_mult,383_5,42,4372,384,2,3,2,3,0,5,0,3,6,8,9,6,7,9,16,8,23,0.005208333333333333,0.020833333333333332
gf2^6_mult,383_5,43,4356,385,3,2,3,2,0,5,0,3,6,9,8,6,9,7,16,9,24,0.007792207792207792,0.023376623376623377
gf2^6_mult,383_5,44,4394,384,2,2,2,2,0,4,0,3,6,8,8,6,7,7,14,8,21,0.005208333333333333,0.020833333333333332
gf2^6_mult,383_5,45,4397,384,2,2,2,2,0,4,0,3,4,8,8,6,7,7,14,8,15,0.005208333333333333,0.020833333333333332
gf2^6_mult,383_5,46,3434,384,2,3,2,3,0,5,0,3,6,8,9,6,7,9,16,8,20,0.005208333333333333,0.020833333333333332
gf2^6_mult,383_5,47,815,385,3,2,3,2,0,5,0,3,6,9,8,6,9,7,16,9,21,0.007792207792207792,0.023376623376623377
gf2^6_mult,383_5,48,3435,384,2,3,2,3,0,5,0,3,6,8,9,6,7,9,16,8,20,0.005208333333333333,0.020833333333333332
gf2^6_mult,383_5,49,38,385,2,2,2,2,0,4,0,2,3,6,6,4,5,5,10,6,12,0.005194805194805195,0.015584415584415584
gf2^6_mult,383_5,50,3564,385,4,3,4,3,0,7,0,3,6,9,8,5,10,8,18,9,21,0.01038961038961039,0.023376623376623377
gf2^6_mult,383_5,51,808,384,2,3,2,3,0,5,0,3,6,8,9,6,7,9,16,8,20,0.005208333333333333,0.020833333333333332
gf2^6_mult,383_5,52,823,385,3,2,3,2,0,5,0,3,6,9,8,6,9,7,16,9,21,0.007792207792207792,0.023376623376623377
gf2^6_mult,383_5,53,822,384,2,3,2,3,0,5,0,3,6,8,9,6,7,9,16,8,20,0.005208333333333333,0.020833333333333332
gf2^6_mult,383_5,54,4394,385,2,2,2,2,0,4,0,3,8,8,8,6,7,7,14,8,25,0.005194805194805195,0.02077922077922078
gf2^6_mult,383_5,55,809,385,3,2,3,2,0,5,0,3,6,9,8,6,9,7,16,9,21,0.007792207792207792,0.023376623376623377
gf2^6_mult,383_5,56,4358,384,2,2,2,2,0,4,0,3,8,8,8,6,7,7,14,8,25,0.005208333333333333,0.020833333333333332
gf2^6_mult,383_5,57,1496,384,4,4,4,4,0,8,0,3,6,10,10,6,10,10,20,10,24,0.010416666666666666,0.026041666666666668
gf2^6_mult,383_5,58,4358,384,2,2,2,2,0,4,0,3,8,8,8,6,7,7,14,8,25,0.005208333333333333,0.020833333333333332
gf2^6_mult,383_5,59,4358,384,2,2,2,2,0,4,0,3,8,8,8,6,7,7,14,8,25,0.005208333333333333,0.020833333333333332
gf2^6_mult,383_5,60,120,384,3,3,3,3,0,6,0,2,5,7,7,4,7,7,14,7,19,0.0078125,0.018229166666666668
gf2^6_mult,383_5,61,120,384,3,3,3,3,0,6,0,2,4,6,6,3,6,6,12,6,15,0.0078125,0.015625
gf2^6_mult,383_5,62,4358,384,2,2,2,2,0,4,0,3,8,8,8,6,7,7,14,8,25,0.005208333333333333,0.020833333333333332
gf2^6_mult,383_5,63,4406,384,2,2,2,2,0,4,0,3,8,8,8,6,7,7,14,8,25,0.005208333333333333,0.020833333333333332
gf2^6_mult,383_5,64,4358,384,2,2,2,2,0,4,0,3,8,8,8,6,7,7,14,8,25,0.005208333333333333,0.020833333333333332
gf2^6_mult,383_5,65,4361,384,2,2,2,2,0,4,0,3,6,8,8,6,7,7,14,8,19,0.005208333333333333,0.020833333333333332
gf2^6_mult,383_5,66,4406,384,2,2,2,2,0,4,0,3,8,8,8,6,7,7,14,8,25,0.005208333333333333,0.020833333333333332
gf2^6_mult,383_5,67,4406,384,2,2,2,2,0,4,0,3,6,8,8,6,7,7,14,8,21,0.005208333333333333,0.020833333333333332
gf2^6_mult,383_5,68,4358,384,2,2,2,2,0,4,0,3,6,8,8,6,7,7,14,8,21,0.005208333333333333,0.020833333333333332
gf2^6_mult,383_5,69,4406,384,2,2,2,2,0,4,0,3,6,8,8,6,7,7,14,8,21,0.005208333333333333,0.020833333333333332
gf2^6_mult,383_5,70,4394,384,2,2,2,2,0,4,0,3,7,8,8,6,7,7,14,8,24,0.005208333333333333,0.020833333333333332
gf2^6_mult,383_5,71,36,384,2,4,2,4,0,6,0,2,4,6,8,4,5,9,14,6,15,0.005208333333333333,0.015625
gf2^6_mult,383_5,72,120,386,3,3,3,3,0,6,0,2,3,6,6,3,7,7,14,6,12,0.007772020725388601,0.015544041450777202
gf2^6_mult,383_5,73,4664,386,2,0,2,0,0,2,0,2,4,6,4,4,6,2,8,6,14,0.0051813471502590676,0.015544041450777202
gf2^6_mult,383_5,74,4361,384,2,2,2,2,0,4,0,3,7,8,8,6,7,7,14,8,24,0.005208333333333333,0.020833333333333332
gf2^6_mult,383_5,75,4408,384,2,3,2,3,0,5,0,3,6,8,9,6,7,9,16,8,21,0.005208333333333333,0.020833333333333332
gf2^6_mult,383_5,76,4406,385,2,2,2,2,0,4,0,3,6,8,8,6,7,7,14,8,19,0.005194805194805195,0.02077922077922078
gf2^6_mult,383_5,77,4405,385,3,3,3,3,0,6,0,3,6,9,9,6,9,9,18,9,21,0.007792207792207792,0.023376623376623377
gf2^6_mult,383_5,78,4412,385,3,2,3,2,0,5,0,3,6,9,8,6,9,7,16,9,21,0.007792207792207792,0.023376623376623377
gf2^6_mult,383_5,79,3566,384,3,4,3,4,0,7,0,3,5,8,9,5,8,10,18,8,18,0.0078125,0.020833333333333332
gf2^6_mult,383_5,80,941,385,4,3,4,3,0,7,0,3,5,9,8,5,10,8,18,9,19,0.01038961038961039,0.023376623376623377
gf2^6_mult,383_5,81,1482,384,3,4,3,4,0,7,0,3,5,9,10,6,8,10,18,9,21,0.0078125,0.0234375
gf2^6_mult,383_5,82,3568,385,4,3,4,3,0,7,0,3,5,10,9,6,10,8,18,10,22,0.01038961038961039,0.025974025974025976
gf2^6_mult,383_5,83,4406,384,2,2,2,2,0,4,0,3,7,8,8,6,7,7,14,8,22,0.005208333333333333,0.020833333333333332
gf2^6_mult,383_5,84,4385,384,2,2,2,2,0,4,0,3,6,8,8,6,7,7,14,8,22,0.005208333333333333,0.020833333333333332
gf2^6_mult,383_5,85,1535,384,4,4,4,4,0,8,0,3,6,9,9,5,9,9,18,9,21,0.010416666666666666,0.0234375
gf2^6_mult,383_5,86,4397,384,2,2,2,2,0,4,0,3,7,8,8,6,7,7,14,8,22,0.005208333333333333,0.020833333333333332
gf2^6_mult,383_5,87,4358,384,2,2,2,2,0,4,0,3,5,8,8,6,7,7,14,8,18,0.005208333333333333,0.020833333333333332
gf2^6_mult,383_5,88,819,384,3,2,3,2,0,5,0,3,5,9,8,6,9,7,16,9,20,0.0078125,0.0234375
gf2^6_mult,384_2,0,3316,385,5,5,5,5,0,10,0,3,5,11,11,6,11,11,22,11,19,0.012987012987012988,0.02857142857142857
gf2^6_mult,384_2,1,4397,385,2,2,2,2,0,4,0,3,7,8,8,6,7,7,14,8,23,0.005194805194805195,0.02077922077922078
gf2^6_mult,384_2,2,120,385,3,3,3,3,0,6,0,2,4,7,7,4,7,7,14,7,19,0.007792207792207792,0.01818181818181818
gf2^6_mult,384_2,3,4397,385,2,2,2,2,0,4,0,3,6,8,8,6,7,7,14,8,20,0.005194805194805195,0.02077922077922078
gf2^6_mult,384_2,4,4406,385,2,2,2,2,0,4,0,3,4,8,8,6,7,7,14,8,17,0.005194805194805195,0.02077922077922078
gf2^6_mult,384_2,5,3416,385,2,3,2,3,0,5,0,3,5,8,9,6,7,9,16,8,16,0.005194805194805195,0.02077922077922078
gf2^6_mult,384_2,6,44,386,2,2,2,2,0,4,0,2,3,6,6,4,5,5,10,6,12,0.0051813471502590676,0.015544041450777202
gf2^6_mult,384_2,7,819,386,3,2,3,2,0,5,0,3,4,9,8,6,9,7,16,9,19,0.007772020725388601,0.023316062176165803
gf2^6_mult,384_2,8,4372,385,2,3,2,3,0,5,0,3,5,8,9,6,7,9,16,8,19,0.005194805194805195,0.02077922077922078
gf2^6_mult,384_2,9,4409,386,2,2,2,2,0,4,0,3,6,8,8,6,7,7,14,8,22,0.0051813471502590676,0.02072538860103627
gf2^6_mult,384_2,10,4353,386,3,2,3,2,0,5,0,3,5,9,8,6,9,7,16,9,20,0.007772020725388601,0.023316062176165803
gf2^6_mult,384_2,11,944,385,3,4,3,4,0,7,0,3,4,8,9,5,8,10,18,8,17,0.007792207792207792,0.02077922077922078
gf2^6_mult,384_2,12,941,386,4,3,4,3,0,7,0,3,4,9,8,5,10,8,18,9,18,0.010362694300518135,0.023316062176165803
gf2^6_mult,384_2,13,4385,385,2,2,2,2,0,4,0,3,5,8,8,6,7,7,14,8,19,0.005194805194805195,0.02077922077922078
gf2^6_mult,384_2,14,4406,385,2,2,2,2,0,4,0,3,4,8,8,6,7,7,14,8,18,0.005194805194805195,0.02077922077922078
gf2^6_mult,384_2,15,1608,385,4,5,4,5,0,9,0,3,4,10,11,6,9,11,20,10,19,0.01038961038961039,0.025974025974025976
gf2^6_mult,384_2,16,816,386,2,3,2,3,0,5,0,3,3,8,9,6,7,9,16,8,16,0.0051813471502590676,0.02072538860103627
gf2^6_mult,384_2,17,3422,387,2,3,2,3,0,5,0,3,3,7,8,5,7,9,16,7,13,0.00516795865633075,0.01808785529715762
gf2^6_mult,384_2,18,3430,388,3,2,3,2,0,5,0,3,3,8,7,5,9,7,16,8,15,0.007731958762886598,0.020618556701030927
gf2^6_mult,384_2,19,815,387,3,2,3,2,0,5,0,3,3,9,8,6,9,7,16,9,17,0.007751937984496124,0.023255813953488372
gf2^6_mult,384_2,20,941,386,4,3,4,3,0,7,0,3,4,10,9,6,10,8,18,10,18,0.010362694300518135,0.025906735751295335
gf2^6_mult,384_2,21,4370,385,2,2,2,2,0,4,0,3,5,8,8,6,7,7,14,8,18,0.005194805194805195,0.02077922077922078
gf2^6_mult,384_2,22,4387,385,2,3,2,3,0,5,0,3,5,8,9,6,7,9,16,8,18,0.005194805194805195,0.02077922077922078
gf2^6_mult,384_2,23,816,386,2,3,2,3,0,5,0,3,5,8,9,6,7,9,16,8,20,0.0051813471502590676,0.02072538860103627
gf2^6_mult,384_2,24,817,387,3,2,3,2,0,5,0,3,5,9,8,6,9,7,16,9,21,0.007751937984496124,0.023255813953488372
gf2^6_mult,384_2,25,4389,386,3,2,3,2,0,5,0,3,5,9,8,6,9,7,16,9,19,0.007772020725388601,0.023316062176165803
gf2^6_mult,384_2,26,4397,385,2,2,2,2,0,4,0,3,4,8,8,6,7,7,14,8,18,0.005194805194805195,0.02077922077922078
gf2^6_mult,384_2,27,1592,385,4,4,4,4,0,8,0,3,5,10,10,6,10,10,20,10,23,0.01038961038961039,0.025974025974025976
gf2^6_mult,384_2,28,40,385,2,4,2,4,0,6,0,2,4,6,8,4,5,9,14,6,15,0.005194805194805195,0.015584415584415584
gf2^6_mult,384_2,29,41,387,4,2,4,2,0,6,0,2,4,8,6,4,9,5,14,8,17,0.0103359173126615,0.020671834625323
gf2^6_mult,384_2,30,4409,385,2,2,2,2,0,4,0,3,6,8,8,6,7,7,14,8,20,0.005194805194805195,0.02077922077922078
gf2^6_mult,384_2,31,121,385,3,3,3,3,0,6,0,2,4,7,7,4,7,7,14,7,17,0.007792207792207792,0.01818181818181818
gf2^6_mult,384_2,32,42,385,2,4,2,4,0,6,0,2,4,6,8,4,5,9,14,6,16,0.005194805194805195,0.015584415584415584
gf2^6_mult,384_2,33,41,387,4,2,4,2,0,6,0,2,4,8,6,4,9,5,14,8,18,0.0103359173126615,0.020671834625323
gf2^6_mult,384_2,34,40,385,2,4,2,4,0,6,0,2,5,6,8,4,5,9,14,6,17,0.005194805194805195,0.015584415584415584
gf2^6_mult,384_2,35,126,387,3,3,3,3,0,6,0,2,3,6,6,3,7,7,14,6,13,0.007751937984496124,0.015503875968992248
gf2^6_mult,384_2,36,127,387,3,3,3,3,0,6,0,2,3,6,6,3,7,7,14,6,13,0.007751937984496124,0.015503875968992248
gf2^6_mult,384_2,37,41,387,4,2,4,2,0,6,0,2,5,8,6,4,9,5,14,8,19,0.0103359173126615,0.020671834625323
gf2^6_mult,384_2,38,4406,385,2,2,2,2,0,4,0,3,4,7,7,5,6,6,12,7,14,0.005194805194805195,0.01818181818181818
gf2^6_mult,384_2,39,42,385,2,4,2,4,0,6,0,2,5,6,8,4,5,9,14,6,17,0.005194805194805195,0.015584415584415584
gf2^6_mult,384_2,40,43,387,4,2,4,2,0,6,0,2,5,8,6,4,9,5,14,8,19,0.0103359173126615,0.020671834625323
gf2^6_mult,384_2,41,120,385,3,3,3,3,0,6,0,2,5,7,7,4,7,7,14,7,18,0.007792207792207792,0.01818181818181818
gf2^6_mult,384_2,42,4411,385,2,3,2,3,0,5,0,3,5,7,8,5,6,8,14,7,16,0.005194805194805195,0.01818181818181818
gf2^6_mult,384_2,43,4368,386,3,2,3,2,0,5,0,3,5,8,7,5,8,6,14,8,17,0.007772020725388601,0.02072538860103627
gf2^6_mult,384_2,44,816,385,2,3,2,3,0,5,0,3,3,8,9,6,7,9,16,8,17,0.005194805194805195,0.02077922077922078
gf2^6_mult,384_2,45,817,386,3,2,3,2,0,5,0,3,3,9,8,6,9,7,16,9,18,0.007772020725388601,0.023316062176165803
gf2^6_mult,384_2,46,4358,385,2,2,2,2,0,4,0,3,5,8,8,6,7,7,14,8,18,0.005194805194805195,0.02077922077922078
gf2^6_mult,384_2,47,4394,385,2,2,2,2,0,4,0,3,5,8,8,6,7,7,14,8,19,0.005194805194805195,0.02077922077922078
gf2^6_mult,384_2,48,4409,385,2,2,2,2,0,4,0,3,5,8,8,6,7,7,14,8,19,0.005194805194805195,0.02077922077922078
gf2^6_mult,384_2,49,1542,385,4,5,4,5,0,9,0,3,4,10,11,6,10,12,22,10,20,0.01038961038961039,0.025974025974025976
gf2^6_mult,384_2,50,1564,386,4,4,4,4,0,8,0,3,4,9,9,5,10,10,20,9,16,0.010362694300518135,0.023316062176165803
gf2^6_mult,384_2,51,1579,386,5,4,5,4,0,9,0,3,4,11,10,6,12,10,22,11,21,0.012953367875647668,0.02849740932642487
gf2^6_mult,384_2,52,1542,385,4,5,4,5,0,9,0,3,4,10,11,6,10,12,22,10,20,0.01038961038961039,0.025974025974025976
gf2^6_mult,384_2,53,1564,386,4,4,4,4,0,8,0,3,4,9,9,5,10,10,20,9,16,0.010362694300518135,0.023316062176165803
gf2^6_mult,384_2,54,1579,386,5,4,5,4,0,9,0,3,4,11,10,6,12,10,22,11,21,0.012953367875647668,0.02849740932642487
gf2^6_mult,384_2,55,38,385,2,2,2,2,0,4,0,2,5,6,6,4,5,5,10,6,15,0.005194805194805195,0.015584415584415584
gf2^6_mult,384_2,56,3316,385,5,5,5,5,0,10,0,3,5,11,11,6,11,11,22,11,20,0.012987012987012988,0.02857142857142857
gf2^6_mult,384_2,57,36,385,2,4,2,4,0,6,0,2,4,6,8,4,5,9,14,6,15,0.005194805194805195,0.015584415584415584
gf2^6_mult,384_2,58,120,387,3,3,3,3,0,6,0,2,2,6,6,3,7,7,14,6,12,0.007751937984496124,0.015503875968992248
gf2^6_mult,384_2,59,4664,387,2,0,2,0,0,2,0,2,4,6,4,4,6,2,8,6,14,0.00516795865633075,0.015503875968992248
gf2^6_mult,384_2,60,4358,385,2,2,2,2,0,4,0,3,5,8,8,6,7,7,14,8,19,0.005194805194805195,0.02077922077922078
gf2^6_mult,384_2,61,819,385,3,2,3,2,0,5,0,3,4,9,8,6,9,7,16,9,20,0.007792207792207792,0.023376623376623377
gf2^6_mult,384_4,0,4361,385,2,2,2,2,0,4,0,3,6,8,8,6,7,7,14,8,20,0.005194805194805195,0.02077922077922078
gf2^6_mult,384_4,1,4408,385,2,3,2,3,0,5,0,3,5,8,9,6,7,9,16,8,19,0.005194805194805195,0.02077922077922078
gf2^6_mult,384_4,2,4402,386,3,3,3,3,0,6,0,3,5,9,9,6,9,9,18,9,20,0.007772020725388601,0.023316062176165803
gf2^6_mult,384_4,3,4384,386,2,3,2,3,0,5,0,3,5,8,9,6,7,9,16,8,20,0.0051813471502590676,0.02072538860103627
gf2^6_mult,384_4,4,810,387,2,3,2,3,0,5,0,3,4,7,8,5,7,9,16,7,17,0.00516795865633075,0.01808785529715762
gf2^6_mult,384_4,5,4682,388,2,0,2,0,0,2,0,2,5,6,4,4,6,2,8,6,16,0.005154639175257732,0.015463917525773196
gf2^6_mult,384_4,6,4368,386,3,2,3,2,0,5,0,3,5,9,8,6,9,7,16,9,20,0.007772020725388601,0.023316062176165803
gf2^6_mult,384_4,7,822,385,2,3,2,3,0,5,0,3,5,8,9,6,7,9,16,8,20,0.005194805194805195,0.02077922077922078
gf2^6_mult,384_4,8,823,386,3,2,3,2,0,5,0,3,5,9,8,6,9,7,16,9,21,0.007772020725388601,0.023316062176165803
gf2^6_mult,384_4,9,4394,385,2,2,2,2,0,4,0,3,6,8,8,6,7,7,14,8,21,0.005194805194805195,0.02077922077922078
gf2^6_mult,384_4,10,4358,385,2,2,2,2,0,4,0,3,5,8,8,6,7,7,14,8,19,0.005194805194805195,0.02077922077922078
gf2^6_mult,384_4,11,39,385,2,2,2,2,0,4,0,2,3,6,6,4,5,5,10,6,13,0.005194805194805195,0.015584415584415584
gf2^6_mult,384_4,12,808,385,2,3,2,3,0,5,0,3,5,8,9,6,7,9,16,8,20,0.005194805194805195,0.02077922077922078
gf2^6_mult,384_4,13,823,386,3,2,3,2,0,5,0,3,5,9,8,6,9,7,16,9,21,0.007772020725388601,0.023316062176165803
gf2^6_mult,384_4,14,4407,385,2,3,2,3,0,5,0,3,6,8,9,6,7,9,16,8,21,0.005194805194805195,0.02077922077922078
gf2^6_mult,384_4,15,38,386,2,2,2,2,0,4,0,2,4,6,6,4,5,5,10,6,15,0.0051813471502590676,0.015544041450777202
gf2^6_mult,384_4,16,953,386,4,3,4,3,0,7,0,3,6,10,9,6,10,8,18,10,24,0.010362694300518135,0.025906735751295335
gf2^6_mult,384_4,17,4409,385,2,2,2,2,0,4,0,3,5,8,8,6,7,7,14,8,20,0.005194805194805195,0.02077922077922078
gf2^6_mult,384_4,18,132,385,3,5,3,5,0,8,0,2,5,7,9,4,6,10,16,7,17,0.007792207792207792,0.01818181818181818
gf2^6_mult,384_4,19,815,387,3,2,3,2,0,5,0,3,4,9,8,6,9,7,16,9,16,0.007751937984496124,0.023255813953488372
gf2^6_mult,384_4,20,120,386,3,3,3,3,0,6,0,2,5,7,7,4,7,7,14,7,16,0.007772020725388601,0.018134715025906734
gf2^6_mult,384_4,21,4382,386,2,2,2,2,0,4,0,3,6,8,8,6,7,7,14,8,22,0.0051813471502590676,0.02072538860103627
gf2^6_mult,384_4,22,4358,386,2,2,2,2,0,4,0,3,7,8,8,6,7,7,14,8,23,0.0051813471502590676,0.02072538860103627
gf2^6_mult,384_4,23,4394,386,2,2,2,2,0,4,0,3,4,8,8,6,7,7,14,8,17,0.0051813471502590676,0.02072538860103627
gf2^6_mult,384_4,24,4346,386,2,2,2,2,0,4,0,3,7,8,8,6,7,7,14,8,22,0.0051813471502590676,0.02072538860103627
gf2^6_mult,384_4,25,4385,386,2,2,2,2,0,4,0,3,6,8,8,6,7,7,14,8,22,0.0051813471502590676,0.02072538860103627
gf2^6_mult,384_4,26,4361,386,2,2,2,2,0,4,0,3,6,8,8,6,7,7,14,8,22,0.0051813471502590676,0.02072538860103627
gf2^6_mult,384_4,27,4397,386,2,2,2,2,0,4,0,3,6,8,8,6,7,7,14,8,22,0.0051813471502590676,0.02072538860103627
gf2^6_mult,384_4,28,4409,386,2,2,2,2,0,4,0,3,4,8,8,6,7,7,14,8,17,0.0051813471502590676,0.02072538860103627
gf2^6_mult,384_4,29,4385,386,2,2,2,2,0,4,0,3,6,8,8,6,7,7,14,8,22,0.0051813471502590676,0.02072538860103627
gf2^6_mult,384_4,30,4373,386,2,2,2,2,0,4,0,3,6,8,8,6,7,7,14,8,22,0.0051813471502590676,0.02072538860103627
gf2^6_mult,384_4,31,4349,386,2,2,2,2,0,4,0,3,7,8,8,6,7,7,14,8,22,0.0051813471502590676,0.02072538860103627
gf2^6_mult,384_4,32,121,386,3,3,3,3,0,6,0,2,5,7,7,4,7,7,14,7,16,0.007772020725388601,0.018134715025906734
gf2^6_mult,384_4,33,1497,386,4,4,4,4,0,8,0,3,6,10,10,6,10,10,20,10,22,0.010362694300518135,0.025906735751295335
gf2^6_mult,384_4,34,4383,386,2,3,2,3,0,5,0,3,5,8,9,6,7,9,16,8,22,0.0051813471502590676,0.02072538860103627
gf2^6_mult,384_4,35,4355,387,3,2,3,2,0,5,0,3,5,9,8,6,9,7,16,9,23,0.007751937984496124,0.023255813953488372
gf2^6_mult,384_4,36,120,386,3,3,3,3,0,6,0,2,4,7,7,4,7,7,14,7,16,0.007772020725388601,0.018134715025906734
gf2^6_mult,384_4,37,4370,386,2,2,2,2,0,4,0,3,6,8,8,6,7,7,14,8,21,0.0051813471502590676,0.02072538860103627
gf2^6_mult,384_4,38,4397,386,2,2,2,2,0,4,0,3,6,8,8,6,7,7,14,8,22,0.0051813471502590676,0.02072538860103627
gf2^6_mult,384_4,39,4349,386,2,2,2,2,0,4,0,3,6,8,8,6,7,7,14,8,22,0.0051813471502590676,0.02072538860103627
gf2^6_mult,384_4,40,4362,386,2,3,2,3,0,5,0,3,6,8,9,6,7,9,16,8,22,0.0051813471502590676,0.02072538860103627
gf2^6_mult,384_4,41,4368,387,3,2,3,2,0,5,0,3,6,9,8,6,9,7,16,9,23,0.007751937984496124,0.023255813953488372
gf2^6_mult,384_4,42,4409,386,2,2,2,2,0,4,0,3,6,8,8,6,7,7,14,8,22,0.0051813471502590676,0.02072538860103627
gf2^6_mult,384_4,43,4397,386,2,2,2,2,0,4,0,3,6,8,8,6,7,7,14,8,22,0.0051813471502590676,0.02072538860103627
gf2^6_mult,384_4,44,4406,386,2,2,2,2,0,4,0,3,6,8,8,6,7,7,14,8,22,0.0051813471502590676,0.02072538860103627
gf2^6_mult,384_4,45,4409,386,2,2,2,2,0,4,0,3,4,8,8,6,7,7,14,8,17,0.0051813471502590676,0.02072538860103627
gf2^6_mult,384_4,46,4397,386,2,2,2,2,0,4,0,3,4,8,8,6,7,7,14,8,17,0.0051813471502590676,0.02072538860103627
gf2^6_mult,384_4,47,4385,386,2,2,2,2,0,4,0,3,6,8,8,6,7,7,14,8,22,0.0051813471502590676,0.02072538860103627
gf2^6_mult,384_4,48,4406,386,2,2,2,2,0,4,0,3,4,8,8,6,7,7,14,8,17,0.0051813471502590676,0.02072538860103627
gf2^6_mult,384_4,49,3310,386,5,5,5,5,0,10,0,3,7,11,11,6,11,11,22,11,26,0.012953367875647668,0.02849740932642487
gf2^6_mult,384_4,50,813,386,3,2,3,2,0,5,0,3,4,9,8,6,9,7,16,9,16,0.007772020725388601,0.023316062176165803
gf2^6_mult,384_4,51,120,385,3,3,3,3,0,6,0,2,4,7,7,4,7,7,14,7,19,0.007792207792207792,0.01818181818181818
gf2^6_mult,384_4,52,4409,385,2,2,2,2,0,4,0,3,5,8,8,6,7,7,14,8,19,0.005194805194805195,0.02077922077922078
gf2^6_mult,384_4,53,4407,385,2,3,2,3,0,5,0,3,6,8,9,6,7,9,16,8,21,0.005194805194805195,0.02077922077922078
gf2^6_mult,384_4,54,4403,386,3,2,3,2,0,5,0,3,6,9,8,6,9,7,16,9,22,0.007772020725388601,0.023316062176165803
gf2^6_mult,384_4,55,3423,385,2,3,2,3,0,5,0,3,4,8,9,6,7,9,16,8,15,0.005194805194805195,0.02077922077922078
gf2^6_mult,384_4,56,3430,386,3,2,3,2,0,5,0,3,4,9,8,6,9,7,16,9,16,0.007772020725388601,0.023316062176165803
gf2^6_mult,384_4,57,1482,385,3,4,3,4,0,7,0,3,5,9,10,6,8,10,18,9,22,0.007792207792207792,0.023376623376623377
gf2^6_mult,384_4,58,39,386,2,2,2,2,0,4,0,2,4,6,6,4,5,5,10,6,15,0.0051813471502590676,0.015544041450777202
gf2^6_mult,384_4,59,121,386,3,3,3,3,0,6,0,2,4,7,7,4,7,7,14,7,18,0.007772020725388601,0.018134715025906734
gf2^6_mult,384_4,60,1482,386,3,4,3,4,0,7,0,3,4,9,10,6,8,10,18,9,19,0.007772020725388601,0.023316062176165803
gf2^6_mult,384_4,61,38,387,2,2,2,2,0,4,0,2,4,6,6,4,5,5,10,6,15,0.00516795865633075,0.015503875968992248
gf2^6_mult,384_4,62,953,387,4,3,4,3,0,7,0,3,5,10,9,6,10,8,18,10,23,0.0103359173126615,0.025839793281653745
gf2^6_mult,384_4,63,941,386,4,3,4,3,0,7,0,3,4,10,9,6,10,8,18,10,20,0.010362694300518135,0.025906735751295335
gf2^6_mult,384_4,64,3430,385,3,2,3,2,0,5,0,3,4,9,8,6,9,7,16,9,17,0.007792207792207792,0.023376623376623377
gf2^6_mult,385_2,0,4394,386,2,2,2,2,0,4,0,3,5,8,8,6,7,7,14,8,19,0.0051813471502590676,0.02072538860103627
gf2^6_mult,385_2,1,4406,386,2,2,2,2,0,4,0,3,5,8,8,6,7,7,14,8,19,0.0051813471502590676,0.02072538860103627
gf2^6_mult,385_2,2,4361,386,2,2,2,2,0,4,0,3,5,8,8,6,7,7,14,8,19,0.0051813471502590676,0.02072538860103627
gf2^6_mult,385_2,3,822,386,2,3,2,3,0,5,0,3,6,8,9,6,7,9,16,8,21,0.0051813471502590676,0.02072538860103627
gf2^6_mult,385_2,4,4358,387,2,2,2,2,0,4,0,3,6,7,7,5,7,7,14,7,21,0.00516795865633075,0.01808785529715762
gf2^6_mult,385_2,5,817,387,3,2,3,2,0,5,0,3,6,9,8,6,9,7,16,9,22,0.007751937984496124,0.023255813953488372
gf2^6_mult,385_2,6,4409,386,2,2,2,2,0,4,0,3,4,8,8,6,7,7,14,8,17,0.0051813471502590676,0.02072538860103627
gf2^6_mult,385_2,7,4394,386,2,2,2,2,0,4,0,3,5,8,8,6,7,7,14,8,19,0.0051813471502590676,0.02072538860103627
gf2^6_mult,385_2,8,4397,386,2,2,2,2,0,4,0,3,5,8,8,6,7,7,14,8,19,0.0051813471502590676,0.02072538860103627
gf2^6_mult,385_2,9,4394,386,2,2,2,2,0,4,0,3,5,8,8,6,7,7,14,8,19,0.0051813471502590676,0.02072538860103627
gf2^6_mult,385_2,10,38,386,2,2,2,2,0,4,0,2,3,6,6,4,5,5,10,6,13,0.0051813471502590676,0.015544041450777202
gf2^6_mult,385_2,11,4397,386,2,2,2,2,0,4,0,3,5,8,8,6,7,7,14,8,19,0.0051813471502590676,0.02072538860103627
gf2^6_mult,385_2,12,1497,386,4,4,4,4,0,8,0,3,5,9,9,5,9,9,18,9,21,0.010362694300518135,0.023316062176165803
gf2^6_mult,385_2,13,4394,386,2,2,2,2,0,4,0,3,5,8,8,6,7,7,14,8,19,0.0051813471502590676,0.02072538860103627
gf2^6_mult,385_2,14,944,386,3,4,3,4,0,7,0,3,3,8,9,5,8,10,18,8,16,0.007772020725388601,0.02072538860103627
gf2^6_mult,385_2,15,959,387,4,3,4,3,0,7,0,3,3,9,8,5,10,8,18,9,17,0.0103359173126615,0.023255813953488372
gf2^6_mult,385_2,16,4358,386,2,2,2,2,0,4,0,3,5,8,8,6,7,7,14,8,19,0.0051813471502590676,0.02072538860103627
gf2^6_mult,385_2,17,1492,386,4,5,4,5,0,9,0,3,5,10,11,6,10,12,22,10,21,0.010362694300518135,0.025906735751295335
gf2^6_mult,385_2,18,4406,387,2,2,2,2,0,4,0,3,4,8,8,6,7,7,14,8,17,0.00516795865633075,0.020671834625323
gf2^6_mult,385_2,19,4394,387,2,2,2,2,0,4,0,3,5,8,8,6,7,7,14,8,19,0.00516795865633075,0.020671834625323
gf2^6_mult,385_2,20,4406,387,2,2,2,2,0,4,0,3,5,8,8,6,7,7,14,8,19,0.00516795865633075,0.020671834625323
gf2^6_mult,385_2,21,2910,387,5,4,5,4,0,9,0,3,5,11,10,6,12,10,22,11,22,0.012919896640826873,0.028423772609819122
gf2^6_mult,385_2,22,4394,386,2,2,2,2,0,4,0,3,5,8,8,6,7,7,14,8,19,0.0051813471502590676,0.02072538860103627
gf2^6_mult,385_2,23,4397,386,2,2,2,2,0,4,0,3,5,8,8,6,7,7,14,8,19,0.0051813471502590676,0.02072538860103627
gf2^6_mult,385_2,24,4409,386,2,2,2,2,0,4,0,3,5,8,8,6,7,7,14,8,19,0.0051813471502590676,0.02072538860103627
gf2^6_mult,385_2,25,4358,386,2,2,2,2,0,4,0,3,5,8,8,6,7,7,14,8,19,0.0051813471502590676,0.02072538860103627
gf2^6_mult,385_2,26,4349,386,2,2,2,2,0,4,0,3,5,8,8,6,7,7,14,8,20,0.0051813471502590676,0.02072538860103627
gf2^6_mult,385_2,27,4394,386,2,2,2,2,0,4,0,3,5,8,8,6,7,7,14,8,19,0.0051813471502590676,0.02072538860103627
gf2^6_mult,385_2,28,4358,386,2,2,2,2,0,4,0,3,5,8,8,6,7,7,14,8,19,0.0051813471502590676,0.02072538860103627
gf2^6_mult,385_2,29,819,386,3,2,3,2,0,5,0,3,4,9,8,6,9,7,16,9,19,0.007772020725388601,0.023316062176165803
gf2^6_mult,385_3,0,40,386,2,4,2,4,0,6,0,2,4,6,8,4,5,9,14,6,15,0.0051813471502590676,0.015544041450777202
gf2^6_mult,385_3,1,41,388,4,2,4,2,0,6,0,2,4,8,6,4,9,5,14,8,17,0.010309278350515464,0.020618556701030927
gf2^6_mult,385_3,2,4358,386,2,2,2,2,0,4,0,3,5,8,8,6,7,7,14,8,19,0.0051813471502590676,0.02072538860103627
gf2^6_mult,385_3,3,3416,386,2,3,2,3,0,5,0,3,5,8,9,6,7,9,16,8,17,0.0051813471502590676,0.02072538860103627
gf2^6_mult,385_3,4,4346,387,2,2,2,2,0,4,0,3,5,8,8,6,7,7,14,8,19,0.00516795865633075,0.020671834625323
gf2^6_mult,385_3,5,4373,387,2,2,2,2,0,4,0,3,4,8,8,6,7,7,14,8,15,0.00516795865633075,0.020671834625323
gf2^6_mult,385_3,6,1478,387,4,4,4,4,0,8,0,3,7,10,10,6,10,10,20,10,25,0.0103359173126615,0.025839793281653745
gf2^6_mult,385_3,7,3841,387,4,5,4,5,0,9,0,3,7,10,11,6,10,12,22,10,25,0.0103359173126615,0.025839793281653745
gf2^6_mult,385_3,8,3844,388,5,4,5,4,0,9,0,3,7,11,10,6,12,10,22,11,26,0.01288659793814433,0.028350515463917526
gf2^6_mult,385_3,9,823,387,3,2,3,2,0,5,0,3,5,9,8,6,9,7,16,9,18,0.007751937984496124,0.023255813953488372
gf2^6_mult,385_3,10,4409,386,2,2,2,2,0,4,0,3,4,8,8,6,7,7,14,8,18,0.0051813471502590676,0.02072538860103627
gf2^6_mult,385_3,11,4409,386,2,2,2,2,0,4,0,3,5,8,8,6,7,7,14,8,19,0.0051813471502590676,0.02072538860103627
gf2^6_mult,385_3,12,4409,386,2,2,2,2,0,4,0,3,4,8,8,6,7,7,14,8,16,0.0051813471502590676,0.02072538860103627
gf2^6_mult,385_3,13,3566,386,3,4,3,4,0,7,0,3,4,8,9,5,8,10,18,8,17,0.007772020725388601,0.02072538860103627
gf2^6_mult,385_3,14,126,387,3,3,3,3,0,6,0,2,4,7,7,4,7,7,14,7,15,0.007751937984496124,0.01808785529715762
gf2^6_mult,385_3,15,3307,387,5,5,5,5,0,10,0,3,4,10,10,5,11,11,22,10,18,0.012919896640826873,0.025839793281653745
gf2^6_mult,385_3,16,336,387,4,4,4,4,0,8,0,2,4,8,8,4,8,8,16,8,16,0.0103359173126615,0.020671834625323
gf2^6_mult,385_3,17,4367,387,3,2,3,2,0,5,0,3,4,9,8,6,9,7,16,9,18,0.007751937984496124,0.023255813953488372
gf2^6_mult,385_3,18,42,386,2,4,2,4,0,6,0,2,5,6,8,4,5,9,14,6,17,0.0051813471502590676,0.015544041450777202
gf2^6_mult,385_3,19,43,388,4,2,4,2,0,6,0,2,5,8,6,4,9,5,14,8,19,0.010309278350515464,0.020618556701030927
gf2^6_mult,385_3,20,42,386,2,4,2,4,0,6,0,2,5,6,8,4,5,9,14,6,15,0.0051813471502590676,0.015544041450777202
gf2^6_mult,385_3,21,41,388,4,2,4,2,0,6,0,2,5,8,6,4,9,5,14,8,17,0.010309278350515464,0.020618556701030927
gf2^6_mult,385_3,22,4358,386,2,2,2,2,0,4,0,3,5,8,8,6,7,7,14,8,18,0.0051813471502590676,0.02072538860103627
gf2^6_mult,385_3,23,4384,386,2,3,2,3,0,5,0,3,6,8,9,6,7,9,16,8,22,0.0051813471502590676,0.02072538860103627
gf2^6_mult,385_3,24,4353,387,3,2,3,2,0,5,0,3,6,9,8,6,9,7,16,9,23,0.007751937984496124,0.023255813953488372
gf2^6_mult,385_3,25,36,386,2,4,2,4,0,6,0,2,4,6,8,4,5,9,14,6,14,0.0051813471502590676,0.015544041450777202
gf2^6_mult,385_3,26,120,388,3,3,3,3,0,6,0,2,3,6,6,3,7,7,14,6,11,0.007731958762886598,0.015463917525773196
gf2^6_mult,385_3,27,120,388,3,3,3,3,0,6,0,2,3,6,6,3,7,7,14,6,11,0.007731958762886598,0.015463917525773196
gf2^6_mult,385_3,28,37,388,4,2,4,2,0,6,0,2,4,8,6,4,9,5,14,8,16,0.010309278350515464,0.020618556701030927
gf2^6_mult,385_3,29,3430,386,3,2,3,2,0,5,0,3,4,9,8,6,9,7,16,9,18,0.007772020725388601,0.023316062176165803
gf2^6_mult,386_1,0,4361,387,2,2,2,2,0,4,0,3,5,8,8,6,7,7,14,8,19,0.00516795865633075,0.020671834625323
gf2^6_mult,386_1,1,4346,387,2,2,2,2,0,4,0,3,5,8,8,6,7,7,14,8,21,0.00516795865633075,0.020671834625323
gf2^6_mult,386_1,2,4397,387,2,2,2,2,0,4,0,3,5,8,8,6,7,7,14,8,19,0.00516795865633075,0.020671834625323
gf2^6_mult,386_1,3,4363,387,2,3,2,3,0,5,0,3,5,8,9,6,7,9,16,8,19,0.00516795865633075,0.020671834625323
gf2^6_mult,386_1,4,4403,388,3,2,3,2,0,5,0,3,5,9,8,6,9,7,16,9,20,0.007731958762886598,0.023195876288659795
gf2^6_mult,386_1,5,4349,387,2,2,2,2,0,4,0,3,8,8,8,6,7,7,14,8,24,0.00516795865633075,0.020671834625323
gf2^6_mult,386_1,6,4358,387,2,2,2,2,0,4,0,3,4,8,8,6,7,7,14,8,17,0.00516795865633075,0.020671834625323
gf2^6_mult,386_1,7,819,387,3,2,3,2,0,5,0,3,4,9,8,6,9,7,16,9,19,0.007751937984496124,0.023255813953488372
gf2^6_mult,386_2,0,3434,387,2,3,2,3,0,5,0,3,4,8,9,6,7,9,16,8,20,0.00516795865633075,0.020671834625323
gf2^6_mult,386_2,1,38,388,2,2,2,2,0,4,0,2,4,6,6,4,5,5,10,6,14,0.005154639175257732,0.015463917525773196
gf2^6_mult,386_2,2,4433,388,4,3,4,3,0,7,0,3,4,9,8,5,10,8,18,9,21,0.010309278350515464,0.023195876288659795
gf2^6_mult,386_2,3,4397,387,2,2,2,2,0,4,0,3,5,8,8,6,7,7,14,8,19,0.00516795865633075,0.020671834625323
gf2^6_mult,386_2,4,4409,387,2,2,2,2,0,4,0,3,5,8,8,6,7,7,14,8,19,0.00516795865633075,0.020671834625323
gf2^6_mult,386_2,5,4397,387,2,2,2,2,0,4,0,3,3,8,8,6,7,7,14,8,16,0.00516795865633075,0.020671834625323
gf2^6_mult,386_2,6,4361,387,2,2,2,2,0,4,0,3,5,8,8,6,7,7,14,8,19,0.00516795865633075,0.020671834625323
gf2^6_mult,386_2,7,1535,387,4,4,4,4,0,8,0,3,4,10,10,6,10,10,20,10,23,0.0103359173126615,0.025839793281653745
gf2^6_mult,386_2,8,1535,387,4,4,4,4,0,8,0,3,5,10,10,6,10,10,20,10,22,0.0103359173126615,0.025839793281653745
gf2^6_mult,386_2,9,819,387,3,2,3,2,0,5,0,3,4,9,8,6,9,7,16,9,19,0.007751937984496124,0.023255813953488372
gf2^6_mult,386_3,0,936,387,3,4,3,4,0,7,0,3,5,8,9,5,8,10,18,8,20,0.007751937984496124,0.020671834625323
gf2^6_mult,386_3,1,819,388,3,2,3,2,0,5,0,3,5,9,8,6,9,7,16,9,20,0.007731958762886598,0.023195876288659795
gf2^6_mult,386_3,2,4406,387,2,2,2,2,0,4,0,3,5,8,8,6,7,7,14,8,19,0.00516795865633075,0.020671834625323
gf2^6_mult,386_3,3,120,387,3,3,3,3,0,6,0,2,5,7,7,4,7,7,14,7,19,0.007751937984496124,0.01808785529715762
gf2^6_mult,386_3,4,4406,387,2,2,2,2,0,4,0,3,4,8,8,6,7,7,14,8,19,0.00516795865633075,0.020671834625323
gf2^6_mult,386_3,5,4358,387,2,2,2,2,0,4,0,3,5,8,8,6,7,7,14,8,20,0.00516795865633075,0.020671834625323
gf2^6_mult,386_3,6,4370,387,2,2,2,2,0,4,0,3,8,8,8,6,7,7,14,8,24,0.00516795865633075,0.020671834625323
gf2^6_mult,386_3,7,4406,387,2,2,2,2,0,4,0,3,4,8,8,6,7,7,14,8,17,0.00516795865633075,0.020671834625323
gf2^6_mult,386_3,8,36,387,2,4,2,4,0,6,0,2,4,6,8,4,5,9,14,6,16,0.00516795865633075,0.015503875968992248
gf2^6_mult,386_3,9,120,389,3,3,3,3,0,6,0,2,2,6,6,3,7,7,14,6,12,0.007712082262210797,0.015424164524421594
gf2^6_mult,386_3,10,4676,389,2,0,2,0,0,2,0,2,4,6,4,4,6,2,8,6,14,0.005141388174807198,0.015424164524421594
gf2^6_mult,386_3,11,4382,387,2,2,2,2,0,4,0,3,6,8,8,6,7,7,14,8,21,0.00516795865633075,0.020671834625323
gf2^6_mult,386_3,12,4358,387,2,2,2,2,0,4,0,3,5,8,8,6,7,7,14,8,19,0.00516795865633075,0.020671834625323
gf2^6_mult,386_3,13,4397,387,2,2,2,2,0,4,0,3,4,8,8,6,7,7,14,8,18,0.00516795865633075,0.020671834625323
gf2^6_mult,386_3,14,4358,387,2,2,2,2,0,4,0,3,4,8,8,6,7,7,14,8,17,0.00516795865633075,0.020671834625323
gf2^6_mult,386_3,15,4346,387,2,2,2,2,0,4,0,3,7,8,8,6,7,7,14,8,22,0.00516795865633075,0.020671834625323
gf2^6_mult,386_3,16,3416,387,2,3,2,3,0,5,0,3,4,8,9,6,7,9,16,8,20,0.00516795865633075,0.020671834625323
gf2^6_mult,386_3,17,44,388,2,2,2,2,0,4,0,2,4,6,6,4,5,5,10,6,14,0.005154639175257732,0.015463917525773196
gf2^6_mult,386_3,18,3566,388,3,4,3,4,0,7,0,3,3,8,9,5,8,10,18,8,16,0.007731958762886598,0.020618556701030927
gf2^6_mult,386_3,19,1483,389,4,3,4,3,0,7,0,3,3,9,8,5,10,8,18,9,17,0.010282776349614395,0.02313624678663239
gf2^6_mult,386_3,20,4397,388,2,2,2,2,0,4,0,3,5,8,8,6,7,7,14,8,19,0.005154639175257732,0.020618556701030927
gf2^6_mult,386_3,21,1535,388,4,4,4,4,0,8,0,3,4,10,10,6,10,10,20,10,23,0.010309278350515464,0.02577319587628866
gf2^6_mult,386_3,22,39,388,2,2,2,2,0,4,0,2,4,6,6,4,5,5,10,6,14,0.005154639175257732,0.015463917525773196
gf2^6_mult,386_3,23,38,388,2,2,2,2,0,4,0,2,4,6,6,4,5,5,10,6,14,0.005154639175257732,0.015463917525773196
gf2^6_mult,386_3,24,4349,388,2,2,2,2,0,4,0,3,5,8,8,6,7,7,14,8,19,0.005154639175257732,0.020618556701030927
gf2^6_mult,386_3,25,4358,388,2,2,2,2,0,4,0,3,6,8,8,6,7,7,14,8,21,0.005154639175257732,0.020618556701030927
gf2^6_mult,386_3,26,4382,388,2,2,2,2,0,4,0,3,5,8,8,6,7,7,14,8,20,0.005154639175257732,0.020618556701030927
gf2^6_mult,386_3,27,937,388,4,3,4,3,0,7,0,3,4,9,8,5,10,8,18,9,21,0.010309278350515464,0.023195876288659795
gf2^6_mult,386_3,28,1535,387,4,4,4,4,0,8,0,3,5,10,10,6,10,10,20,10,22,0.0103359173126615,0.025839793281653745
gf2^6_mult,386_3,29,819,387,3,2,3,2,0,5,0,3,4,9,8,6,9,7,16,9,19,0.007751937984496124,0.023255813953488372
gf2^6_mult,386_4,0,1512,387,4,5,4,5,0,9,0,3,4,10,11,6,10,12,22,10,20,0.0103359173126615,0.025839793281653745
gf2^6_mult,386_4,1,1535,388,4,4,4,4,0,8,0,3,5,10,10,6,10,10,20,10,22,0.010309278350515464,0.02577319587628866
gf2^6_mult,386_4,2,1564,388,4,4,4,4,0,8,0,3,7,10,10,6,10,10,20,10,26,0.010309278350515464,0.02577319587628866
gf2^6_mult,386_4,3,1470,388,4,4,4,4,0,8,0,3,4,9,9,5,10,10,20,9,19,0.010309278350515464,0.023195876288659795
gf2^6_mult,386_4,4,941,388,4,3,4,3,0,7,0,3,4,9,8,5,10,8,18,9,17,0.010309278350515464,0.023195876288659795
gf2^6_mult,386_4,5,44,387,2,2,2,2,0,4,0,2,3,6,6,4,5,5,10,6,15,0.00516795865633075,0.015503875968992248
gf2^6_mult,386_4,6,4409,387,2,2,2,2,0,4,0,3,3,8,8,6,7,7,14,8,16,0.00516795865633075,0.020671834625323
gf2^6_mult,386_4,7,120,387,3,3,3,3,0,6,0,2,4,7,7,4,7,7,14,7,17,0.007751937984496124,0.01808785529715762
gf2^6_mult,386_4,8,4358,387,2,2,2,2,0,4,0,3,5,8,8,6,7,7,14,8,19,0.00516795865633075,0.020671834625323
gf2^6_mult,386_4,9,3566,387,3,4,3,4,0,7,0,3,4,8,9,5,8,10,18,8,16,0.007751937984496124,0.020671834625323
gf2^6_mult,386_4,10,941,388,4,3,4,3,0,7,0,3,4,9,8,5,10,8,18,9,17,0.010309278350515464,0.023195876288659795
gf2^6_mult,386_4,11,4394,387,2,2,2,2,0,4,0,3,5,8,8,6,7,7,14,8,19,0.00516795865633075,0.020671834625323
gf2^6_mult,386_4,12,4346,387,2,2,2,2,0,4,0,3,4,8,8,6,7,7,14,8,17,0.00516795865633075,0.020671834625323
gf2^6_mult,386_4,13,4361,387,2,2,2,2,0,4,0,3,5,8,8,6,7,7,14,8,19,0.00516795865633075,0.020671834625323
gf2^6_mult,386_4,14,819,387,3,2,3,2,0,5,0,3,4,9,8,6,9,7,16,9,19,0.007751937984496124,0.023255813953488372
gf2^6_mult,386_5,0,4358,387,2,2,2,2,0,4,0,3,5,8,8,6,7,7,14,8,18,0.00516795865633075,0.020671834625323
gf2^6_mult,386_5,1,3566,387,3,4,3,4,0,7,0,3,3,8,9,5,8,10,18,8,16,0.007751937984496124,0.020671834625323
gf2^6_mult,386_5,2,942,388,3,4,3,4,0,7,0,3,3,8,9,5,8,10,18,8,16,0.007731958762886598,0.020618556701030927
gf2^6_mult,386_5,3,4664,389,2,0,2,0,0,2,0,2,3,6,4,4,6,2,8,6,11,0.005141388174807198,0.015424164524421594
gf2^6_mult,386_5,4,3417,387,2,3,2,3,0,5,0,3,6,8,9,6,7,9,16,8,21,0.00516795865633075,0.020671834625323
gf2^6_mult,386_5,5,3420,388,3,2,3,2,0,5,0,3,6,9,8,6,9,7,16,9,22,0.007731958762886598,0.023195876288659795
gf2^6_mult,386_5,6,4397,387,2,2,2,2,0,4,0,3,6,8,8,6,7,7,14,8,22,0.00516795865633075,0.020671834625323
gf2^6_mult,386_5,7,814,387,2,3,2,3,0,5,0,3,4,8,9,6,7,9,16,8,17,0.00516795865633075,0.020671834625323
gf2^6_mult,386_5,8,38,388,2,2,2,2,0,4,0,2,3,6,6,4,5,5,10,6,12,0.005154639175257732,0.015463917525773196
gf2^6_mult,386_5,9,4385,388,2,2,2,2,0,4,0,3,3,7,7,5,7,7,14,7,12,0.005154639175257732,0.01804123711340206
gf2^6_mult,386_5,10,3430,388,3,2,3,2,0,5,0,3,4,9,8,6,9,7,16,9,17,0.007731958762886598,0.023195876288659795
gf2^6_mult,386_5,11,4361,387,2,2,2,2,0,4,0,3,5,8,8,6,7,7,14,8,19,0.00516795865633075,0.020671834625323
gf2^6_mult,386_5,12,1482,387,3,4,3,4,0,7,0,3,6,9,10,6,8,10,18,9,24,0.007751937984496124,0.023255813953488372
gf2^6_mult,386_5,13,3568,388,4,3,4,3,0,7,0,3,6,10,9,6,10,8,18,10,25,0.010309278350515464,0.02577319587628866
gf2^6_mult,386_5,14,942,387,3,4,3,4,0,7,0,3,4,8,9,5,8,10,18,8,17,0.007751937984496124,0.020671834625323
gf2^6_mult,386_5,15,3430,388,3,2,3,2,0,5,0,3,4,9,8,6,9,7,16,9,19,0.007731958762886598,0.023195876288659795
gf2^6_mult,386_5,16,819,387,3,2,3,2,0,5,0,3,4,9,8,6,9,7,16,9,19,0.007751937984496124,0.023255813953488372
gf2^6_mult,387_0,0,819,389,3,2,3,2,0,5,0,3,4,9,8,6,9,7,16,9,19,0.007712082262210797,0.02313624678663239
gf2^6_mult,387_0,1,4397,388,2,2,2,2,0,4,0,3,4,8,8,6,7,7,14,8,18,0.005154639175257732,0.020618556701030927
gf2^6_mult,387_0,2,4358,388,2,2,2,2,0,4,0,3,4,8,8,6,7,7,14,8,17,0.005154639175257732,0.020618556701030927
gf2^6_mult,387_0,3,4409,388,2,2,2,2,0,4,0,3,4,8,8,6,7,7,14,8,18,0.005154639175257732,0.020618556701030927
gf2^6_mult,387_0,4,819,388,3,2,3,2,0,5,0,3,5,9,8,6,9,7,16,9,20,0.007731958762886598,0.023195876288659795
gf2^6_mult,387_3,0,4361,390,2,2,2,2,0,4,0,3,3,8,8,6,7,7,14,8,16,0.005128205128205128,0.020512820512820513
gf2^6_mult,387_3,1,819,390,3,2,3,2,0,5,0,3,4,9,8,6,9,7,16,9,19,0.007692307692307693,0.023076923076923078
gf2^6_mult,387_3,2,24,389,2,4,2,4,0,6,0,2,3,5,7,3,4,6,10,5,12,0.005141388174807198,0.012853470437017995
gf2^6_mult,387_3,3,23,391,4,2,4,2,0,6,0,2,3,7,5,3,6,4,10,7,14,0.010230179028132993,0.017902813299232736
gf2^6_mult,387_3,4,4360,389,2,3,2,3,0,5,0,3,3,8,9,6,7,9,16,8,16,0.005141388174807198,0.02056555269922879
gf2^6_mult,387_3,5,4368,390,3,2,3,2,0,5,0,3,3,9,8,6,9,7,16,9,17,0.007692307692307693,0.023076923076923078
gf2^6_mult,387_3,6,819,389,3,2,3,2,0,5,0,3,4,9,8,6,9,7,16,9,19,0.007712082262210797,0.02313624678663239
gf2^6_mult,387_3,7,44,388,2,2,2,2,0,4,0,2,3,6,6,4,5,5,10,6,15,0.005154639175257732,0.015463917525773196
gf2^6_mult,387_3,8,3416,388,2,3,2,3,0,5,0,3,5,8,9,6,7,9,16,8,20,0.005154639175257732,0.020618556701030927
gf2^6_mult,387_3,9,3436,389,3,2,3,2,0,5,0,3,5,9,8,6,9,7,16,9,21,0.007712082262210797,0.02313624678663239
gf2^6_mult,387_3,10,3560,388,3,4,3,4,0,7,0,3,3,8,9,5,8,10,18,8,17,0.007731958762886598,0.020618556701030927
gf2^6_mult,387_3,11,937,389,4,3,4,3,0,7,0,3,3,9,8,5,10,8,18,9,18,0.010282776349614395,0.02313624678663239
gf2^6_mult,387_3,12,4361,388,2,2,2,2,0,4,0,3,3,8,8,6,7,7,14,8,16,0.005154639175257732,0.020618556701030927
gf2^6_mult,387_3,13,4406,388,2,2,2,2,0,4,0,3,4,8,8,6,7,7,14,8,17,0.005154639175257732,0.020618556701030927
gf2^6_mult,387_3,14,819,388,3,2,3,2,0,5,0,3,4,9,8,6,9,7,16,9,19,0.007731958762886598,0.023195876288659795
gf2^6_mult,388_0,0,4361,389,2,2,2,2,0,4,0,3,5,8,8,6,7,7,14,8,18,0.005141388174807198,0.02056555269922879
gf2^6_mult,388_0,1,3554,389,3,4,3,4,0,7,0,3,4,7,8,4,7,9,16,7,16,0.007712082262210797,0.017994858611825194
gf2^6_mult,388_0,2,943,390,4,3,4,3,0,7,0,3,4,8,7,4,9,7,16,8,17,0.010256410256410256,0.020512820512820513
gf2^6_mult,388_0,3,940,389,3,4,3,4,0,7,0,3,4,8,9,5,8,10,18,8,16,0.007712082262210797,0.02056555269922879
gf2^6_mult,388_0,4,959,390,4,3,4,3,0,7,0,3,4,9,8,5,10,8,18,9,17,0.010256410256410256,0.023076923076923078
gf2^6_mult,388_0,5,4362,389,2,3,2,3,0,5,0,3,5,8,9,6,7,9,16,8,19,0.005141388174807198,0.02056555269922879
gf2^6_mult,388_0,6,4404,390,3,2,3,2,0,5,0,3,5,9,8,6,9,7,16,9,20,0.007692307692307693,0.023076923076923078
gf2^6_mult,388_0,7,4397,389,2,2,2,2,0,4,0,3,3,8,8,6,7,7,14,8,16,0.005141388174807198,0.02056555269922879
gf2^6_mult,388_0,8,819,389,3,2,3,2,0,5,0,3,4,9,8,6,9,7,16,9,19,0.007712082262210797,0.02313624678663239
gf2^6_mult,388_1,0,4361,389,2,2,2,2,0,4,0,3,3,8,8,6,7,7,14,8,16,0.005141388174807198,0.02056555269922879
gf2^6_mult,388_1,1,819,389,3,2,3,2,0,5,0,3,4,9,8,6,9,7,16,9,19,0.007712082262210797,0.02313624678663239
gf2^6_mult,388_2,0,4409,390,2,2,2,2,0,4,0,3,5,8,8,6,7,7,14,8,18,0.005128205128205128,0.020512820512820513
gf2^6_mult,388_2,1,944,390,3,4,3,4,0,7,0,3,3,8,9,5,8,10,18,8,16,0.007692307692307693,0.020512820512820513
gf2^6_mult,388_2,2,941,391,4,3,4,3,0,7,0,3,3,9,8,5,10,8,18,9,17,0.010230179028132993,0.023017902813299233
gf2^6_mult,388_2,3,4361,390,2,2,2,2,0,4,0,3,3,8,8,6,7,7,14,8,16,0.005128205128205128,0.020512820512820513
gf2^6_mult,388_2,4,1535,390,4,4,4,4,0,8,0,3,4,10,10,6,10,10,20,10,23,0.010256410256410256,0.02564102564102564
gf2^6_mult,388_2,5,819,390,3,2,3,2,0,5,0,3,4,9,8,6,9,7,16,9,19,0.007692307692307693,0.023076923076923078
gf2^6_mult,388_2,6,4397,389,2,2,2,2,0,4,0,3,3,8,8,6,7,7,14,8,16,0.005141388174807198,0.02056555269922879
gf2^6_mult,388_2,7,4406,389,2,2,2,2,0,4,0,3,5,8,8,6,7,7,14,8,19,0.005141388174807198,0.02056555269922879
gf2^6_mult,388_2,8,819,389,3,2,3,2,0,5,0,3,4,9,8,6,9,7,16,9,19,0.007712082262210797,0.02313624678663239
gf2^6_mult,388_3,0,4361,390,2,2,2,2,0,4,0,3,3,8,8,6,7,7,14,8,16,0.005128205128205128,0.020512820512820513
gf2^6_mult,388_3,1,819,390,3,2,3,2,0,5,0,3,4,9,8,6,9,7,16,9,19,0.007692307692307693,0.023076923076923078
gf2^6_mult,388_3,2,24,389,2,4,2,4,0,6,0,2,3,5,7,3,4,6,10,5,12,0.005141388174807198,0.012853470437017995
gf2^6_mult,388_3,3,23,391,4,2,4,2,0,6,0,2,3,7,5,3,6,4,10,7,14,0.010230179028132993,0.017902813299232736
gf2^6_mult,388_3,4,4360,389,2,3,2,3,0,5,0,3,3,8,9,6,7,9,16,8,16,0.005141388174807198,0.02056555269922879
gf2^6_mult,388_3,5,4368,390,3,2,3,2,0,5,0,3,3,9,8,6,9,7,16,9,17,0.007692307692307693,0.023076923076923078
gf2^6_mult,388_3,6,819,389,3,2,3,2,0,5,0,3,4,9,8,6,9,7,16,9,19,0.007712082262210797,0.02313624678663239
gf2^6_mult,388_4,0,808,389,2,3,2,3,0,5,0,3,4,8,9,6,7,9,16,8,20,0.005141388174807198,0.02056555269922879
gf2^6_mult,388_4,1,809,390,3,2,3,2,0,5,0,3,4,9,8,6,9,7,16,9,21,0.007692307692307693,0.023076923076923078
gf2^6_mult,388_4,2,4361,389,2,2,2,2,0,4,0,3,3,8,8,6,7,7,14,8,16,0.005141388174807198,0.02056555269922879
gf2^6_mult,388_4,3,24,389,2,4,2,4,0,6,0,2,3,5,7,3,4,6,10,5,12,0.005141388174807198,0.012853470437017995
gf2^6_mult,388_4,4,23,391,4,2,4,2,0,6,0,2,3,7,5,3,6,4,10,7,14,0.010230179028132993,0.017902813299232736
gf2^6_mult,388_4,5,819,389,3,2,3,2,0,5,0,3,4,9,8,6,9,7,16,9,19,0.007712082262210797,0.02313624678663239
gf2^6_mult,388_5,0,1482,390,3,4,3,4,0,7,0,3,5,9,10,6,8,10,18,9,20,0.007692307692307693,0.023076923076923078
gf2^6_mult,388_5,1,941,391,4,3,4,3,0,7,0,3,5,10,9,6,10,8,18,10,21,0.010230179028132993,0.02557544757033248
gf2^6_mult,388_5,2,4430,390,3,4,3,4,0,7,0,3,4,8,9,5,8,10,18,8,20,0.007692307692307693,0.020512820512820513
gf2^6_mult,388_5,3,819,391,3,2,3,2,0,5,0,3,5,9,8,6,9,7,16,9,20,0.0076726342710997444,0.023017902813299233
gf2^6_mult,388_5,4,1482,390,3,4,3,4,0,7,0,3,4,9,10,6,8,10,18,9,19,0.007692307692307693,0.023076923076923078
gf2^6_mult,388_5,5,945,391,4,3,4,3,0,7,0,3,4,10,9,6,10,8,18,10,20,0.010230179028132993,0.02557544757033248
gf2^6_mult,388_5,6,4397,390,2,2,2,2,0,4,0,3,4,8,8,6,7,7,14,8,15,0.005128205128205128,0.020512820512820513
gf2^6_mult,388_5,7,4410,390,2,3,2,3,0,5,0,3,6,8,9,6,7,9,16,8,21,0.005128205128205128,0.020512820512820513
gf2^6_mult,388_5,8,4364,391,3,2,3,2,0,5,0,3,6,9,8,6,9,7,16,9,22,0.0076726342710997444,0.023017902813299233
gf2^6_mult,388_5,9,4358,390,2,2,2,2,0,4,0,3,4,8,8,6,7,7,14,8,16,0.005128205128205128,0.020512820512820513
gf2^6_mult,388_5,10,4394,390,2,2,2,2,0,4,0,3,4,8,8,6,7,7,14,8,16,0.005128205128205128,0.020512820512820513
gf2^6_mult,388_5,11,4409,390,2,2,2,2,0,4,0,3,4,8,8,6,7,7,14,8,18,0.005128205128205128,0.020512820512820513
gf2^6_mult,388_5,12,819,390,3,2,3,2,0,5,0,3,4,9,8,6,9,7,16,9,20,0.007692307692307693,0.023076923076923078
gf2^6_mult,388_5,13,936,389,3,4,3,4,0,7,0,3,3,8,9,5,8,10,18,8,17,0.007712082262210797,0.02056555269922879
gf2^6_mult,388_5,14,937,390,4,3,4,3,0,7,0,3,3,9,8,5,10,8,18,9,18,0.010256410256410256,0.023076923076923078
gf2^6_mult,388_5,15,4374,389,2,3,2,3,0,5,0,3,4,7,8,5,7,9,16,7,17,0.005141388174807198,0.017994858611825194
gf2^6_mult,388_5,16,3805,390,4,4,4,4,0,8,0,3,4,9,9,5,10,10,20,9,17,0.010256410256410256,0.023076923076923078
gf2^6_mult,388_5,17,3576,390,5,3,5,3,0,8,0,3,5,11,9,6,12,8,20,11,23,0.01282051282051282,0.028205128205128206
gf2^6_mult,389_0,0,1492,390,4,5,4,5,0,9,0,3,4,10,11,6,10,12,22,10,20,0.010256410256410256,0.02564102564102564
gf2^6_mult,389_0,1,4361,391,2,2,2,2,0,4,0,3,3,8,8,6,7,7,14,8,16,0.005115089514066497,0.020460358056265986
gf2^6_mult,389_0,2,2910,391,5,4,5,4,0,9,0,3,4,11,10,6,12,10,22,11,21,0.01278772378516624,0.028132992327365727
gf2^6_mult,389_0,3,819,390,3,2,3,2,0,5,0,3,4,9,8,6,9,7,16,9,19,0.007692307692307693,0.023076923076923078
gf2^6_mult,389_1,0,944,390,3,4,3,4,0,7,0,3,3,8,9,5,8,10,18,8,16,0.007692307692307693,0.020512820512820513
gf2^6_mult,389_1,1,941,391,4,3,4,3,0,7,0,3,3,9,8,5,10,8,18,9,17,0.010230179028132993,0.023017902813299233
gf2^6_mult,389_1,2,4394,390,2,2,2,2,0,4,0,3,4,8,8,6,7,7,14,8,18,0.005128205128205128,0.020512820512820513
gf2^6_mult,389_1,3,4361,390,2,2,2,2,0,4,0,3,3,8,8,6,7,7,14,8,16,0.005128205128205128,0.020512820512820513
gf2^6_mult,389_1,4,819,390,3,2,3,2,0,5,0,3,4,9,8,6,9,7,16,9,19,0.007692307692307693,0.023076923076923078
gf2^6_mult,389_2,0,944,390,3,4,3,4,0,7,0,3,3,8,9,5,8,10,18,8,16,0.007692307692307693,0.020512820512820513
gf2^6_mult,389_2,1,1483,391,4,3,4,3,0,7,0,3,3,9,8,5,10,8,18,9,17,0.010230179028132993,0.023017902813299233
gf2^6_mult,389_2,2,819,390,3,2,3,2,0,5,0,3,4,9,8,6,9,7,16,9,19,0.007692307692307693,0.023076923076923078
gf2^6_mult,389_3,0,4361,390,2,2,2,2,0,4,0,3,3,8,8,6,7,7,14,8,16,0.005128205128205128,0.020512820512820513
gf2^6_mult,389_3,1,819,390,3,2,3,2,0,5,0,3,4,9,8,6,9,7,16,9,19,0.007692307692307693,0.023076923076923078
gf2^6_mult,389_4,0,4382,390,2,2,2,2,0,4,0,3,5,8,8,6,7,7,14,8,21,0.005128205128205128,0.020512820512820513
gf2^6_mult,389_4,1,4406,390,2,2,2,2,0,4,0,3,3,8,8,6,7,7,14,8,16,0.005128205128205128,0.020512820512820513
gf2^6_mult,389_4,2,819,390,3,2,3,2,0,5,0,3,4,9,8,6,9,7,16,9,19,0.007692307692307693,0.023076923076923078
gf2^6_mult,389_5,0,1482,390,3,4,3,4,0,7,0,3,5,9,10,6,8,10,18,9,20,0.007692307692307693,0.023076923076923078
gf2^6_mult,389_5,1,941,391,4,3,4,3,0,7,0,3,5,10,9,6,10,8,18,10,21,0.010230179028132993,0.02557544757033248
gf2^6_mult,389_5,2,4430,390,3,4,3,4,0,7,0,3,4,8,9,5,8,10,18,8,20,0.007692307692307693,0.020512820512820513
gf2^6_mult,389_5,3,819,391,3,2,3,2,0,5,0,3,5,9,8,6,9,7,16,9,20,0.0076726342710997444,0.023017902813299233
gf2^6_mult,389_5,4,1482,390,3,4,3,4,0,7,0,3,4,9,10,6,8,10,18,9,19,0.007692307692307693,0.023076923076923078
gf2^6_mult,389_5,5,945,391,4,3,4,3,0,7,0,3,4,10,9,6,10,8,18,10,20,0.010230179028132993,0.02557544757033248
gf2^6_mult,389_5,6,4397,390,2,2,2,2,0,4,0,3,4,8,8,6,7,7,14,8,15,0.005128205128205128,0.020512820512820513
gf2^6_mult,389_5,7,4410,390,2,3,2,3,0,5,0,3,6,8,9,6,7,9,16,8,21,0.005128205128205128,0.020512820512820513
gf2^6_mult,389_5,8,4364,391,3,2,3,2,0,5,0,3,6,9,8,6,9,7,16,9,22,0.0076726342710997444,0.023017902813299233
gf2^6_mult,389_5,9,4358,390,2,2,2,2,0,4,0,3,4,8,8,6,7,7,14,8,16,0.005128205128205128,0.020512820512820513
gf2^6_mult,389_5,10,4394,390,2,2,2,2,0,4,0,3,4,8,8,6,7,7,14,8,16,0.005128205128205128,0.020512820512820513
gf2^6_mult,389_5,11,4409,390,2,2,2,2,0,4,0,3,4,8,8,6,7,7,14,8,18,0.005128205128205128,0.020512820512820513
gf2^6_mult,389_5,12,819,390,3,2,3,2,0,5,0,3,4,9,8,6,9,7,16,9,20,0.007692307692307693,0.023076923076923078
gf2^6_mult,390_0,0,4358,401,2,2,2,2,0,4,0,3,4,8,8,6,7,7,14,8,17,0.004987531172069825,0.0199501246882793
gf2^6_mult,390_0,1,4371,401,2,3,2,3,0,5,0,3,4,8,9,6,7,9,16,8,19,0.004987531172069825,0.0199501246882793
gf2^6_mult,390_0,2,4397,402,2,2,2,2,0,4,0,3,3,7,7,5,7,7,14,7,13,0.004975124378109453,0.017412935323383085
gf2^6_mult,390_0,3,4694,402,2,0,2,0,0,2,0,2,3,6,4,4,6,2,8,6,13,0.004975124378109453,0.014925373134328358
gf2^6_mult,390_0,4,21,400,4,2,4,2,0,6,0,2,4,8,6,4,7,5,12,8,18,0.01,0.02
gf2^6_mult,390_0,5,21,398,4,2,4,2,0,6,0,2,6,8,6,4,7,5,12,8,20,0.010050251256281407,0.020100502512562814
gf2^6_mult,390_0,6,4382,396,2,2,2,2,0,4,0,3,5,8,8,6,7,7,14,8,21,0.005050505050505051,0.020202020202020204
gf2^6_mult,390_0,7,4361,396,2,2,2,2,0,4,0,3,4,8,8,6,7,7,14,8,17,0.005050505050505051,0.020202020202020204
gf2^6_mult,390_0,8,4409,396,2,2,2,2,0,4,0,3,6,8,8,6,7,7,14,8,19,0.005050505050505051,0.020202020202020204
gf2^6_mult,390_0,9,4373,396,2,2,2,2,0,4,0,3,5,8,8,6,7,7,14,8,20,0.005050505050505051,0.020202020202020204
gf2^6_mult,390_0,10,4350,396,2,3,2,3,0,5,0,3,6,8,9,6,7,9,16,8,22,0.005050505050505051,0.020202020202020204
gf2^6_mult,390_0,11,4380,397,3,2,3,2,0,5,0,3,6,9,8,6,9,7,16,9,23,0.007556675062972292,0.022670025188916875
gf2^6_mult,390_0,12,4349,396,2,2,2,2,0,4,0,3,5,8,8,6,7,7,14,8,21,0.005050505050505051,0.020202020202020204
gf2^6_mult,390_0,13,27,396,4,2,4,2,0,6,0,2,5,8,6,4,7,5,12,8,18,0.010101010101010102,0.020202020202020204
gf2^6_mult,390_0,14,21,394,4,2,4,2,0,6,0,2,6,8,6,4,7,5,12,8,19,0.01015228426395939,0.02030456852791878
gf2^6_mult,390_0,15,21,392,4,2,4,2,0,6,0,2,4,7,5,3,6,4,10,7,13,0.01020408163265306,0.017857142857142856
gf2^6_mult,390_2,0,4409,397,2,2,2,2,0,4,0,3,4,8,8,6,7,7,14,8,17,0.005037783375314861,0.020151133501259445
gf2^6_mult,390_2,1,4358,397,2,2,2,2,0,4,0,3,3,8,8,6,7,7,14,8,16,0.005037783375314861,0.020151133501259445
gf2^6_mult,390_2,2,819,397,3,2,3,2,0,5,0,3,4,9,8,6,9,7,16,9,19,0.007556675062972292,0.022670025188916875
gf2^6_mult,390_2,3,21,396,4,2,4,2,0,6,0,2,5,8,6,4,7,5,12,8,18,0.010101010101010102,0.020202020202020204
gf2^6_mult,390_2,4,27,394,4,2,4,2,0,6,0,2,6,8,6,4,7,5,12,8,19,0.01015228426395939,0.02030456852791878
gf2^6_mult,390_2,5,21,392,4,2,4,2,0,6,0,2,4,7,5,3,6,4,10,7,13,0.01020408163265306,0.017857142857142856
gf2^6_mult,390_5,0,27,395,4,2,4,2,0,6,0,2,6,8,6,4,7,5,12,8,19,0.010126582278481013,0.020253164556962026
gf2^6_mult,390_5,1,58,393,3,3,3,3,0,6,0,2,3,6,6,3,5,5,10,6,10,0.007633587786259542,0.015267175572519083
gf2^6_mult,390_5,2,4656,393,2,0,2,0,0,2,0,1,3,4,2,2,3,1,4,4,10,0.005089058524173028,0.010178117048346057
gf2^6_mult,390_5,3,4361,391,2,2,2,2,0,4,0,3,4,8,8,6,7,7,14,8,17,0.005115089514066497,0.020460358056265986
gf2^6_mult,390_5,4,4361,391,2,2,2,2,0,4,0,3,3,8,8,6,7,7,14,8,16,0.005115089514066497,0.020460358056265986
gf2^6_mult,390_5,5,4382,391,2,2,2,2,0,4,0,3,5,8,8,6,7,7,14,8,20,0.005115089514066497,0.020460358056265986
gf2^6_mult,390_5,6,819,391,3,2,3,2,0,5,0,3,4,9,8,6,9,7,16,9,19,0.0076726342710997444,0.023017902813299233
gf2^6_mult,391_1,0,4406,397,2,2,2,2,0,4,0,3,4,8,8,6,7,7,14,8,17,0.005037783375314861,0.020151133501259445
gf2^6_mult,391_1,1,4361,397,2,2,2,2,0,4,0,3,4,8,8,6,7,7,14,8,17,0.005037783375314861,0.020151133501259445
gf2^6_mult,391_1,2,4406,397,2,2,2,2,0,4,0,3,4,8,8,6,7,7,14,8,17,0.005037783375314861,0.020151133501259445
gf2^6_mult,391_1,3,4361,397,2,2,2,2,0,4,0,3,4,8,8,6,7,7,14,8,17,0.005037783375314861,0.020151133501259445
gf2^6_mult,391_1,4,4346,397,2,2,2,2,0,4,0,3,5,8,8,6,7,7,14,8,20,0.005037783375314861,0.020151133501259445
gf2^6_mult,391_1,5,4371,397,2,3,2,3,0,5,0,3,5,8,9,6,7,9,16,8,20,0.005037783375314861,0.020151133501259445
gf2^6_mult,391_1,6,4376,398,3,2,3,2,0,5,0,3,5,9,8,6,9,7,16,9,21,0.007537688442211055,0.022613065326633167
gf2^6_mult,391_1,7,21,397,4,2,4,2,0,6,0,2,5,8,6,4,7,5,12,8,18,0.010075566750629723,0.020151133501259445
gf2^6_mult,391_1,8,21,395,4,2,4,2,0,6,0,2,6,8,6,4,7,5,12,8,19,0.010126582278481013,0.020253164556962026
gf2^6_mult,391_1,9,21,393,4,2,4,2,0,6,0,2,4,7,5,3,6,4,10,7,13,0.010178117048346057,0.017811704834605598
gf2^6_mult,391_3,0,4346,401,2,2,2,2,0,4,0,3,5,8,8,6,7,7,14,8,21,0.004987531172069825,0.0199501246882793
gf2^6_mult,391_3,1,4394,401,2,2,2,2,0,4,0,3,4,8,8,6,7,7,14,8,17,0.004987531172069825,0.0199501246882793
gf2^6_mult,391_3,2,4406,401,2,2,2,2,0,4,0,3,4,8,8,6,7,7,14,8,17,0.004987531172069825,0.0199501246882793
gf2^6_mult,391_3,3,4409,401,2,2,2,2,0,4,0,3,4,8,8,6,7,7,14,8,16,0.004987531172069825,0.0199501246882793
gf2^6_mult,391_3,4,4370,401,2,2,2,2,0,4,0,3,4,8,8,6,7,7,14,8,19,0.004987531172069825,0.0199501246882793
gf2^6_mult,391_3,5,4349,401,2,2,2,2,0,4,0,3,5,8,8,6,7,7,14,8,21,0.004987531172069825,0.0199501246882793
gf2^6_mult,391_3,6,4346,401,2,2,2,2,0,4,0,3,4,8,8,6,7,7,14,8,19,0.004987531172069825,0.0199501246882793
gf2^6_mult,391_3,7,21,401,4,2,4,2,0,6,0,2,4,8,6,4,7,5,12,8,18,0.00997506234413965,0.0199501246882793
gf2^6_mult,391_3,8,4346,399,2,2,2,2,0,4,0,3,4,8,8,6,7,7,14,8,19,0.005012531328320802,0.020050125313283207
gf2^6_mult,391_3,9,27,399,4,2,4,2,0,6,0,2,6,8,6,4,7,5,12,8,20,0.010025062656641603,0.020050125313283207
gf2^6_mult,391_3,10,4396,397,2,3,2,3,0,5,0,3,4,8,9,6,7,9,16,8,17,0.005037783375314861,0.020151133501259445
gf2^6_mult,391_3,11,4364,398,3,2,3,2,0,5,0,3,4,9,8,6,9,7,16,9,18,0.007537688442211055,0.022613065326633167
gf2^6_mult,391_3,12,21,397,4,2,4,2,0,6,0,2,5,8,6,4,7,5,12,8,18,0.010075566750629723,0.020151133501259445
gf2^6_mult,391_3,13,27,395,4,2,4,2,0,6,0,2,6,8,6,4,7,5,12,8,19,0.010126582278481013,0.020253164556962026
gf2^6_mult,391_3,14,21,393,4,2,4,2,0,6,0,2,4,7,5,3,6,4,10,7,13,0.010178117048346057,0.017811704834605598
gf2^6_mult,391_4,0,4409,399,2,2,2,2,0,4,0,3,4,8,8,6,7,7,14,8,17,0.005012531328320802,0.020050125313283207
gf2^6_mult,391_4,1,4347,399,2,3,2,3,0,5,0,3,4,8,9,6,7,9,16,8,19,0.005012531328320802,0.020050125313283207
gf2^6_mult,391_4,2,4379,400,3,2,3,2,0,5,0,3,4,9,8,6,9,7,16,9,20,0.0075,0.0225
gf2^6_mult,391_4,3,4406,399,2,2,2,2,0,4,0,3,4,8,8,6,7,7,14,8,17,0.005012531328320802,0.020050125313283207
gf2^6_mult,391_4,4,4370,399,2,2,2,2,0,4,0,3,5,8,8,6,7,7,14,8,21,0.005012531328320802,0.020050125313283207
gf2^6_mult,391_4,5,4358,399,2,2,2,2,0,4,0,3,4,8,8,6,7,7,14,8,17,0.005012531328320802,0.020050125313283207
gf2^6_mult,391_4,6,4361,399,2,2,2,2,0,4,0,3,5,8,8,6,7,7,14,8,18,0.005012531328320802,0.020050125313283207
gf2^6_mult,391_4,7,27,399,4,2,4,2,0,6,0,2,6,8,6,4,7,5,12,8,20,0.010025062656641603,0.020050125313283207
gf2^6_mult,391_4,8,4375,397,2,3,2,3,0,5,0,3,5,8,9,6,7,9,16,8,21,0.005037783375314861,0.020151133501259445
gf2^6_mult,391_4,9,4353,398,3,2,3,2,0,5,0,3,5,9,8,6,9,7,16,9,22,0.007537688442211055,0.022613065326633167
gf2^6_mult,391_4,10,4406,397,2,2,2,2,0,4,0,3,5,8,8,6,7,7,14,8,18,0.005037783375314861,0.020151133501259445
gf2^6_mult,391_4,11,4407,397,2,3,2,3,0,5,0,3,4,8,9,6,7,9,16,8,17,0.005037783375314861,0.020151133501259445
gf2^6_mult,391_4,12,4412,398,3,2,3,2,0,5,0,3,4,9,8,6,9,7,16,9,18,0.007537688442211055,0.022613065326633167
gf2^6_mult,391_4,13,21,397,4,2,4,2,0,6,0,2,5,8,6,4,7,5,12,8,18,0.010075566750629723,0.020151133501259445
gf2^6_mult,391_4,14,27,395,4,2,4,2,0,6,0,2,6,8,6,4,7,5,12,8,19,0.010126582278481013,0.020253164556962026
gf2^6_mult,391_4,15,27,393,4,2,4,2,0,6,0,2,4,7,5,3,6,4,10,7,13,0.010178117048346057,0.017811704834605598
gf2^6_mult,391_5,0,21,401,4,2,4,2,0,6,0,2,4,8,6,4,7,5,12,8,18,0.00997506234413965,0.0199501246882793
gf2^6_mult,391_5,1,4382,399,2,2,2,2,0,4,0,3,5,8,8,6,7,7,14,8,21,0.005012531328320802,0.020050125313283207
gf2^6_mult,391_5,2,4349,399,2,2,2,2,0,4,0,3,5,8,8,6,7,7,14,8,21,0.005012531328320802,0.020050125313283207
gf2^6_mult,391_5,3,27,399,4,2,4,2,0,6,0,2,6,8,6,4,7,5,12,8,20,0.010025062656641603,0.020050125313283207
gf2^6_mult,391_5,4,4349,397,2,2,2,2,0,4,0,3,5,8,8,6,7,7,14,8,21,0.005037783375314861,0.020151133501259445
gf2^6_mult,391_5,5,4382,397,2,2,2,2,0,4,0,3,5,8,8,6,7,7,14,8,21,0.005037783375314861,0.020151133501259445
gf2^6_mult,391_5,6,3417,397,2,3,2,3,0,5,0,3,5,8,9,6,7,9,16,8,20,0.005037783375314861,0.020151133501259445
gf2^6_mult,391_5,7,4362,398,2,3,2,3,0,5,0,3,4,8,9,6,7,9,16,8,17,0.005025125628140704,0.020100502512562814
gf2^6_mult,391_5,8,817,399,3,2,3,2,0,5,0,3,5,9,8,6,9,7,16,9,21,0.007518796992481203,0.022556390977443608
gf2^6_mult,391_5,9,4368,398,3,2,3,2,0,5,0,3,4,9,8,6,9,7,16,9,18,0.007537688442211055,0.022613065326633167
gf2^6_mult,391_5,10,27,397,4,2,4,2,0,6,0,2,5,8,6,4,7,5,12,8,18,0.010075566750629723,0.020151133501259445
gf2^6_mult,391_5,11,27,395,4,2,4,2,0,6,0,2,6,8,6,4,7,5,12,8,19,0.010126582278481013,0.020253164556962026
gf2^6_mult,391_5,12,21,393,4,2,4,2,0,6,0,2,4,7,5,3,6,4,10,7,13,0.010178117048346057,0.017811704834605598
gf2^6_mult,392_0,0,4358,401,2,2,2,2,0,4,0,3,4,8,8,6,7,7,14,8,17,0.004987531172069825,0.0199501246882793
gf2^6_mult,392_0,1,4371,401,2,3,2,3,0,5,0,3,4,8,9,6,7,9,16,8,19,0.004987531172069825,0.0199501246882793
gf2^6_mult,392_0,2,4397,402,2,2,2,2,0,4,0,3,3,7,7,5,7,7,14,7,13,0.004975124378109453,0.017412935323383085
gf2^6_mult,392_0,3,4694,402,2,0,2,0,0,2,0,2,3,6,4,4,6,2,8,6,13,0.004975124378109453,0.014925373134328358
gf2^6_mult,392_0,4,21,400,4,2,4,2,0,6,0,2,4,8,6,4,7,5,12,8,18,0.01,0.02
gf2^6_mult,392_0,5,21,398,4,2,4,2,0,6,0,2,6,8,6,4,7,5,12,8,20,0.010050251256281407,0.020100502512562814
gf2^6_mult,392_0,6,4382,396,2,2,2,2,0,4,0,3,5,8,8,6,7,7,14,8,21,0.005050505050505051,0.020202020202020204
gf2^6_mult,392_0,7,4361,396,2,2,2,2,0,4,0,3,4,8,8,6,7,7,14,8,17,0.005050505050505051,0.020202020202020204
gf2^6_mult,392_0,8,4409,396,2,2,2,2,0,4,0,3,6,8,8,6,7,7,14,8,19,0.005050505050505051,0.020202020202020204
gf2^6_mult,392_0,9,4373,396,2,2,2,2,0,4,0,3,5,8,8,6,7,7,14,8,20,0.005050505050505051,0.020202020202020204
gf2^6_mult,392_0,10,4350,396,2,3,2,3,0,5,0,3,6,8,9,6,7,9,16,8,22,0.005050505050505051,0.020202020202020204
gf2^6_mult,392_0,11,4380,397,3,2,3,2,0,5,0,3,6,9,8,6,9,7,16,9,23,0.007556675062972292,0.022670025188916875
gf2^6_mult,392_0,12,4349,396,2,2,2,2,0,4,0,3,5,8,8,6,7,7,14,8,21,0.005050505050505051,0.020202020202020204
gf2^6_mult,392_0,13,27,396,4,2,4,2,0,6,0,2,5,8,6,4,7,5,12,8,18,0.010101010101010102,0.020202020202020204
gf2^6_mult,392_0,14,21,394,4,2,4,2,0,6,0,2,6,8,6,4,7,5,12,8,19,0.01015228426395939,0.02030456852791878
gf2^6_mult,392_2,0,4409,397,2,2,2,2,0,4,0,3,4,8,8,6,7,7,14,8,17,0.005037783375314861,0.020151133501259445
gf2^6_mult,392_2,1,4358,397,2,2,2,2,0,4,0,3,3,8,8,6,7,7,14,8,16,0.005037783375314861,0.020151133501259445
gf2^6_mult,392_2,2,819,397,3,2,3,2,0,5,0,3,4,9,8,6,9,7,16,9,19,0.007556675062972292,0.022670025188916875
gf2^6_mult,392_2,3,21,396,4,2,4,2,0,6,0,2,5,8,6,4,7,5,12,8,18,0.010101010101010102,0.020202020202020204
gf2^6_mult,392_2,4,27,394,4,2,4,2,0,6,0,2,6,8,6,4,7,5,12,8,19,0.01015228426395939,0.02030456852791878
gf2^6_mult,393_1,0,4406,397,2,2,2,2,0,4,0,3,4,8,8,6,7,7,14,8,17,0.005037783375314861,0.020151133501259445
gf2^6_mult,393_1,1,4361,397,2,2,2,2,0,4,0,3,4,8,8,6,7,7,14,8,17,0.005037783375314861,0.020151133501259445
gf2^6_mult,393_1,2,4406,397,2,2,2,2,0,4,0,3,4,8,8,6,7,7,14,8,17,0.005037783375314861,0.020151133501259445
gf2^6_mult,393_1,3,4361,397,2,2,2,2,0,4,0,3,4,8,8,6,7,7,14,8,17,0.005037783375314861,0.020151133501259445
gf2^6_mult,393_1,4,4346,397,2,2,2,2,0,4,0,3,5,8,8,6,7,7,14,8,20,0.005037783375314861,0.020151133501259445
gf2^6_mult,393_1,5,4371,397,2,3,2,3,0,5,0,3,5,8,9,6,7,9,16,8,20,0.005037783375314861,0.020151133501259445
gf2^6_mult,393_1,6,4376,398,3,2,3,2,0,5,0,3,5,9,8,6,9,7,16,9,21,0.007537688442211055,0.022613065326633167
gf2^6_mult,393_1,7,21,397,4,2,4,2,0,6,0,2,5,8,6,4,7,5,12,8,18,0.010075566750629723,0.020151133501259445
gf2^6_mult,393_1,8,21,395,4,2,4,2,0,6,0,2,6,8,6,4,7,5,12,8,19,0.010126582278481013,0.020253164556962026
gf2^6_mult,393_3,0,4346,401,2,2,2,2,0,4,0,3,5,8,8,6,7,7,14,8,21,0.004987531172069825,0.0199501246882793
gf2^6_mult,393_3,1,4394,401,2,2,2,2,0,4,0,3,4,8,8,6,7,7,14,8,17,0.004987531172069825,0.0199501246882793
gf2^6_mult,393_3,2,4406,401,2,2,2,2,0,4,0,3,4,8,8,6,7,7,14,8,17,0.004987531172069825,0.0199501246882793
gf2^6_mult,393_3,3,4409,401,2,2,2,2,0,4,0,3,4,8,8,6,7,7,14,8,16,0.004987531172069825,0.0199501246882793
gf2^6_mult,393_3,4,4370,401,2,2,2,2,0,4,0,3,4,8,8,6,7,7,14,8,19,0.004987531172069825,0.0199501246882793
gf2^6_mult,393_3,5,4349,401,2,2,2,2,0,4,0,3,5,8,8,6,7,7,14,8,21,0.004987531172069825,0.0199501246882793
gf2^6_mult,393_3,6,4346,401,2,2,2,2,0,4,0,3,4,8,8,6,7,7,14,8,19,0.004987531172069825,0.0199501246882793
gf2^6_mult,393_3,7,21,401,4,2,4,2,0,6,0,2,4,8,6,4,7,5,12,8,18,0.00997506234413965,0.0199501246882793
gf2^6_mult,393_3,8,4346,399,2,2,2,2,0,4,0,3,4,8,8,6,7,7,14,8,19,0.005012531328320802,0.020050125313283207
gf2^6_mult,393_3,9,27,399,4,2,4,2,0,6,0,2,6,8,6,4,7,5,12,8,20,0.010025062656641603,0.020050125313283207
gf2^6_mult,393_3,10,4396,397,2,3,2,3,0,5,0,3,4,8,9,6,7,9,16,8,17,0.005037783375314861,0.020151133501259445
gf2^6_mult,393_3,11,4364,398,3,2,3,2,0,5,0,3,4,9,8,6,9,7,16,9,18,0.007537688442211055,0.022613065326633167
gf2^6_mult,393_3,12,21,397,4,2,4,2,0,6,0,2,5,8,6,4,7,5,12,8,18,0.010075566750629723,0.020151133501259445
gf2^6_mult,393_3,13,27,395,4,2,4,2,0,6,0,2,6,8,6,4,7,5,12,8,19,0.010126582278481013,0.020253164556962026
gf2^6_mult,393_4,0,4409,399,2,2,2,2,0,4,0,3,4,8,8,6,7,7,14,8,17,0.005012531328320802,0.020050125313283207
gf2^6_mult,393_4,1,4347,399,2,3,2,3,0,5,0,3,4,8,9,6,7,9,16,8,19,0.005012531328320802,0.020050125313283207
gf2^6_mult,393_4,2,4379,400,3,2,3,2,0,5,0,3,4,9,8,6,9,7,16,9,20,0.0075,0.0225
gf2^6_mult,393_4,3,4406,399,2,2,2,2,0,4,0,3,4,8,8,6,7,7,14,8,17,0.005012531328320802,0.020050125313283207
gf2^6_mult,393_4,4,4370,399,2,2,2,2,0,4,0,3,5,8,8,6,7,7,14,8,21,0.005012531328320802,0.020050125313283207
gf2^6_mult,393_4,5,4358,399,2,2,2,2,0,4,0,3,4,8,8,6,7,7,14,8,17,0.005012531328320802,0.020050125313283207
gf2^6_mult,393_4,6,4361,399,2,2,2,2,0,4,0,3,5,8,8,6,7,7,14,8,18,0.005012531328320802,0.020050125313283207
gf2^6_mult,393_4,7,27,399,4,2,4,2,0,6,0,2,6,8,6,4,7,5,12,8,20,0.010025062656641603,0.020050125313283207
gf2^6_mult,393_4,8,4375,397,2,3,2,3,0,5,0,3,5,8,9,6,7,9,16,8,21,0.005037783375314861,0.020151133501259445
gf2^6_mult,393_4,9,4353,398,3,2,3,2,0,5,0,3,5,9,8,6,9,7,16,9,22,0.007537688442211055,0.022613065326633167
gf2^6_mult,393_4,10,4406,397,2,2,2,2,0,4,0,3,5,8,8,6,7,7,14,8,18,0.005037783375314861,0.020151133501259445
gf2^6_mult,393_4,11,4407,397,2,3,2,3,0,5,0,3,4,8,9,6,7,9,16,8,17,0.005037783375314861,0.020151133501259445
gf2^6_mult,393_4,12,4412,398,3,2,3,2,0,5,0,3,4,9,8,6,9,7,16,9,18,0.007537688442211055,0.022613065326633167
gf2^6_mult,393_4,13,21,397,4,2,4,2,0,6,0,2,5,8,6,4,7,5,12,8,18,0.010075566750629723,0.020151133501259445
gf2^6_mult,393_4,14,27,395,4,2,4,2,0,6,0,2,6,8,6,4,7,5,12,8,19,0.010126582278481013,0.020253164556962026
gf2^6_mult,393_5,0,21,401,4,2,4,2,0,6,0,2,4,8,6,4,7,5,12,8,18,0.00997506234413965,0.0199501246882793
gf2^6_mult,393_5,1,4382,399,2,2,2,2,0,4,0,3,5,8,8,6,7,7,14,8,21,0.005012531328320802,0.020050125313283207
gf2^6_mult,393_5,2,4349,399,2,2,2,2,0,4,0,3,5,8,8,6,7,7,14,8,21,0.005012531328320802,0.020050125313283207
gf2^6_mult,393_5,3,27,399,4,2,4,2,0,6,0,2,6,8,6,4,7,5,12,8,20,0.010025062656641603,0.020050125313283207
gf2^6_mult,393_5,4,4349,397,2,2,2,2,0,4,0,3,5,8,8,6,7,7,14,8,21,0.005037783375314861,0.020151133501259445
gf2^6_mult,393_5,5,4382,397,2,2,2,2,0,4,0,3,5,8,8,6,7,7,14,8,21,0.005037783375314861,0.020151133501259445
gf2^6_mult,393_5,6,3417,397,2,3,2,3,0,5,0,3,5,8,9,6,7,9,16,8,20,0.005037783375314861,0.020151133501259445
gf2^6_mult,393_5,7,4362,398,2,3,2,3,0,5,0,3,4,8,9,6,7,9,16,8,17,0.005025125628140704,0.020100502512562814
gf2^6_mult,393_5,8,817,399,3,2,3,2,0,5,0,3,5,9,8,6,9,7,16,9,21,0.007518796992481203,0.022556390977443608
gf2^6_mult,393_5,9,4368,398,3,2,3,2,0,5,0,3,4,9,8,6,9,7,16,9,18,0.007537688442211055,0.022613065326633167
gf2^6_mult,393_5,10,27,397,4,2,4,2,0,6,0,2,5,8,6,4,7,5,12,8,18,0.010075566750629723,0.020151133501259445
gf2^6_mult,393_5,11,27,395,4,2,4,2,0,6,0,2,6,8,6,4,7,5,12,8,19,0.010126582278481013,0.020253164556962026
gf2^6_mult,394_0,0,4358,401,2,2,2,2,0,4,0,3,4,8,8,6,7,7,14,8,17,0.004987531172069825,0.0199501246882793
gf2^6_mult,394_0,1,4371,401,2,3,2,3,0,5,0,3,4,8,9,6,7,9,16,8,19,0.004987531172069825,0.0199501246882793
gf2^6_mult,394_0,2,4397,402,2,2,2,2,0,4,0,3,3,7,7,5,7,7,14,7,13,0.004975124378109453,0.017412935323383085
gf2^6_mult,394_0,3,4694,402,2,0,2,0,0,2,0,2,3,6,4,4,6,2,8,6,13,0.004975124378109453,0.014925373134328358
gf2^6_mult,394_0,4,21,400,4,2,4,2,0,6,0,2,4,8,6,4,7,5,12,8,18,0.01,0.02
gf2^6_mult,394_0,5,21,398,4,2,4,2,0,6,0,2,6,8,6,4,7,5,12,8,20,0.010050251256281407,0.020100502512562814
gf2^6_mult,394_0,6,4382,396,2,2,2,2,0,4,0,3,5,8,8,6,7,7,14,8,21,0.005050505050505051,0.020202020202020204
gf2^6_mult,394_0,7,4361,396,2,2,2,2,0,4,0,3,4,8,8,6,7,7,14,8,17,0.005050505050505051,0.020202020202020204
gf2^6_mult,394_0,8,4409,396,2,2,2,2,0,4,0,3,6,8,8,6,7,7,14,8,19,0.005050505050505051,0.020202020202020204
gf2^6_mult,394_0,9,4373,396,2,2,2,2,0,4,0,3,5,8,8,6,7,7,14,8,20,0.005050505050505051,0.020202020202020204
gf2^6_mult,394_0,10,4350,396,2,3,2,3,0,5,0,3,6,8,9,6,7,9,16,8,22,0.005050505050505051,0.020202020202020204
gf2^6_mult,394_0,11,4380,397,3,2,3,2,0,5,0,3,6,9,8,6,9,7,16,9,23,0.007556675062972292,0.022670025188916875
gf2^6_mult,394_0,12,4349,396,2,2,2,2,0,4,0,3,5,8,8,6,7,7,14,8,21,0.005050505050505051,0.020202020202020204
gf2^6_mult,394_0,13,27,396,4,2,4,2,0,6,0,2,5,8,6,4,7,5,12,8,18,0.010101010101010102,0.020202020202020204
gf2^6_mult,394_2,0,4409,397,2,2,2,2,0,4,0,3,4,8,8,6,7,7,14,8,17,0.005037783375314861,0.020151133501259445
gf2^6_mult,394_2,1,4358,397,2,2,2,2,0,4,0,3,3,8,8,6,7,7,14,8,16,0.005037783375314861,0.020151133501259445
gf2^6_mult,394_2,2,819,397,3,2,3,2,0,5,0,3,4,9,8,6,9,7,16,9,19,0.007556675062972292,0.022670025188916875
gf2^6_mult,394_2,3,21,396,4,2,4,2,0,6,0,2,5,8,6,4,7,5,12,8,18,0.010101010101010102,0.020202020202020204
gf2^6_mult,395_1,0,4406,397,2,2,2,2,0,4,0,3,4,8,8,6,7,7,14,8,17,0.005037783375314861,0.020151133501259445
gf2^6_mult,395_1,1,4361,397,2,2,2,2,0,4,0,3,4,8,8,6,7,7,14,8,17,0.005037783375314861,0.020151133501259445
gf2^6_mult,395_1,2,4406,397,2,2,2,2,0,4,0,3,4,8,8,6,7,7,14,8,17,0.005037783375314861,0.020151133501259445
gf2^6_mult,395_1,3,4361,397,2,2,2,2,0,4,0,3,4,8,8,6,7,7,14,8,17,0.005037783375314861,0.020151133501259445
gf2^6_mult,395_1,4,4346,397,2,2,2,2,0,4,0,3,5,8,8,6,7,7,14,8,20,0.005037783375314861,0.020151133501259445
gf2^6_mult,395_1,5,4371,397,2,3,2,3,0,5,0,3,5,8,9,6,7,9,16,8,20,0.005037783375314861,0.020151133501259445
gf2^6_mult,395_1,6,4376,398,3,2,3,2,0,5,0,3,5,9,8,6,9,7,16,9,21,0.007537688442211055,0.022613065326633167
gf2^6_mult,395_1,7,21,397,4,2,4,2,0,6,0,2,5,8,6,4,7,5,12,8,18,0.010075566750629723,0.020151133501259445
gf2^6_mult,395_3,0,4346,401,2,2,2,2,0,4,0,3,5,8,8,6,7,7,14,8,21,0.004987531172069825,0.0199501246882793
gf2^6_mult,395_3,1,4394,401,2,2,2,2,0,4,0,3,4,8,8,6,7,7,14,8,17,0.004987531172069825,0.0199501246882793
gf2^6_mult,395_3,2,4406,401,2,2,2,2,0,4,0,3,4,8,8,6,7,7,14,8,17,0.004987531172069825,0.0199501246882793
gf2^6_mult,395_3,3,4409,401,2,2,2,2,0,4,0,3,4,8,8,6,7,7,14,8,16,0.004987531172069825,0.0199501246882793
gf2^6_mult,395_3,4,4370,401,2,2,2,2,0,4,0,3,4,8,8,6,7,7,14,8,19,0.004987531172069825,0.0199501246882793
gf2^6_mult,395_3,5,4349,401,2,2,2,2,0,4,0,3,5,8,8,6,7,7,14,8,21,0.004987531172069825,0.0199501246882793
gf2^6_mult,395_3,6,4346,401,2,2,2,2,0,4,0,3,4,8,8,6,7,7,14,8,19,0.004987531172069825,0.0199501246882793
gf2^6_mult,395_3,7,21,401,4,2,4,2,0,6,0,2,4,8,6,4,7,5,12,8,18,0.00997506234413965,0.0199501246882793
gf2^6_mult,395_3,8,4346,399,2,2,2,2,0,4,0,3,4,8,8,6,7,7,14,8,19,0.005012531328320802,0.020050125313283207
gf2^6_mult,395_3,9,27,399,4,2,4,2,0,6,0,2,6,8,6,4,7,5,12,8,20,0.010025062656641603,0.020050125313283207
gf2^6_mult,395_3,10,4396,397,2,3,2,3,0,5,0,3,4,8,9,6,7,9,16,8,17,0.005037783375314861,0.020151133501259445
gf2^6_mult,395_3,11,4364,398,3,2,3,2,0,5,0,3,4,9,8,6,9,7,16,9,18,0.007537688442211055,0.022613065326633167
gf2^6_mult,395_3,12,21,397,4,2,4,2,0,6,0,2,5,8,6,4,7,5,12,8,18,0.010075566750629723,0.020151133501259445
gf2^6_mult,395_4,0,4409,399,2,2,2,2,0,4,0,3,4,8,8,6,7,7,14,8,17,0.005012531328320802,0.020050125313283207
gf2^6_mult,395_4,1,4347,399,2,3,2,3,0,5,0,3,4,8,9,6,7,9,16,8,19,0.005012531328320802,0.020050125313283207
gf2^6_mult,395_4,2,4379,400,3,2,3,2,0,5,0,3,4,9,8,6,9,7,16,9,20,0.0075,0.0225
gf2^6_mult,395_4,3,4406,399,2,2,2,2,0,4,0,3,4,8,8,6,7,7,14,8,17,0.005012531328320802,0.020050125313283207
gf2^6_mult,395_4,4,4370,399,2,2,2,2,0,4,0,3,5,8,8,6,7,7,14,8,21,0.005012531328320802,0.020050125313283207
gf2^6_mult,395_4,5,4358,399,2,2,2,2,0,4,0,3,4,8,8,6,7,7,14,8,17,0.005012531328320802,0.020050125313283207
gf2^6_mult,395_4,6,4361,399,2,2,2,2,0,4,0,3,5,8,8,6,7,7,14,8,18,0.005012531328320802,0.020050125313283207
gf2^6_mult,395_4,7,27,399,4,2,4,2,0,6,0,2,6,8,6,4,7,5,12,8,20,0.010025062656641603,0.020050125313283207
gf2^6_mult,395_4,8,4375,397,2,3,2,3,0,5,0,3,5,8,9,6,7,9,16,8,21,0.005037783375314861,0.020151133501259445
gf2^6_mult,395_4,9,4353,398,3,2,3,2,0,5,0,3,5,9,8,6,9,7,16,9,22,0.007537688442211055,0.022613065326633167
gf2^6_mult,395_4,10,4406,397,2,2,2,2,0,4,0,3,5,8,8,6,7,7,14,8,18,0.005037783375314861,0.020151133501259445
gf2^6_mult,395_4,11,4407,397,2,3,2,3,0,5,0,3,4,8,9,6,7,9,16,8,17,0.005037783375314861,0.020151133501259445
gf2^6_mult,395_4,12,4412,398,3,2,3,2,0,5,0,3,4,9,8,6,9,7,16,9,18,0.007537688442211055,0.022613065326633167
gf2^6_mult,395_4,13,21,397,4,2,4,2,0,6,0,2,5,8,6,4,7,5,12,8,18,0.010075566750629723,0.020151133501259445
gf2^6_mult,395_5,0,21,401,4,2,4,2,0,6,0,2,4,8,6,4,7,5,12,8,18,0.00997506234413965,0.0199501246882793
gf2^6_mult,395_5,1,4382,399,2,2,2,2,0,4,0,3,5,8,8,6,7,7,14,8,21,0.005012531328320802,0.020050125313283207
gf2^6_mult,395_5,2,4349,399,2,2,2,2,0,4,0,3,5,8,8,6,7,7,14,8,21,0.005012531328320802,0.020050125313283207
gf2^6_mult,395_5,3,27,399,4,2,4,2,0,6,0,2,6,8,6,4,7,5,12,8,20,0.010025062656641603,0.020050125313283207
gf2^6_mult,395_5,4,4349,397,2,2,2,2,0,4,0,3,5,8,8,6,7,7,14,8,21,0.005037783375314861,0.020151133501259445
gf2^6_mult,395_5,5,4382,397,2,2,2,2,0,4,0,3,5,8,8,6,7,7,14,8,21,0.005037783375314861,0.020151133501259445
gf2^6_mult,395_5,6,3417,397,2,3,2,3,0,5,0,3,5,8,9,6,7,9,16,8,20,0.005037783375314861,0.020151133501259445
gf2^6_mult,395_5,7,4362,398,2,3,2,3,0,5,0,3,4,8,9,6,7,9,16,8,17,0.005025125628140704,0.020100502512562814
gf2^6_mult,395_5,8,817,399,3,2,3,2,0,5,0,3,5,9,8,6,9,7,16,9,21,0.007518796992481203,0.022556390977443608
gf2^6_mult,395_5,9,4368,398,3,2,3,2,0,5,0,3,4,9,8,6,9,7,16,9,18,0.007537688442211055,0.022613065326633167
gf2^6_mult,395_5,10,27,397,4,2,4,2,0,6,0,2,5,8,6,4,7,5,12,8,18,0.010075566750629723,0.020151133501259445
gf2^6_mult,396_0,0,4358,401,2,2,2,2,0,4,0,3,4,8,8,6,7,7,14,8,17,0.004987531172069825,0.0199501246882793
gf2^6_mult,396_0,1,4371,401,2,3,2,3,0,5,0,3,4,8,9,6,7,9,16,8,19,0.004987531172069825,0.0199501246882793
gf2^6_mult,396_0,2,4397,402,2,2,2,2,0,4,0,3,3,7,7,5,7,7,14,7,13,0.004975124378109453,0.017412935323383085
gf2^6_mult,396_0,3,4694,402,2,0,2,0,0,2,0,2,3,6,4,4,6,2,8,6,13,0.004975124378109453,0.014925373134328358
gf2^6_mult,396_0,4,21,400,4,2,4,2,0,6,0,2,4,8,6,4,7,5,12,8,18,0.01,0.02
gf2^6_mult,396_0,5,21,398,4,2,4,2,0,6,0,2,6,8,6,4,7,5,12,8,20,0.010050251256281407,0.020100502512562814
gf2^6_mult,396_2,0,4361,401,2,2,2,2,0,4,0,3,4,8,8,6,7,7,14,8,17,0.004987531172069825,0.0199501246882793
gf2^6_mult,396_2,1,4370,401,2,2,2,2,0,4,0,3,5,8,8,6,7,7,14,8,21,0.004987531172069825,0.0199501246882793
gf2^6_mult,396_2,2,21,401,4,2,4,2,0,6,0,2,4,8,6,4,7,5,12,8,18,0.00997506234413965,0.0199501246882793
gf2^6_mult,396_2,3,4346,399,2,2,2,2,0,4,0,3,5,8,8,6,7,7,14,8,21,0.005012531328320802,0.020050125313283207
gf2^6_mult,396_2,4,4351,399,2,3,2,3,0,5,0,3,5,8,9,6,7,9,16,8,21,0.005012531328320802,0.020050125313283207
gf2^6_mult,396_2,5,4377,400,3,2,3,2,0,5,0,3,5,9,8,6,9,7,16,9,22,0.0075,0.0225
gf2^6_mult,396_2,6,4374,399,2,3,2,3,0,5,0,3,4,8,9,6,7,9,16,8,19,0.005012531328320802,0.020050125313283207
gf2^6_mult,396_2,7,4377,400,3,2,3,2,0,5,0,3,4,9,8,6,9,7,16,9,20,0.0075,0.0225
gf2^6_mult,396_2,8,4407,399,2,3,2,3,0,5,0,3,4,8,9,6,7,9,16,8,17,0.005012531328320802,0.020050125313283207
gf2^6_mult,396_2,9,4416,400,3,2,3,2,0,5,0,3,4,9,8,6,9,7,16,9,18,0.0075,0.0225
gf2^6_mult,396_2,10,4361,399,2,2,2,2,0,4,0,3,4,8,8,6,7,7,14,8,17,0.005012531328320802,0.020050125313283207
gf2^6_mult,396_2,11,4349,399,2,2,2,2,0,4,0,3,4,8,8,6,7,7,14,8,19,0.005012531328320802,0.020050125313283207
gf2^6_mult,396_2,12,27,399,4,2,4,2,0,6,0,2,6,8,6,4,7,5,12,8,20,0.010025062656641603,0.020050125313283207
gf2^6_mult,396_2,13,4409,397,2,2,2,2,0,4,0,3,3,8,8,6,7,7,14,8,16,0.005037783375314861,0.020151133501259445
gf2^6_mult,396_2,14,819,397,3,2,3,2,0,5,0,3,4,9,8,6,9,7,16,9,19,0.007556675062972292,0.022670025188916875
gf2^6_mult,396_4,0,4349,401,2,2,2,2,0,4,0,3,5,8,8,6,7,7,14,8,21,0.004987531172069825,0.0199501246882793
gf2^6_mult,396_4,1,4373,401,2,2,2,2,0,4,0,3,5,8,8,6,7,7,14,8,21,0.004987531172069825,0.0199501246882793
gf2^6_mult,396_4,2,4370,401,2,2,2,2,0,4,0,3,4,8,8,6,7,7,14,8,19,0.004987531172069825,0.0199501246882793
gf2^6_mult,396_4,3,4370,401,2,2,2,2,0,4,0,3,5,8,8,6,7,7,14,8,21,0.004987531172069825,0.0199501246882793
gf2^6_mult,396_4,4,4406,401,2,2,2,2,0,4,0,3,3,8,8,6,7,7,14,8,16,0.004987531172069825,0.0199501246882793
gf2^6_mult,396_4,5,819,401,3,2,3,2,0,5,0,3,4,9,8,6,9,7,16,9,19,0.007481296758104738,0.022443890274314215
gf2^6_mult,396_4,6,4360,400,2,3,2,3,0,5,0,3,4,8,9,6,7,9,16,8,17,0.005,0.02
gf2^6_mult,396_4,7,4413,401,3,2,3,2,0,5,0,3,4,9,8,6,9,7,16,9,18,0.007481296758104738,0.022443890274314215
gf2^6_mult,396_4,8,4358,400,2,2,2,2,0,4,0,3,4,8,8,6,7,7,14,8,17,0.005,0.02
gf2^6_mult,396_4,9,21,400,4,2,4,2,0,6,0,2,4,8,6,4,7,5,12,8,18,0.01,0.02
gf2^6_mult,396_4,10,4374,398,2,3,2,3,0,5,0,3,4,8,9,6,7,9,16,8,19,0.005025125628140704,0.020100502512562814
gf2^6_mult,396_4,11,4388,399,3,2,3,2,0,5,0,3,4,9,8,6,9,7,16,9,20,0.007518796992481203,0.022556390977443608
gf2^6_mult,396_4,12,4361,398,2,2,2,2,0,4,0,3,4,8,8,6,7,7,14,8,17,0.005025125628140704,0.020100502512562814
gf2^6_mult,396_4,13,21,398,4,2,4,2,0,6,0,2,6,8,6,4,7,5,12,8,20,0.010050251256281407,0.020100502512562814
gf2^6_mult,397_0,0,21,401,4,2,4,2,0,6,0,2,4,8,6,4,7,5,12,8,18,0.00997506234413965,0.0199501246882793
gf2^6_mult,397_0,1,4361,399,2,2,2,2,0,4,0,3,4,8,8,6,7,7,14,8,17,0.005012531328320802,0.020050125313283207
gf2^6_mult,397_0,2,4358,399,2,2,2,2,0,4,0,3,4,8,8,6,7,7,14,8,17,0.005012531328320802,0.020050125313283207
gf2^6_mult,397_0,3,27,399,4,2,4,2,0,6,0,2,6,8,6,4,7,5,12,8,20,0.010025062656641603,0.020050125313283207
gf2^6_mult,397_1,0,27,401,4,2,4,2,0,6,0,2,4,8,6,4,7,5,12,8,18,0.00997506234413965,0.0199501246882793
gf2^6_mult,397_1,1,27,399,4,2,4,2,0,6,0,2,6,8,6,4,7,5,12,8,20,0.010025062656641603,0.020050125313283207
gf2^6_mult,397_2,0,4372,401,2,3,2,3,0,5,0,3,5,8,9,6,7,9,16,8,21,0.004987531172069825,0.0199501246882793
gf2^6_mult,397_2,1,4388,402,3,2,3,2,0,5,0,3,5,9,8,6,9,7,16,9,22,0.007462686567164179,0.022388059701492536
gf2^6_mult,397_2,2,4372,401,2,3,2,3,0,5,0,3,4,8,9,6,7,9,16,8,19,0.004987531172069825,0.0199501246882793
gf2^6_mult,397_2,3,4355,402,3,2,3,2,0,5,0,3,4,9,8,6,9,7,16,9,20,0.007462686567164179,0.022388059701492536
gf2^6_mult,397_2,4,21,401,4,2,4,2,0,6,0,2,4,8,6,4,7,5,12,8,18,0.00997506234413965,0.0199501246882793
gf2^6_mult,397_2,5,4349,399,2,2,2,2,0,4,0,3,5,8,8,6,7,7,14,8,21,0.005012531328320802,0.020050125313283207
gf2^6_mult,397_2,6,27,399,4,2,4,2,0,6,0,2,6,8,6,4,7,5,12,8,20,0.010025062656641603,0.020050125313283207
gf2^6_mult,397_3,0,4360,401,2,3,2,3,0,5,0,3,4,8,9,6,7,9,16,8,17,0.004987531172069825,0.0199501246882793
gf2^6_mult,397_3,1,4412,402,3,2,3,2,0,5,0,3,4,9,8,6,9,7,16,9,18,0.007462686567164179,0.022388059701492536
gf2^6_mult,397_3,2,4358,401,2,2,2,2,0,4,0,3,4,8,8,6,7,7,14,8,17,0.004987531172069825,0.0199501246882793
gf2^6_mult,397_3,3,4361,401,2,2,2,2,0,4,0,3,4,8,8,6,7,7,14,8,15,0.004987531172069825,0.0199501246882793
gf2^6_mult,397_3,4,21,401,4,2,4,2,0,6,0,2,4,8,6,4,7,5,12,8,18,0.00997506234413965,0.0199501246882793
gf2^6_mult,397_3,5,4387,399,2,3,2,3,0,5,0,3,5,8,9,6,7,9,16,8,21,0.005012531328320802,0.020050125313283207
gf2^6_mult,397_3,6,4389,400,3,2,3,2,0,5,0,3,5,9,8,6,9,7,16,9,22,0.0075,0.0225
gf2^6_mult,397_3,7,4406,399,2,2,2,2,0,4,0,3,4,8,8,6,7,7,14,8,17,0.005012531328320802,0.020050125313283207
gf2^6_mult,397_3,8,27,399,4,2,4,2,0,6,0,2,6,8,6,4,7,5,12,8,20,0.010025062656641603,0.020050125313283207
gf2^6_mult,397_4,0,4397,401,2,2,2,2,0,4,0,3,4,8,8,6,7,7,14,8,17,0.004987531172069825,0.0199501246882793
gf2^6_mult,397_4,1,4361,401,2,2,2,2,0,4,0,3,4,8,8,6,7,7,14,8,17,0.004987531172069825,0.0199501246882793
gf2^6_mult,397_4,2,4346,401,2,2,2,2,0,4,0,3,5,8,8,6,7,7,14,8,21,0.004987531172069825,0.0199501246882793
gf2^6_mult,397_4,3,4382,401,2,2,2,2,0,4,0,3,5,8,8,6,7,7,14,8,21,0.004987531172069825,0.0199501246882793
gf2^6_mult,397_4,4,4351,401,2,3,2,3,0,5,0,3,4,8,9,6,7,9,16,8,19,0.004987531172069825,0.0199501246882793
gf2^6_mult,397_4,5,4353,402,3,2,3,2,0,5,0,3,4,9,8,6,9,7,16,9,20,0.007462686567164179,0.022388059701492536
gf2^6_mult,397_4,6,21,401,4,2,4,2,0,6,0,2,4,8,6,4,7,5,12,8,18,0.00997506234413965,0.0199501246882793
gf2^6_mult,397_4,7,27,399,4,2,4,2,0,6,0,2,6,8,6,4,7,5,12,8,20,0.010025062656641603,0.020050125313283207
gf2^6_mult,397_5,0,21,401,4,2,4,2,0,6,0,2,4,8,6,4,7,5,12,8,18,0.00997506234413965,0.0199501246882793
gf2^6_mult,397_5,1,4397,399,2,2,2,2,0,4,0,3,4,8,8,6,7,7,14,8,15,0.005012531328320802,0.020050125313283207
gf2^6_mult,397_5,2,27,399,4,2,4,2,0,6,0,2,6,8,6,4,7,5,12,8,20,0.010025062656641603,0.020050125313283207
gf2^6_mult,399_0,0,21,401,4,2,4,2,0,6,0,2,4,8,6,4,7,5,12,8,18,0.00997506234413965,0.0199501246882793
gf2^6_mult,399_1,0,27,401,4,2,4,2,0,6,0,2,4,8,6,4,7,5,12,8,18,0.00997506234413965,0.0199501246882793
gf2^6_mult,399_2,0,4361,401,2,2,2,2,0,4,0,3,4,8,8,6,7,7,14,8,17,0.004987531172069825,0.0199501246882793
gf2^6_mult,399_2,1,4370,401,2,2,2,2,0,4,0,3,5,8,8,6,7,7,14,8,21,0.004987531172069825,0.0199501246882793
gf2^6_mult,399_2,2,21,401,4,2,4,2,0,6,0,2,4,8,6,4,7,5,12,8,18,0.00997506234413965,0.0199501246882793
gf2^6_mult,399_3,0,21,401,4,2,4,2,0,6,0,2,4,8,6,4,7,5,12,8,18,0.00997506234413965,0.0199501246882793
gf2^6_mult,399_4,0,21,401,4,2,4,2,0,6,0,2,4,8,6,4,7,5,12,8,18,0.00997506234413965,0.0199501246882793
gf2^6_mult,399_5,0,21,401,4,2,4,2,0,6,0,2,4,8,6,4,7,5,12,8,18,0.00997506234413965,0.0199501246882793
