circuit,segment,step,before_gates,after_gates,delta_after_minus_before,reward_outgoing,action_node,xfer_id,depth_before,structural_hash
barenco_tof_3,38_0,0,40,40,0,0,5,4358,39,e4c9781befce87a6087e7d6fee395d7f39eb442303a882d07acb32e97eb7e177
barenco_tof_3,38_0,1,40,42,2,-2,9,106,37,ecdf1e6229cdc15e0c47aca02b22e05431b8f01fd1f94199dcc6523eb248a9bc
barenco_tof_3,38_0,2,42,40,-2,2,0,107,37,fa3eb28ed99c6c4b7a99b079703cd8ea4294cb3176a1e965bf064858ca6ac039
barenco_tof_3,38_0,3,40,41,1,-1,23,3572,37,ecdf1e6229cdc15e0c47aca02b22e05431b8f01fd1f94199dcc6523eb248a9bc
barenco_tof_3,38_0,4,41,40,-1,1,21,951,37,0c752cee088a73a5e26e9d18ca25c2ca19fd2771773faca561a4c8f1b40445f5
barenco_tof_3,38_0,5,40,41,1,-1,6,1482,37,ecdf1e6229cdc15e0c47aca02b22e05431b8f01fd1f94199dcc6523eb248a9bc
barenco_tof_3,38_0,6,41,40,-1,1,10,3432,38,61d5aca14124e9fcb2e440bc923c002cc023e3cd375e348a4e4bac7a53300233
barenco_tof_3,38_0,7,40,40,0,0,24,45,37,949dc44c7349634c80dbd25ead631025ab149600dfdfd2ac02f72e8bd3cd5b8b
barenco_tof_3,38_0,8,40,42,2,-2,10,24,36,9d3334faeb863c297ea98fb0e766d6fa94a0edbe454cda2ba722c7325606bce6
barenco_tof_3,38_0,9,42,42,0,0,10,44,36,ea5b630cc0b56f417522c61c453b67d04b3f157cd94d733c4e5ddd5acb8da1ee
barenco_tof_3,38_0,10,42,40,-2,2,0,107,36,a6204bf45a6acf95f2ee066b76a496740c4e249139ab04c94895d46425f67ce6
barenco_tof_3,38_0,11,40,42,2,-2,19,20,36,9d3334faeb863c297ea98fb0e766d6fa94a0edbe454cda2ba722c7325606bce6
barenco_tof_3,38_0,12,42,40,-2,2,8,27,36,a088e0cb325a7c007fd72402e85d609fe689229e3bb734bff500f30276292e2f
barenco_tof_3,38_0,13,40,42,2,-2,9,101,36,9d3334faeb863c297ea98fb0e766d6fa94a0edbe454cda2ba722c7325606bce6
barenco_tof_3,38_0,14,42,40,-2,2,0,107,36,a6204bf45a6acf95f2ee066b76a496740c4e249139ab04c94895d46425f67ce6
barenco_tof_3,38_0,15,40,42,2,-2,21,36,36,9d3334faeb863c297ea98fb0e766d6fa94a0edbe454cda2ba722c7325606bce6
barenco_tof_3,38_0,16,42,42,0,0,23,44,38,ee02b9f2fc36276847c39f5ed541b8bb7311806b254eb282255876616fbb6b2e
barenco_tof_3,38_0,17,42,43,1,-1,20,2909,39,8ba4ad080a12935dba2ac0a45d06b02c02995f2dbb30c6dbb3a6494426025274
barenco_tof_3,38_0,18,43,41,-2,2,21,4670,41,a395226d95d25037a74d94a5961a7451133c3f1bb74394a069111f5f83fbe3f1
barenco_tof_3,38_0,19,41,41,0,0,23,340,39,31915831d5acdc0d0993f35ab6a9b391a2c83a2cbbbb9a2179ad7fdb989a243b
barenco_tof_3,38_0,20,41,39,-2,2,23,4682,39,cf949df4074ed3f032476546034d2f98ca05b266973bd20dd1a0196d8098db3b
barenco_tof_3,38_0,21,39,41,2,-2,9,106,37,3cd26c043c987f97ca6e9c68e994de9ed223427aab7b73f08ed9c69ef24e941e
barenco_tof_3,38_0,22,41,41,0,0,10,45,37,7208352a117ae3625393cfd1bb2094278ee4137e19a89285e41807c5654fa7de
barenco_tof_3,38_0,23,41,41,0,0,10,44,37,23d0315ea7785debc33d67fffa489d4160f0c235a33b452e7b8cbc3d4706793f
barenco_tof_3,38_0,24,41,41,0,0,10,39,37,7208352a117ae3625393cfd1bb2094278ee4137e19a89285e41807c5654fa7de
barenco_tof_3,38_0,25,41,41,0,0,10,38,37,23d0315ea7785debc33d67fffa489d4160f0c235a33b452e7b8cbc3d4706793f
barenco_tof_3,38_0,26,41,41,0,0,10,45,37,7208352a117ae3625393cfd1bb2094278ee4137e19a89285e41807c5654fa7de
barenco_tof_3,38_0,27,41,39,-2,2,0,25,37,23d0315ea7785debc33d67fffa489d4160f0c235a33b452e7b8cbc3d4706793f
barenco_tof_3,38_0,28,39,41,2,-2,7,36,37,3cd26c043c987f97ca6e9c68e994de9ed223427aab7b73f08ed9c69ef24e941e
barenco_tof_3,38_0,29,41,40,-1,1,5,4353,39,dc4d103baffbef1df1ace485d44dae2c936f29211c7681ebd9729a7bb265ff16
barenco_tof_3,38_0,30,40,40,0,0,7,121,39,665a2130a70bd711c4bb9739afac95086af57df4aedc474aa13c5a13f055bd35
barenco_tof_3,38_0,31,40,40,0,0,7,121,39,763b8bcaed9e8531ee7875d1fda791762882389c2ba0c10358bde5aae3d2991c
barenco_tof_3,38_0,32,40,42,2,-2,8,36,39,665a2130a70bd711c4bb9739afac95086af57df4aedc474aa13c5a13f055bd35
barenco_tof_3,38_0,33,42,40,-2,2,8,37,41,cc4f79531d28d14f0960507b948ab9349824f7d8906275269cef3ca7cf09c721
barenco_tof_3,38_0,34,40,39,-1,1,5,3418,39,665a2130a70bd711c4bb9739afac95086af57df4aedc474aa13c5a13f055bd35
barenco_tof_3,38_0,35,39,40,1,-1,1,1492,37,dce187ca0ebbfa7fcaf0cabe0fd7fdf77b5847911e1eec72ff26d4ba49eeefb2
barenco_tof_3,38_0,36,40,40,0,0,5,121,39,2abb4afeadd817e1969c8da75d8368d27cee8ed1ae9d2a8bb200ff2f65a80419
barenco_tof_3,38_0,37,40,38,-2,2,4,4664,39,39cff49fea02f518e05dc6fc166285a722987d6ac6763653fac838109c174284
barenco_tof_3,38_3,0,39,41,2,-2,5,40,37,3f0ca71cc8f70d1e6b3c5fa1798431822482473bd88afc6ad1bb816fd30e7239
barenco_tof_3,38_3,1,41,41,0,0,7,896,39,a1eaf0098a05f21692da87f820d341542e7721770aa9bbe5d4a795e6d8272842
barenco_tof_3,38_3,2,41,39,-2,2,9,4676,39,b02a0697d39b7088b62d24d02dcc28e6822e47a6dacef61a09a6bd2a42bd4b78
barenco_tof_3,38_3,3,39,40,1,-1,2,940,37,ed09542cf961a7d326da64cb5a971e4222db6933b69c7e10fd3adc3e008546e1
barenco_tof_3,38_3,4,40,40,0,0,5,39,38,8aeba3ec744e927ed338ad1d4f8a311f9c839b5c0fb34bb5084a9f423f60a0d0
barenco_tof_3,38_3,5,40,40,0,0,5,44,39,3ca0fcafae7c1412218ec857624e0398f1591a1ff53caa9aae0ae27083e8106b
barenco_tof_3,38_3,6,40,40,0,0,6,38,38,8aeba3ec744e927ed338ad1d4f8a311f9c839b5c0fb34bb5084a9f423f60a0d0
barenco_tof_3,38_3,7,40,41,1,-1,4,822,39,645d428e994cfaa8963c2adad4d8582bf558a00ebbdb705b45f8e805a385e7c4
barenco_tof_3,38_3,8,41,41,0,0,2,39,40,45b1d615cfc336b2e921ef122cc3e8b0aa0b057918a6e4af17815d3f5101784e
barenco_tof_3,38_3,9,41,41,0,0,5,4406,40,d27924aaab922576c3d4f95aac0799fd479cfe3b4d4611d92214f3a13076290b
barenco_tof_3,38_3,10,41,39,-2,2,3,4688,39,f21246303bac3b371810520babb4b63b1236bbfc61f63f71d4e5e923a0785503
barenco_tof_3,38_3,11,39,41,2,-2,0,24,37,dce187ca0ebbfa7fcaf0cabe0fd7fdf77b5847911e1eec72ff26d4ba49eeefb2
barenco_tof_3,38_3,12,41,39,-2,2,0,23,38,35eb485d234b9cd2c2fc33cf46277e06858f0c4cdb7789dbb2579faf5020a674
barenco_tof_3,38_3,13,39,40,1,-1,1,1540,37,dce187ca0ebbfa7fcaf0cabe0fd7fdf77b5847911e1eec72ff26d4ba49eeefb2
barenco_tof_3,38_3,14,40,40,0,0,5,121,39,2abb4afeadd817e1969c8da75d8368d27cee8ed1ae9d2a8bb200ff2f65a80419
barenco_tof_3,38_3,15,40,38,-2,2,4,4664,39,39cff49fea02f518e05dc6fc166285a722987d6ac6763653fac838109c174284
barenco_tof_3,38_4,0,39,41,2,-2,0,24,37,f62cc631cbd62ba1e730c051c7db79c073a5e420c47b95bd6fbc245e9d2e2002
barenco_tof_3,38_4,1,41,39,-2,2,0,25,38,14837b9032533504563f73d566480d0b2783c41f45522dbff804b92aa32fbec5
barenco_tof_3,38_4,2,39,40,1,-1,1,2909,37,f62cc631cbd62ba1e730c051c7db79c073a5e420c47b95bd6fbc245e9d2e2002
barenco_tof_3,38_4,3,40,38,-2,2,4,37,39,2abb4afeadd817e1969c8da75d8368d27cee8ed1ae9d2a8bb200ff2f65a80419
barenco_tof_3,38_5,0,40,42,2,-2,9,106,39,e4c9781befce87a6087e7d6fee395d7f39eb442303a882d07acb32e97eb7e177
barenco_tof_3,38_5,1,42,40,-2,2,0,107,39,51e0069c4a9cbb1673750cafb19f9ad931fc08029c9c4d29fdcfbbe9ea0ef03a
barenco_tof_3,38_5,2,40,42,2,-2,23,40,39,e4c9781befce87a6087e7d6fee395d7f39eb442303a882d07acb32e97eb7e177
barenco_tof_3,38_5,3,42,40,-2,2,23,43,41,7d445b817c8716594bbe515f8abce6eca965038dbf46afc01235a96bed83862b
barenco_tof_3,38_5,4,40,42,2,-2,18,106,39,e4c9781befce87a6087e7d6fee395d7f39eb442303a882d07acb32e97eb7e177
barenco_tof_3,38_5,5,42,40,-2,2,10,107,39,730b10b66c0763e1a925086c9b47865371f19fd68fb1eab738b3443541c24e81
barenco_tof_3,38_5,6,40,40,0,0,5,4358,39,e4c9781befce87a6087e7d6fee395d7f39eb442303a882d07acb32e97eb7e177
barenco_tof_3,38_5,7,40,40,0,0,8,45,37,ecdf1e6229cdc15e0c47aca02b22e05431b8f01fd1f94199dcc6523eb248a9bc
barenco_tof_3,38_5,8,40,40,0,0,7,39,37,a62a2068cca5f2087aa1eae28198e5be345b2c170b14ef07c049707b4f236a32
barenco_tof_3,38_5,9,40,42,2,-2,10,22,37,d3a7ecc683ca0107ad6046a399bb1281776f4e2e5b252e10d501f0f6b066596c
barenco_tof_3,38_5,10,42,42,0,0,10,4397,37,02d44f0e4e52e6639be8be70613bd0c2e3e05996a2b99a9d6bd7f612a68f7170
barenco_tof_3,38_5,11,42,40,-2,2,0,927,37,7849bfeceae071cb170fbf2c285dab70443640f1e2e053bdc6eb07d70a3f4b31
barenco_tof_3,38_5,12,40,40,0,0,1,3317,37,d3a7ecc683ca0107ad6046a399bb1281776f4e2e5b252e10d501f0f6b066596c
barenco_tof_3,38_5,13,40,42,2,-2,9,874,36,64c863a8f2825e553d1b91eee3a207bb1eb989f8f09284387058ae4e8d65f6ea
barenco_tof_3,38_5,14,42,40,-2,2,0,927,36,e5af6e6363df5772bb0221a0fd1f85dd99e65470eb22357eacbe952e37fbc106
barenco_tof_3,38_5,15,40,42,2,-2,21,42,36,64c863a8f2825e553d1b91eee3a207bb1eb989f8f09284387058ae4e8d65f6ea
barenco_tof_3,38_5,16,42,42,0,0,21,110,38,471e6f5d5293fd80b8924c75187e74ee475748763a017d67209638367ab0cec2
barenco_tof_3,38_5,17,42,42,0,0,21,111,38,699352ac5509a480e923117fe881a51ee27914b2366e434d6a26c623e795d11c
barenco_tof_3,38_5,18,42,40,-2,2,21,43,38,471e6f5d5293fd80b8924c75187e74ee475748763a017d67209638367ab0cec2
barenco_tof_3,38_5,19,40,42,2,-2,19,22,36,64c863a8f2825e553d1b91eee3a207bb1eb989f8f09284387058ae4e8d65f6ea
barenco_tof_3,38_5,20,42,40,-2,2,11,25,36,639f0babbf35bbc32b3a1bb1467baf8b5ae33f7020a5e14af2b6f76a2bd813f0
barenco_tof_3,38_5,21,40,41,1,-1,7,1482,36,64c863a8f2825e553d1b91eee3a207bb1eb989f8f09284387058ae4e8d65f6ea
barenco_tof_3,38_5,22,41,42,1,-1,9,822,37,f2a142cb547f7c5d65c66c57dce4e15803cfe5e5a413c75777a27eb6ce0eda1e
barenco_tof_3,38_5,23,42,41,-1,1,9,823,39,8e69fe69ac59124b56e0b1ea99c86f3d3e4de51176280c5eab3a6053d93f06b7
barenco_tof_3,38_5,24,41,42,1,-1,8,938,37,f2a142cb547f7c5d65c66c57dce4e15803cfe5e5a413c75777a27eb6ce0eda1e
barenco_tof_3,38_5,25,42,42,0,0,10,4394,39,637d0f63f518898d0fd03d789b95341543234f030c2333fc7173eb6f37c2b80b
barenco_tof_3,38_5,26,42,40,-2,2,7,4694,38,aa9c32bd3314bf016847fb506ddaa3bfca911918c781317904e6106a72b0aa3b
barenco_tof_3,38_5,27,40,41,1,-1,5,944,36,64c863a8f2825e553d1b91eee3a207bb1eb989f8f09284387058ae4e8d65f6ea
barenco_tof_3,38_5,28,41,42,1,-1,8,3561,38,927fd83efd5b447e9b52e3df43538981f6e8af1b7a353b179edcb8f2a594730d
barenco_tof_3,38_5,29,42,40,-2,2,7,4682,40,7c5fc448dce34419ed0ea4621e91ef3e0aca239ece229ea2ce1e7ebd3470d258
barenco_tof_3,38_5,30,40,42,2,-2,9,874,36,64c863a8f2825e553d1b91eee3a207bb1eb989f8f09284387058ae4e8d65f6ea
barenco_tof_3,38_5,31,42,40,-2,2,0,927,36,e5af6e6363df5772bb0221a0fd1f85dd99e65470eb22357eacbe952e37fbc106
barenco_tof_3,38_5,32,40,41,1,-1,7,1482,36,64c863a8f2825e553d1b91eee3a207bb1eb989f8f09284387058ae4e8d65f6ea
barenco_tof_3,38_5,33,41,40,-1,1,7,3568,37,f2a142cb547f7c5d65c66c57dce4e15803cfe5e5a413c75777a27eb6ce0eda1e
barenco_tof_3,38_5,34,40,41,1,-1,8,4359,37,4c3a843898c1db13754e38c30a5c9f2e7f5697cdb7f5dcf9953967288b876936
barenco_tof_3,38_5,35,41,40,-1,1,8,4413,37,11be98fb5123f56b06fe3951379b08870fde266e229d68bbf03f4b071d9a34cb
barenco_tof_3,38_5,36,40,41,1,-1,7,1482,36,64c863a8f2825e553d1b91eee3a207bb1eb989f8f09284387058ae4e8d65f6ea
barenco_tof_3,38_5,37,41,41,0,0,5,1558,37,f2a142cb547f7c5d65c66c57dce4e15803cfe5e5a413c75777a27eb6ce0eda1e
barenco_tof_3,38_5,38,41,43,2,-2,22,40,37,ebf9de0c5acf4ff0fd386ef0ec648a358aea25df15bc8f55daa206f4605ec52f
barenco_tof_3,38_5,39,43,41,-2,2,22,41,39,2a7e38edda456eb8cb4858160d49a36528b2ca895b867040cc7b278151ef6bd7
barenco_tof_3,38_5,40,41,40,-1,1,11,3432,37,ebf9de0c5acf4ff0fd386ef0ec648a358aea25df15bc8f55daa206f4605ec52f
barenco_tof_3,38_5,41,40,40,0,0,25,39,36,9ecf20622e3375cb016a323b0f5f19116c45e06d96198dcf4bd25d35ac09ad60
barenco_tof_3,38_5,42,40,40,0,0,1,44,35,813890285dd66e8206705cab316a5904ec0199d2788bcbfba1ef666b87d29a1e
barenco_tof_3,38_5,43,40,40,0,0,1,39,35,c4f937c132fb0e5acebbab3b1190aaa506ab8877a9143109643d06d85a2fd509
barenco_tof_3,38_5,44,40,42,2,-2,0,24,35,813890285dd66e8206705cab316a5904ec0199d2788bcbfba1ef666b87d29a1e
barenco_tof_3,38_5,45,42,40,-2,2,1,25,37,d01eb14e9f8984031253a0857252aa05cb1d5cbe804b1fc817ce0bf19b289a3a
barenco_tof_3,38_5,46,40,40,0,0,24,44,35,813890285dd66e8206705cab316a5904ec0199d2788bcbfba1ef666b87d29a1e
barenco_tof_3,38_5,47,40,41,1,-1,20,2909,36,9ecf20622e3375cb016a323b0f5f19116c45e06d96198dcf4bd25d35ac09ad60
barenco_tof_3,38_5,48,41,41,0,0,23,120,38,c22be46cef8c4091b4812580c6236fe619a4691b861194e4d2cb73b796f0735f
barenco_tof_3,38_5,49,41,39,-2,2,23,4676,38,9d57ec8da669fffeb5ec91e08815da499150254d5d658fe62237634db9895d8c
barenco_tof_3,38_5,50,39,41,2,-2,0,24,36,23811a82e60106a2ae66b4fa092c089d194454c2d045a762eef44cf7fd431e56
barenco_tof_3,38_5,51,41,41,0,0,2,69,38,c54e8c9fb813614db84c74cf0dd9d1da8ea8fef880da2d38f085a5951b90abc3
barenco_tof_3,38_5,52,41,39,-2,2,2,4652,38,59ca4c66252dd0f18c20b492b32b5d154d4ffac36754fbf437de61e71cdb5a30
barenco_tof_3,38_5,53,39,40,1,-1,2,1492,36,23811a82e60106a2ae66b4fa092c089d194454c2d045a762eef44cf7fd431e56
barenco_tof_3,38_5,54,40,40,0,0,4,4385,38,ffa582af1ac9fa8f9488a45e1072902b7612317f6b61cbe0526c27a25412080d
barenco_tof_3,38_5,55,40,40,0,0,5,3840,38,197b15ddfafce2bcd44a7389948ae8f1b38aebeb4efbc26b2088d1e44e0051f6
barenco_tof_3,38_5,56,40,40,0,0,2,120,38,799c2b59240bb13ff02e1a6dab482fc811cfe257ba8882071e55a3b8a6e90166
barenco_tof_3,38_5,57,40,38,-2,2,2,41,38,ba498c8b22410f83fbdd2860462ce157490bcba31dda3262a7fbecf3e63da992
barenco_tof_3,39_0,0,40,40,0,0,6,1497,38,ec8fe3b61420df5a2e45e2ee066f975e8f0a7cb52511a6c9fe19263727f64806
barenco_tof_3,39_0,1,40,40,0,0,7,121,39,779eada3c391eeeaf5fc6e9694236238b0f45ec6d04cdc097ab694a339cc5358
barenco_tof_3,39_0,2,40,40,0,0,3,1565,39,525be9694cd6bd2a21d121519239d4becd2a658bbf9aead1a71894789ab07f23
barenco_tof_3,39_0,3,40,39,-1,1,5,1595,39,3936f30a203cfb7f10361b4336f2c16d0329052f3b4e54bf39c2ad57ffc4dd21
barenco_tof_3,39_1,0,40,41,1,-1,20,814,39,e4c9781befce87a6087e7d6fee395d7f39eb442303a882d07acb32e97eb7e177
barenco_tof_3,39_1,1,41,41,0,0,5,4358,38,1af27044fde00f7b8af9d71484672c4fcaa2300516bf97bd5aa85867c34f70f3
barenco_tof_3,39_1,2,41,42,1,-1,23,1574,36,51180b34ee487056fcd12d9ba50bba6de1ef3c7933a7936c580a869788936479
barenco_tof_3,39_1,3,42,40,-2,2,21,41,38,33e108425f8c30293049db860bc40efe7fa768c271cb3c9ac3dd3f6b82b20ea8
barenco_tof_3,39_1,4,40,40,0,0,8,39,36,a0c7883801fcfbfa5c2588490ea5270e88e1c178449c5a23c76742b224f1e160
barenco_tof_3,39_1,5,40,40,0,0,8,38,36,cefaa40c379b984f59c0e7f1298f5e82c04cb676d315686c43280c629f8b8c0d
barenco_tof_3,39_1,6,40,40,0,0,8,45,36,a0c7883801fcfbfa5c2588490ea5270e88e1c178449c5a23c76742b224f1e160
barenco_tof_3,39_1,7,40,41,1,-1,6,4431,36,cefaa40c379b984f59c0e7f1298f5e82c04cb676d315686c43280c629f8b8c0d
barenco_tof_3,39_1,8,41,40,-1,1,8,939,38,cd471feeb4181837b279dd10f7aa00e63055c7d1df8b1d843a0b7877912d6951
barenco_tof_3,39_1,9,40,40,0,0,8,44,36,cefaa40c379b984f59c0e7f1298f5e82c04cb676d315686c43280c629f8b8c0d
barenco_tof_3,39_1,10,40,40,0,0,8,45,36,a0c7883801fcfbfa5c2588490ea5270e88e1c178449c5a23c76742b224f1e160
barenco_tof_3,39_1,11,40,41,1,-1,9,822,36,cefaa40c379b984f59c0e7f1298f5e82c04cb676d315686c43280c629f8b8c0d
barenco_tof_3,39_1,12,41,41,0,0,6,4385,37,e2a042b44914126ff3119b1fd73f9b14b939ea32c4e51060fa3c76683bb43743
barenco_tof_3,39_1,13,41,41,0,0,10,4406,39,7b66019109bcb6fe8b86bde09f322ac6cded7bfad8a19973684db7a13ae517cd
barenco_tof_3,39_1,14,41,41,0,0,9,38,39,1d8c268189dec66e5f25f7571cb2052333dd5244e0e4c1ec72ef9db3583760a5
barenco_tof_3,39_1,15,41,41,0,0,9,45,39,951f8ba85364bfac7e79a72644edf1fe85d23564dbc1d711c8ac46b0b25db937
barenco_tof_3,39_1,16,41,41,0,0,8,45,39,1d8c268189dec66e5f25f7571cb2052333dd5244e0e4c1ec72ef9db3583760a5
barenco_tof_3,39_1,17,41,41,0,0,10,4394,38,f804182a095a8211312d84cc22ab7f443d25a97866050794e2569b1ff4ab75aa
barenco_tof_3,39_1,18,41,39,-2,2,9,4676,38,1348e94372120e3487c16d941aeafc5ebc12beff13899300cb2a60d37e5e63a8
barenco_tof_3,39_2,0,41,41,0,0,22,121,40,7ab45e5e8ef588658a0a922ac8cc44ba143ee5286dc284ee80d04dbb6f7b0f59
barenco_tof_3,39_2,1,41,40,-1,1,20,1595,40,7f62576131033a39be654c503ce30f62a10e9a940b2da1f1fe27ba2f8563348a
barenco_tof_3,39_2,2,40,40,0,0,5,4361,38,ec8fe3b61420df5a2e45e2ee066f975e8f0a7cb52511a6c9fe19263727f64806
barenco_tof_3,39_2,3,40,39,-1,1,7,957,36,a0c7883801fcfbfa5c2588490ea5270e88e1c178449c5a23c76742b224f1e160
barenco_tof_3,39_3,0,41,41,0,0,21,4394,39,2c657302d9539a0a6947c844c7b50a0d0c1b5d8018f3e49808c8684ea3a68218
barenco_tof_3,39_3,1,41,41,0,0,21,4361,40,7ab45e5e8ef588658a0a922ac8cc44ba143ee5286dc284ee80d04dbb6f7b0f59
barenco_tof_3,39_3,2,41,40,-1,1,20,823,39,2c657302d9539a0a6947c844c7b50a0d0c1b5d8018f3e49808c8684ea3a68218
barenco_tof_3,39_3,3,40,40,0,0,5,4358,38,ec8fe3b61420df5a2e45e2ee066f975e8f0a7cb52511a6c9fe19263727f64806
barenco_tof_3,39_3,4,40,40,0,0,8,39,36,a0c7883801fcfbfa5c2588490ea5270e88e1c178449c5a23c76742b224f1e160
barenco_tof_3,39_3,5,40,40,0,0,8,44,36,cefaa40c379b984f59c0e7f1298f5e82c04cb676d315686c43280c629f8b8c0d
barenco_tof_3,39_3,6,40,42,2,-2,10,101,36,a0c7883801fcfbfa5c2588490ea5270e88e1c178449c5a23c76742b224f1e160
barenco_tof_3,39_3,7,42,40,-2,2,0,102,36,839e127affebe99e64c164dce0afa7af1458c1b1b81d1564516297e06020401f
barenco_tof_3,39_3,8,40,39,-1,1,7,3432,36,a0c7883801fcfbfa5c2588490ea5270e88e1c178449c5a23c76742b224f1e160
barenco_tof_3,39_4,0,40,40,0,0,23,39,39,957c570c788525681562b57229614c89c4961719913c5fedd392544ddcaaf0d0
barenco_tof_3,39_4,1,40,40,0,0,21,44,38,ee1e32ec289610e5251a994aa17b7b46febc94993766e661f1168aada6dd08ab
barenco_tof_3,39_4,2,40,42,2,-2,8,40,39,957c570c788525681562b57229614c89c4961719913c5fedd392544ddcaaf0d0
barenco_tof_3,39_4,3,42,40,-2,2,8,41,41,cc628be975b2b7335b14ba737bc6aad13b1f69ce87f594341c3efe98d622f18a
barenco_tof_3,39_4,4,40,42,2,-2,8,42,39,957c570c788525681562b57229614c89c4961719913c5fedd392544ddcaaf0d0
barenco_tof_3,39_4,5,42,40,-2,2,8,43,41,cc628be975b2b7335b14ba737bc6aad13b1f69ce87f594341c3efe98d622f18a
barenco_tof_3,39_4,6,40,40,0,0,5,1496,39,957c570c788525681562b57229614c89c4961719913c5fedd392544ddcaaf0d0
barenco_tof_3,39_4,7,40,41,1,-1,6,938,38,89402ce4f7cd2f9774bf144583352e1b5287722c0e9f60bbe40f89ef029c752e
barenco_tof_3,39_4,8,41,40,-1,1,6,3564,38,a95b7fe245f840c0b2d18249bdee96080edd541976a00c6943c12ff1e330a273
barenco_tof_3,39_4,9,40,42,2,-2,21,36,38,89402ce4f7cd2f9774bf144583352e1b5287722c0e9f60bbe40f89ef029c752e
barenco_tof_3,39_4,10,42,42,0,0,21,121,40,1227a86ae90783309679a1e273f4ed82550749b1e0e8a50dc0d584c5f4622cdd
barenco_tof_3,39_4,11,42,42,0,0,21,121,40,501560f94373aa5779c2f62a985692dbcbf7e31967b44a72af711d7ef54a3093
barenco_tof_3,39_4,12,42,41,-1,1,20,811,40,1227a86ae90783309679a1e273f4ed82550749b1e0e8a50dc0d584c5f4622cdd
barenco_tof_3,39_4,13,41,41,0,0,22,120,39,85b029155bee661cbf967e7532b430c9b58a1a45921831842e6c34e268978178
barenco_tof_3,39_4,14,41,41,0,0,22,121,39,9f02278cde98a40e24e007c5d4b67c00a0baeee4f18d24f35ecc62e8fe6ffa30
barenco_tof_3,39_4,15,41,40,-1,1,20,3836,39,85b029155bee661cbf967e7532b430c9b58a1a45921831842e6c34e268978178
barenco_tof_3,39_4,16,40,41,1,-1,7,816,38,89402ce4f7cd2f9774bf144583352e1b5287722c0e9f60bbe40f89ef029c752e
barenco_tof_3,39_4,17,41,41,0,0,8,4397,38,8ae8dbf99d855a7d208daf6587a8bbf0650c2a08e9bb255a64d4bb7419c47e82
barenco_tof_3,39_4,18,41,41,0,0,6,44,39,e24fb42f582014209f279048c0390418acda2efb7949ba200222444f8d3ccc16
barenco_tof_3,39_4,19,41,43,2,-2,9,40,38,f46383b80dc47b468da30bd1d34497ec4a359720b05f1a71a8831ff8abc34044
barenco_tof_3,39_4,20,43,41,-2,2,9,43,40,8308b41ac0dc11e5de4fc180a99cf6fd459eb6bf081013e661d1faa81de22b32
barenco_tof_3,39_4,21,41,42,1,-1,21,3434,38,f46383b80dc47b468da30bd1d34497ec4a359720b05f1a71a8831ff8abc34044
barenco_tof_3,39_4,22,42,42,0,0,9,4397,37,f726bd8186446cfc766dcf9ac091dbbafe1a9b1467e55718f3a6c6ff47cfa893
barenco_tof_3,39_4,23,42,41,-1,1,5,811,38,76ef5894d236869f5f7251b04ac2c06ea2330d2d9fef65a2b5bf2930ea42cdab
barenco_tof_3,39_4,24,41,43,2,-2,9,40,38,6751166be3f1be4cfd2d7b7d88dec28e7ebc86af4f4ad1baf961bea985f7a2b9
barenco_tof_3,39_4,25,43,41,-2,2,9,41,40,44e28221953e5a0d5565196b1e110cd123e7f0935d4c8b2fb5eb042f35f48590
barenco_tof_3,39_4,26,41,40,-1,1,5,3438,38,6751166be3f1be4cfd2d7b7d88dec28e7ebc86af4f4ad1baf961bea985f7a2b9
barenco_tof_3,39_4,27,40,42,2,-2,0,22,37,182cf9a113219d76a9615793d5956ad0b163ee028a9762bd427dbe9837be88ca
barenco_tof_3,39_4,28,42,40,-2,2,0,25,38,0ca529f1387ffb3f2f0b423a08a9ee00af804b7f1c2b4797ad6f86aaf45d0cab
barenco_tof_3,39_4,29,40,41,1,-1,20,2909,37,182cf9a113219d76a9615793d5956ad0b163ee028a9762bd427dbe9837be88ca
barenco_tof_3,39_4,30,41,41,0,0,21,120,39,3f36f3f970c5a142b3edbdef7b002d0ef30beb9956d1fd5e1d728d58b8823a18
barenco_tof_3,39_4,31,41,41,0,0,21,121,39,5516666a490d73144927a76e5e89e0febb0bff7dce7b2c96920da46944b5b5f2
barenco_tof_3,39_4,32,41,41,0,0,21,121,39,3f36f3f970c5a142b3edbdef7b002d0ef30beb9956d1fd5e1d728d58b8823a18
barenco_tof_3,39_4,33,41,39,-2,2,23,4694,39,5516666a490d73144927a76e5e89e0febb0bff7dce7b2c96920da46944b5b5f2
barenco_tof_3,39_5,0,40,40,0,0,5,4358,39,e4c9781befce87a6087e7d6fee395d7f39eb442303a882d07acb32e97eb7e177
barenco_tof_3,39_5,1,40,42,2,-2,9,106,37,ecdf1e6229cdc15e0c47aca02b22e05431b8f01fd1f94199dcc6523eb248a9bc
barenco_tof_3,39_5,2,42,40,-2,2,0,107,37,fa3eb28ed99c6c4b7a99b079703cd8ea4294cb3176a1e965bf064858ca6ac039
barenco_tof_3,39_5,3,40,42,2,-2,9,106,37,ecdf1e6229cdc15e0c47aca02b22e05431b8f01fd1f94199dcc6523eb248a9bc
barenco_tof_3,39_5,4,42,40,-2,2,0,107,37,fa3eb28ed99c6c4b7a99b079703cd8ea4294cb3176a1e965bf064858ca6ac039
barenco_tof_3,39_5,5,40,41,1,-1,20,816,37,ecdf1e6229cdc15e0c47aca02b22e05431b8f01fd1f94199dcc6523eb248a9bc
barenco_tof_3,39_5,6,41,41,0,0,22,121,38,773dbc173daa644ed879bdda70bbbbc73bcd20419a5ebdc21c4bd82b74c647db
barenco_tof_3,39_5,7,41,41,0,0,21,1496,38,94d2f27c1959ce71d9bfa31ef7fbc1033b352cee40ad947f34c13ca07837d607
barenco_tof_3,39_5,8,41,41,0,0,21,121,37,b9901c22f3bc88ccc60cf1f7376d2d8e44ba90fa5148f6d3ec0084e922bb235a
barenco_tof_3,39_5,9,41,41,0,0,21,120,37,001a4a7ad474d75b1046bab0188ed879abc831aea11676ad107d5e8556b81306
barenco_tof_3,39_5,10,41,41,0,0,21,1592,37,b9901c22f3bc88ccc60cf1f7376d2d8e44ba90fa5148f6d3ec0084e922bb235a
barenco_tof_3,39_5,11,41,41,0,0,21,1496,38,94d2f27c1959ce71d9bfa31ef7fbc1033b352cee40ad947f34c13ca07837d607
barenco_tof_3,39_5,12,41,41,0,0,22,39,37,b9901c22f3bc88ccc60cf1f7376d2d8e44ba90fa5148f6d3ec0084e922bb235a
barenco_tof_3,39_5,13,41,41,0,0,22,38,37,d1fb5d9c73ee99474ee653aec8e01aeb266b464f0b4adb1ccd71245f8fa6045b
barenco_tof_3,39_5,14,41,43,2,-2,9,106,37,b9901c22f3bc88ccc60cf1f7376d2d8e44ba90fa5148f6d3ec0084e922bb235a
barenco_tof_3,39_5,15,43,41,-2,2,0,107,37,ee7b468ab418a143a5bd1754197756818d245a973e1a0fe7ddc53d347080eb58
barenco_tof_3,39_5,16,41,41,0,0,20,3840,37,b9901c22f3bc88ccc60cf1f7376d2d8e44ba90fa5148f6d3ec0084e922bb235a
barenco_tof_3,39_5,17,41,40,-1,1,7,3432,36,306a30da57f6f983d79e4e1c075eb5ece537eaae1a7209dcc7861162589150d1
barenco_tof_3,39_5,18,40,41,1,-1,20,1540,37,2ac02ce353e580dfb990857551c109867ddeba3c6124f3fb4b02a856b333766c
barenco_tof_3,39_5,19,41,41,0,0,21,120,39,4975f15ab47210ae2917ff1cff3c7b5aa3ecc6283d4399af5bbf6988acb7fd22
barenco_tof_3,39_5,20,41,41,0,0,22,4373,39,6f03971848f87ab426c06ca921bd0c1fc27487c720ba4e114f96b524fe1f476d
barenco_tof_3,39_5,21,41,41,0,0,23,121,39,0bc3f2cdd245865895a09f95f58c2ee0b9c8a24d83720f376d1445bee9301943
barenco_tof_3,39_5,22,41,40,-1,1,20,1477,39,6999ddbeef533dbc156ee171bfe2221ce9bcc3a65ae44c1b92d6e5885a6305b3
barenco_tof_3,39_5,23,40,42,2,-2,23,42,37,d4fbfb4e5c9ebd9e52ba340248a9390703e7747ebc779bc9be8a8a65dd073ec2
barenco_tof_3,39_5,24,42,42,0,0,19,110,39,954b685e7565922b6dabb0d7c6919aed72613156d19106289e512ca1b1328350
barenco_tof_3,39_5,25,42,42,0,0,20,111,39,c9a3ae698491493aa28059b1d0e4a148b52f54c9984929dd0d436d6d045aca3f
barenco_tof_3,39_5,26,42,40,-2,2,22,41,39,954b685e7565922b6dabb0d7c6919aed72613156d19106289e512ca1b1328350
barenco_tof_3,39_5,27,40,41,1,-1,22,1482,37,d4fbfb4e5c9ebd9e52ba340248a9390703e7747ebc779bc9be8a8a65dd073ec2
barenco_tof_3,39_5,28,41,40,-1,1,21,959,39,b2af289efe6b88259f119e21fa6f05798c8ebda79d8c99906164593b9efaedc9
barenco_tof_3,39_5,29,40,41,1,-1,20,2909,37,d4fbfb4e5c9ebd9e52ba340248a9390703e7747ebc779bc9be8a8a65dd073ec2
barenco_tof_3,39_5,30,41,41,0,0,21,120,39,4975f15ab47210ae2917ff1cff3c7b5aa3ecc6283d4399af5bbf6988acb7fd22
barenco_tof_3,39_5,31,41,41,0,0,21,121,39,6f03971848f87ab426c06ca921bd0c1fc27487c720ba4e114f96b524fe1f476d
barenco_tof_3,39_5,32,41,41,0,0,21,120,39,4975f15ab47210ae2917ff1cff3c7b5aa3ecc6283d4399af5bbf6988acb7fd22
barenco_tof_3,39_5,33,41,39,-2,2,23,4676,39,6f03971848f87ab426c06ca921bd0c1fc27487c720ba4e114f96b524fe1f476d
barenco_tof_3,40_2,0,44,44,0,0,20,4382,42,2e437ae6080f599c61378bdafea72b3f18ba4bc31c5f2acbd66ba498c3a15d01
barenco_tof_3,40_2,1,44,44,0,0,21,39,43,2eb92d0ef964e827a8e762ea6e6f3412153f699d6bccf7e38909a19ba650ae08
barenco_tof_3,40_2,2,44,42,-2,2,22,4664,42,8ac874968facaa17e0420e6c9f9def4f750b82c438967b43f66abd4c1d68854f
barenco_tof_3,40_2,3,42,40,-2,2,7,3322,39,e9f10328dedbc53af306dff6e9d610ae82551835d6fd0c91359849a6cbcfbca8
barenco_tof_3,41_2,0,47,47,0,0,25,39,44,919111f0949cc526c12c426bdade9a0913cff4f0532dca21c02cb882a4a01dc8
barenco_tof_3,41_2,1,47,47,0,0,24,44,45,8ed75cffd7737116eed8f3f7395a2c9913f6d91fd14558646ea38e1a790bd1c1
barenco_tof_3,41_2,2,47,47,0,0,25,1533,44,919111f0949cc526c12c426bdade9a0913cff4f0532dca21c02cb882a4a01dc8
barenco_tof_3,41_2,3,47,49,2,-2,21,26,43,fb9a56285aa33c7dd7ebf1b4bede6644ddda6af2ec9e8107abb3950a62069dab
barenco_tof_3,41_2,4,49,49,0,0,22,695,43,c944f56bf685e1a11a1c27c3482375027f3360262c2b6ce4c750f9f4cc47d26c
barenco_tof_3,41_2,5,49,49,0,0,22,695,43,9a68d99b26e3a6f09e1723d6e547bfa8a249ecbac411c97d5bb2ca06cbd940de
barenco_tof_3,41_2,6,49,49,0,0,22,69,43,c944f56bf685e1a11a1c27c3482375027f3360262c2b6ce4c750f9f4cc47d26c
barenco_tof_3,41_2,7,49,49,0,0,20,82,43,e3cdc109aad8660c61df9cfbae62e2ed81d5b954ef7b267d3faaf7ef577bf9d5
barenco_tof_3,41_2,8,49,49,0,0,22,695,43,c944f56bf685e1a11a1c27c3482375027f3360262c2b6ce4c750f9f4cc47d26c
barenco_tof_3,41_2,9,49,47,-2,2,10,25,43,9a68d99b26e3a6f09e1723d6e547bfa8a249ecbac411c97d5bb2ca06cbd940de
barenco_tof_3,41_2,10,47,49,2,-2,19,101,43,ebf50697b30a5e196f474c7574fe7123aaa874ecc7499e5086d9453224c0f4f7
barenco_tof_3,41_2,11,49,47,-2,2,10,107,43,d62fdb220363c965935de4ddb21a0145b4a7c0f854b267bc65657c51205b18ff
barenco_tof_3,41_2,12,47,47,0,0,23,1564,43,ebf50697b30a5e196f474c7574fe7123aaa874ecc7499e5086d9453224c0f4f7
barenco_tof_3,41_2,13,47,47,0,0,8,3284,43,c4718a4f1a065b6f03dfc8101e97489a66c17a07707751307f9927ba705d272e
barenco_tof_3,41_2,14,47,49,2,-2,29,101,44,59de2268b0d2ac696a055716330d9a086046a3c412e66bbb8c50afda05a4fab9
barenco_tof_3,41_2,15,49,51,2,-2,29,26,44,2d16d57c6438f7672c74e3fc6984844be414cb9a25007d3b1d4fb94b88ad58aa
barenco_tof_3,41_2,16,51,49,-2,2,29,27,46,5fd831174d0ad2c72f51fb27725b7cfac8cabefef1de905ff668076dcb1d547d
barenco_tof_3,41_2,17,49,49,0,0,31,290,44,2d16d57c6438f7672c74e3fc6984844be414cb9a25007d3b1d4fb94b88ad58aa
barenco_tof_3,41_2,18,49,49,0,0,29,68,44,0447f9502e1ae9810cf72a124be0aa8b36966255bc70e08f4e0c6f0a96d6601a
barenco_tof_3,41_2,19,49,49,0,0,28,69,44,cdb8746308a204fd9da0bc29933dea82415d66dabf1636fa129d64845b4357b9
barenco_tof_3,41_2,20,49,49,0,0,29,68,44,0447f9502e1ae9810cf72a124be0aa8b36966255bc70e08f4e0c6f0a96d6601a
barenco_tof_3,41_2,21,49,49,0,0,30,38,44,cdb8746308a204fd9da0bc29933dea82415d66dabf1636fa129d64845b4357b9
barenco_tof_3,41_2,22,49,47,-2,2,11,107,44,2d16d57c6438f7672c74e3fc6984844be414cb9a25007d3b1d4fb94b88ad58aa
barenco_tof_3,41_2,23,47,49,2,-2,22,132,44,59de2268b0d2ac696a055716330d9a086046a3c412e66bbb8c50afda05a4fab9
barenco_tof_3,41_2,24,49,47,-2,2,25,133,46,19c25aed53147a7ca384086c73d54935389d338577db1aa976a4c2ca1b50866d
barenco_tof_3,41_2,25,47,47,0,0,24,3236,44,59de2268b0d2ac696a055716330d9a086046a3c412e66bbb8c50afda05a4fab9
barenco_tof_3,41_2,26,47,47,0,0,23,38,44,652781bdfe879ccee9b49e2f6395c3cdb30d0dcd5e5ebd9cea89bbc1eae77745
barenco_tof_3,41_2,27,47,45,-2,2,18,3322,43,c73842d9e58e5e448dfc7f2d02c6ef228bed3ea366f331562a6eab39ef732d2a
barenco_tof_3,41_2,28,45,45,0,0,25,3307,43,4687b3a928acd498083632df589b3c9d7e9515b332b0a6d2d5ded6059b9b94ac
barenco_tof_3,41_2,29,45,45,0,0,24,2946,43,b764beb9cdd99672d34cbb38102c3b0c8e47bedcc66e1b585a59a4cf1035e02e
barenco_tof_3,41_2,30,45,45,0,0,23,345,43,566b87c9ce427ca08fe749f6d39b14578e6853bcb9d0e07600b71ab3553d5b29
barenco_tof_3,41_2,31,45,45,0,0,7,1534,44,9eac5d903623ef8941f1f54ac95a85e38f65c7aca1e49ddc5d07c3f065c66706
barenco_tof_3,41_2,32,45,44,-1,1,11,4391,42,509bf00b8ae3213d66ad0bbe350d8af724ddc38cbd0ffbe2bfd9c4de43239720
barenco_tof_3,41_2,33,44,44,0,0,6,44,42,5f17a999cacce2d0987d450733d2767780561fbf8732dbfc158b0ada99d657e7
barenco_tof_3,41_2,34,44,44,0,0,22,38,42,2e437ae6080f599c61378bdafea72b3f18ba4bc31c5f2acbd66ba498c3a15d01
barenco_tof_3,41_2,35,44,42,-2,2,20,3322,43,1f4bad790ea0f437fd9aaaa37c08b521b87166e757af8a4aae141cb0b8b0625c
barenco_tof_3,41_2,36,42,42,0,0,22,1436,41,00c03c911ea81ce52ede1f5961dc52912da4c8e9959e7b93bd2c1ff1228b944a
barenco_tof_3,41_2,37,42,41,-1,1,23,1553,41,e6db92dcfa20d6b876668602e1be02070742d277a8336c7e6e86a531323eb859
barenco_tof_3,41_3,0,46,48,2,-2,2,36,41,6f41030df965f0ddb07d7a8d6c0d4c852aaa29bb83f438f01de8fef702a00930
barenco_tof_3,41_3,1,48,46,-2,2,2,37,43,e74439f02775adb0724227ed333ad33517dd0ee873fe5c731833c5f73f8cdf08
barenco_tof_3,41_3,2,46,47,1,-1,23,810,41,6f41030df965f0ddb07d7a8d6c0d4c852aaa29bb83f438f01de8fef702a00930
barenco_tof_3,41_3,3,47,46,-1,1,13,3430,42,dd205e20939490f3984d5bc2f693349dc4cbfdf02522f8e567c0ea310789ddcd
barenco_tof_3,41_3,4,46,48,2,-2,19,101,41,6f41030df965f0ddb07d7a8d6c0d4c852aaa29bb83f438f01de8fef702a00930
barenco_tof_3,41_3,5,48,46,-2,2,10,102,41,6f99d9cdb498226d308901de6dad92055b76632100fcef2da7747a063869e2a8
barenco_tof_3,41_3,6,46,47,1,-1,23,1482,41,6f41030df965f0ddb07d7a8d6c0d4c852aaa29bb83f438f01de8fef702a00930
barenco_tof_3,41_3,7,47,46,-1,1,23,959,44,43e7107547cdf2f715e811ceab64168ac5043d50232503ec95f80edce8892c89
barenco_tof_3,41_3,8,46,48,2,-2,19,101,41,6f41030df965f0ddb07d7a8d6c0d4c852aaa29bb83f438f01de8fef702a00930
barenco_tof_3,41_3,9,48,46,-2,2,10,102,41,6f99d9cdb498226d308901de6dad92055b76632100fcef2da7747a063869e2a8
barenco_tof_3,41_3,10,46,48,2,-2,22,36,41,6f41030df965f0ddb07d7a8d6c0d4c852aaa29bb83f438f01de8fef702a00930
barenco_tof_3,41_3,11,48,48,0,0,17,44,44,a43bbac4dbd48d04d57678b2e55990bb003686574389024188c9141d0591ea12
barenco_tof_3,41_3,12,48,48,0,0,24,4394,44,42a1edc3ee8c19df4a4ef19239554efe890f41a098f162788eb5833ca5254f8f
barenco_tof_3,41_3,13,48,48,0,0,25,4397,46,3ec83081820af7c325cb33b538b2f260907b2c6c0ca9dc6c0cc3827774d5ff5a
barenco_tof_3,41_3,14,48,50,2,-2,21,22,44,42a1edc3ee8c19df4a4ef19239554efe890f41a098f162788eb5833ca5254f8f
barenco_tof_3,41_3,15,50,50,0,0,22,83,44,3af1eb744146dcec6435f3ea7693e16cc4deb996e0e71d05cf70fda99db0258a
barenco_tof_3,41_3,16,50,50,0,0,11,313,44,7c740ab0dbf72c54aaa64910fce7191f21ec28375144d1ef56c43832707147d8
barenco_tof_3,41_3,17,50,48,-2,2,10,102,44,ea73586ecdcbb88fcdcc8c3c1f1edaa639532fff546e50d6c52231c50e6e945d
barenco_tof_3,41_3,18,48,48,0,0,17,45,44,42a1edc3ee8c19df4a4ef19239554efe890f41a098f162788eb5833ca5254f8f
barenco_tof_3,41_3,19,48,48,0,0,17,38,43,2afe08552a1554339bfbac2e0f1f6100761e956a641473a550766b97a6d407b8
barenco_tof_3,41_3,20,48,47,-1,1,25,951,44,42a1edc3ee8c19df4a4ef19239554efe890f41a098f162788eb5833ca5254f8f
barenco_tof_3,41_3,21,47,47,0,0,8,38,44,9ece375feb72542861d6dd9ff94f9ca19b006829f4ecd1c1f58f95ff25ca8afd
barenco_tof_3,41_3,22,47,49,2,-2,21,24,45,7170c0d8f556b17e3475f46f1e2ef6f2025bfc01b6a5acf4bfc1a8d9d9a03971
barenco_tof_3,41_3,23,49,47,-2,2,9,23,45,ce5c876351f064e2ebe5d01065937d7259aa958465ecee86da049e798269b69c
barenco_tof_3,41_3,24,47,47,0,0,25,4336,45,7170c0d8f556b17e3475f46f1e2ef6f2025bfc01b6a5acf4bfc1a8d9d9a03971
barenco_tof_3,41_3,25,47,45,-2,2,24,3320,45,4dbed5e4bd9f0fd6cec2e0eb8e65fa4a5fa3934b5d9535118598b899adcd9635
barenco_tof_3,41_3,26,45,45,0,0,20,45,43,206ebdcc203db49b6194e0af2ef4dd3b31e0bf2b2c69af643e71b7c0b3bf2a41
barenco_tof_3,41_3,27,45,45,0,0,20,38,42,142edd3159cfaadd496bcec63767023ed896cf44271770bf6f64ac0edf896241
barenco_tof_3,41_3,28,45,45,0,0,24,45,43,206ebdcc203db49b6194e0af2ef4dd3b31e0bf2b2c69af643e71b7c0b3bf2a41
barenco_tof_3,41_3,29,45,44,-1,1,23,1553,43,c11addcc3e727260671848add3e268e5f3187b1917efd1d6c02cfd586250ec1e
barenco_tof_3,41_3,30,44,44,0,0,7,1496,42,db3f9ec1df2e8c8be76348f2295011c02d719853d8fe259c26e079872c005b80
barenco_tof_3,41_3,31,44,43,-1,1,11,4377,40,b721bec32ef677d79fe1ec5a66465ea63e5f1fd9634538698e250f7591d41618
barenco_tof_3,41_3,32,43,43,0,0,6,44,39,803d68083eaff8c748ffa2265de5920b1d9f644afbb1431544bd0a5707dee6b9
barenco_tof_3,41_3,33,43,41,-2,2,22,3320,40,044c8e14cd425ca4ad1bad274205df5492d06fa56d0170a1f303692d009f8823
barenco_tof_3,42_2,0,47,47,0,0,25,39,44,919111f0949cc526c12c426bdade9a0913cff4f0532dca21c02cb882a4a01dc8
barenco_tof_3,42_2,1,47,47,0,0,24,44,45,8ed75cffd7737116eed8f3f7395a2c9913f6d91fd14558646ea38e1a790bd1c1
barenco_tof_3,42_2,2,47,47,0,0,25,1533,44,919111f0949cc526c12c426bdade9a0913cff4f0532dca21c02cb882a4a01dc8
barenco_tof_3,42_2,3,47,49,2,-2,21,26,43,fb9a56285aa33c7dd7ebf1b4bede6644ddda6af2ec9e8107abb3950a62069dab
barenco_tof_3,42_2,4,49,49,0,0,22,695,43,c944f56bf685e1a11a1c27c3482375027f3360262c2b6ce4c750f9f4cc47d26c
barenco_tof_3,42_2,5,49,49,0,0,22,695,43,9a68d99b26e3a6f09e1723d6e547bfa8a249ecbac411c97d5bb2ca06cbd940de
barenco_tof_3,42_2,6,49,49,0,0,22,69,43,c944f56bf685e1a11a1c27c3482375027f3360262c2b6ce4c750f9f4cc47d26c
barenco_tof_3,42_2,7,49,49,0,0,20,82,43,e3cdc109aad8660c61df9cfbae62e2ed81d5b954ef7b267d3faaf7ef577bf9d5
barenco_tof_3,42_2,8,49,49,0,0,22,695,43,c944f56bf685e1a11a1c27c3482375027f3360262c2b6ce4c750f9f4cc47d26c
barenco_tof_3,42_2,9,49,47,-2,2,10,25,43,9a68d99b26e3a6f09e1723d6e547bfa8a249ecbac411c97d5bb2ca06cbd940de
barenco_tof_3,42_2,10,47,49,2,-2,19,101,43,ebf50697b30a5e196f474c7574fe7123aaa874ecc7499e5086d9453224c0f4f7
barenco_tof_3,42_2,11,49,47,-2,2,10,107,43,d62fdb220363c965935de4ddb21a0145b4a7c0f854b267bc65657c51205b18ff
barenco_tof_3,42_2,12,47,47,0,0,23,1564,43,ebf50697b30a5e196f474c7574fe7123aaa874ecc7499e5086d9453224c0f4f7
barenco_tof_3,42_2,13,47,47,0,0,8,3284,43,c4718a4f1a065b6f03dfc8101e97489a66c17a07707751307f9927ba705d272e
barenco_tof_3,42_2,14,47,49,2,-2,29,101,44,59de2268b0d2ac696a055716330d9a086046a3c412e66bbb8c50afda05a4fab9
barenco_tof_3,42_2,15,49,51,2,-2,29,26,44,2d16d57c6438f7672c74e3fc6984844be414cb9a25007d3b1d4fb94b88ad58aa
barenco_tof_3,42_2,16,51,49,-2,2,29,27,46,5fd831174d0ad2c72f51fb27725b7cfac8cabefef1de905ff668076dcb1d547d
barenco_tof_3,42_2,17,49,49,0,0,31,290,44,2d16d57c6438f7672c74e3fc6984844be414cb9a25007d3b1d4fb94b88ad58aa
barenco_tof_3,42_2,18,49,49,0,0,29,68,44,0447f9502e1ae9810cf72a124be0aa8b36966255bc70e08f4e0c6f0a96d6601a
barenco_tof_3,42_2,19,49,49,0,0,28,69,44,cdb8746308a204fd9da0bc29933dea82415d66dabf1636fa129d64845b4357b9
barenco_tof_3,42_2,20,49,49,0,0,29,68,44,0447f9502e1ae9810cf72a124be0aa8b36966255bc70e08f4e0c6f0a96d6601a
barenco_tof_3,42_2,21,49,49,0,0,30,38,44,cdb8746308a204fd9da0bc29933dea82415d66dabf1636fa129d64845b4357b9
barenco_tof_3,42_2,22,49,47,-2,2,11,107,44,2d16d57c6438f7672c74e3fc6984844be414cb9a25007d3b1d4fb94b88ad58aa
barenco_tof_3,42_2,23,47,49,2,-2,22,132,44,59de2268b0d2ac696a055716330d9a086046a3c412e66bbb8c50afda05a4fab9
barenco_tof_3,42_2,24,49,47,-2,2,25,133,46,19c25aed53147a7ca384086c73d54935389d338577db1aa976a4c2ca1b50866d
barenco_tof_3,42_2,25,47,47,0,0,24,3236,44,59de2268b0d2ac696a055716330d9a086046a3c412e66bbb8c50afda05a4fab9
barenco_tof_3,42_2,26,47,47,0,0,23,38,44,652781bdfe879ccee9b49e2f6395c3cdb30d0dcd5e5ebd9cea89bbc1eae77745
barenco_tof_3,42_2,27,47,45,-2,2,18,3322,43,c73842d9e58e5e448dfc7f2d02c6ef228bed3ea366f331562a6eab39ef732d2a
barenco_tof_3,42_2,28,45,45,0,0,25,3307,43,4687b3a928acd498083632df589b3c9d7e9515b332b0a6d2d5ded6059b9b94ac
barenco_tof_3,42_2,29,45,45,0,0,24,2946,43,b764beb9cdd99672d34cbb38102c3b0c8e47bedcc66e1b585a59a4cf1035e02e
barenco_tof_3,42_2,30,45,45,0,0,23,345,43,566b87c9ce427ca08fe749f6d39b14578e6853bcb9d0e07600b71ab3553d5b29
barenco_tof_3,42_2,31,45,45,0,0,7,1534,44,9eac5d903623ef8941f1f54ac95a85e38f65c7aca1e49ddc5d07c3f065c66706
barenco_tof_3,42_2,32,45,44,-1,1,11,4391,42,509bf00b8ae3213d66ad0bbe350d8af724ddc38cbd0ffbe2bfd9c4de43239720
barenco_tof_3,42_2,33,44,44,0,0,6,44,42,5f17a999cacce2d0987d450733d2767780561fbf8732dbfc158b0ada99d657e7
barenco_tof_3,42_2,34,44,44,0,0,22,38,42,2e437ae6080f599c61378bdafea72b3f18ba4bc31c5f2acbd66ba498c3a15d01
barenco_tof_3,42_2,35,44,42,-2,2,20,3322,43,1f4bad790ea0f437fd9aaaa37c08b521b87166e757af8a4aae141cb0b8b0625c
barenco_tof_3,43_3,0,46,48,2,-2,2,36,41,6f41030df965f0ddb07d7a8d6c0d4c852aaa29bb83f438f01de8fef702a00930
barenco_tof_3,43_3,1,48,46,-2,2,2,37,43,e74439f02775adb0724227ed333ad33517dd0ee873fe5c731833c5f73f8cdf08
barenco_tof_3,43_3,2,46,47,1,-1,23,810,41,6f41030df965f0ddb07d7a8d6c0d4c852aaa29bb83f438f01de8fef702a00930
barenco_tof_3,43_3,3,47,46,-1,1,13,3430,42,dd205e20939490f3984d5bc2f693349dc4cbfdf02522f8e567c0ea310789ddcd
barenco_tof_3,43_3,4,46,48,2,-2,19,101,41,6f41030df965f0ddb07d7a8d6c0d4c852aaa29bb83f438f01de8fef702a00930
barenco_tof_3,43_3,5,48,46,-2,2,10,102,41,6f99d9cdb498226d308901de6dad92055b76632100fcef2da7747a063869e2a8
barenco_tof_3,43_3,6,46,47,1,-1,23,1482,41,6f41030df965f0ddb07d7a8d6c0d4c852aaa29bb83f438f01de8fef702a00930
barenco_tof_3,43_3,7,47,46,-1,1,23,959,44,43e7107547cdf2f715e811ceab64168ac5043d50232503ec95f80edce8892c89
barenco_tof_3,43_3,8,46,48,2,-2,19,101,41,6f41030df965f0ddb07d7a8d6c0d4c852aaa29bb83f438f01de8fef702a00930
barenco_tof_3,43_3,9,48,46,-2,2,10,102,41,6f99d9cdb498226d308901de6dad92055b76632100fcef2da7747a063869e2a8
barenco_tof_3,43_3,10,46,48,2,-2,22,36,41,6f41030df965f0ddb07d7a8d6c0d4c852aaa29bb83f438f01de8fef702a00930
barenco_tof_3,43_3,11,48,48,0,0,17,44,44,a43bbac4dbd48d04d57678b2e55990bb003686574389024188c9141d0591ea12
barenco_tof_3,43_3,12,48,48,0,0,24,4394,44,42a1edc3ee8c19df4a4ef19239554efe890f41a098f162788eb5833ca5254f8f
barenco_tof_3,43_3,13,48,48,0,0,25,4397,46,3ec83081820af7c325cb33b538b2f260907b2c6c0ca9dc6c0cc3827774d5ff5a
barenco_tof_3,43_3,14,48,50,2,-2,21,22,44,42a1edc3ee8c19df4a4ef19239554efe890f41a098f162788eb5833ca5254f8f
barenco_tof_3,43_3,15,50,50,0,0,22,83,44,3af1eb744146dcec6435f3ea7693e16cc4deb996e0e71d05cf70fda99db0258a
barenco_tof_3,43_3,16,50,50,0,0,11,313,44,7c740ab0dbf72c54aaa64910fce7191f21ec28375144d1ef56c43832707147d8
barenco_tof_3,43_3,17,50,48,-2,2,10,102,44,ea73586ecdcbb88fcdcc8c3c1f1edaa639532fff546e50d6c52231c50e6e945d
barenco_tof_3,43_3,18,48,48,0,0,17,45,44,42a1edc3ee8c19df4a4ef19239554efe890f41a098f162788eb5833ca5254f8f
barenco_tof_3,43_3,19,48,48,0,0,17,38,43,2afe08552a1554339bfbac2e0f1f6100761e956a641473a550766b97a6d407b8
barenco_tof_3,43_3,20,48,47,-1,1,25,951,44,42a1edc3ee8c19df4a4ef19239554efe890f41a098f162788eb5833ca5254f8f
barenco_tof_3,43_3,21,47,47,0,0,8,38,44,9ece375feb72542861d6dd9ff94f9ca19b006829f4ecd1c1f58f95ff25ca8afd
barenco_tof_3,43_3,22,47,49,2,-2,21,24,45,7170c0d8f556b17e3475f46f1e2ef6f2025bfc01b6a5acf4bfc1a8d9d9a03971
barenco_tof_3,43_3,23,49,47,-2,2,9,23,45,ce5c876351f064e2ebe5d01065937d7259aa958465ecee86da049e798269b69c
barenco_tof_3,43_3,24,47,47,0,0,25,4336,45,7170c0d8f556b17e3475f46f1e2ef6f2025bfc01b6a5acf4bfc1a8d9d9a03971
barenco_tof_3,43_3,25,47,45,-2,2,24,3320,45,4dbed5e4bd9f0fd6cec2e0eb8e65fa4a5fa3934b5d9535118598b899adcd9635
barenco_tof_3,43_3,26,45,45,0,0,20,45,43,206ebdcc203db49b6194e0af2ef4dd3b31e0bf2b2c69af643e71b7c0b3bf2a41
barenco_tof_3,43_3,27,45,45,0,0,20,38,42,142edd3159cfaadd496bcec63767023ed896cf44271770bf6f64ac0edf896241
barenco_tof_3,43_3,28,45,45,0,0,24,45,43,206ebdcc203db49b6194e0af2ef4dd3b31e0bf2b2c69af643e71b7c0b3bf2a41
barenco_tof_3,43_3,29,45,44,-1,1,23,1553,43,c11addcc3e727260671848add3e268e5f3187b1917efd1d6c02cfd586250ec1e
barenco_tof_3,43_3,30,44,44,0,0,7,1496,42,db3f9ec1df2e8c8be76348f2295011c02d719853d8fe259c26e079872c005b80
barenco_tof_3,43_3,31,44,43,-1,1,11,4377,40,b721bec32ef677d79fe1ec5a66465ea63e5f1fd9634538698e250f7591d41618
barenco_tof_3,44_2,0,47,47,0,0,25,39,44,919111f0949cc526c12c426bdade9a0913cff4f0532dca21c02cb882a4a01dc8
barenco_tof_3,44_2,1,47,47,0,0,24,44,45,8ed75cffd7737116eed8f3f7395a2c9913f6d91fd14558646ea38e1a790bd1c1
barenco_tof_3,44_2,2,47,47,0,0,25,1533,44,919111f0949cc526c12c426bdade9a0913cff4f0532dca21c02cb882a4a01dc8
barenco_tof_3,44_2,3,47,49,2,-2,21,26,43,fb9a56285aa33c7dd7ebf1b4bede6644ddda6af2ec9e8107abb3950a62069dab
barenco_tof_3,44_2,4,49,49,0,0,22,695,43,c944f56bf685e1a11a1c27c3482375027f3360262c2b6ce4c750f9f4cc47d26c
barenco_tof_3,44_2,5,49,49,0,0,22,695,43,9a68d99b26e3a6f09e1723d6e547bfa8a249ecbac411c97d5bb2ca06cbd940de
barenco_tof_3,44_2,6,49,49,0,0,22,69,43,c944f56bf685e1a11a1c27c3482375027f3360262c2b6ce4c750f9f4cc47d26c
barenco_tof_3,44_2,7,49,49,0,0,20,82,43,e3cdc109aad8660c61df9cfbae62e2ed81d5b954ef7b267d3faaf7ef577bf9d5
barenco_tof_3,44_2,8,49,49,0,0,22,695,43,c944f56bf685e1a11a1c27c3482375027f3360262c2b6ce4c750f9f4cc47d26c
barenco_tof_3,44_2,9,49,47,-2,2,10,25,43,9a68d99b26e3a6f09e1723d6e547bfa8a249ecbac411c97d5bb2ca06cbd940de
barenco_tof_3,44_2,10,47,49,2,-2,19,101,43,ebf50697b30a5e196f474c7574fe7123aaa874ecc7499e5086d9453224c0f4f7
barenco_tof_3,44_2,11,49,47,-2,2,10,107,43,d62fdb220363c965935de4ddb21a0145b4a7c0f854b267bc65657c51205b18ff
barenco_tof_3,44_2,12,47,47,0,0,23,1564,43,ebf50697b30a5e196f474c7574fe7123aaa874ecc7499e5086d9453224c0f4f7
barenco_tof_3,44_2,13,47,47,0,0,8,3284,43,c4718a4f1a065b6f03dfc8101e97489a66c17a07707751307f9927ba705d272e
barenco_tof_3,44_2,14,47,49,2,-2,29,101,44,59de2268b0d2ac696a055716330d9a086046a3c412e66bbb8c50afda05a4fab9
barenco_tof_3,44_2,15,49,51,2,-2,29,26,44,2d16d57c6438f7672c74e3fc6984844be414cb9a25007d3b1d4fb94b88ad58aa
barenco_tof_3,44_2,16,51,49,-2,2,29,27,46,5fd831174d0ad2c72f51fb27725b7cfac8cabefef1de905ff668076dcb1d547d
barenco_tof_3,44_2,17,49,49,0,0,31,290,44,2d16d57c6438f7672c74e3fc6984844be414cb9a25007d3b1d4fb94b88ad58aa
barenco_tof_3,44_2,18,49,49,0,0,29,68,44,0447f9502e1ae9810cf72a124be0aa8b36966255bc70e08f4e0c6f0a96d6601a
barenco_tof_3,44_2,19,49,49,0,0,28,69,44,cdb8746308a204fd9da0bc29933dea82415d66dabf1636fa129d64845b4357b9
barenco_tof_3,44_2,20,49,49,0,0,29,68,44,0447f9502e1ae9810cf72a124be0aa8b36966255bc70e08f4e0c6f0a96d6601a
barenco_tof_3,44_2,21,49,49,0,0,30,38,44,cdb8746308a204fd9da0bc29933dea82415d66dabf1636fa129d64845b4357b9
barenco_tof_3,44_2,22,49,47,-2,2,11,107,44,2d16d57c6438f7672c74e3fc6984844be414cb9a25007d3b1d4fb94b88ad58aa
barenco_tof_3,44_2,23,47,49,2,-2,22,132,44,59de2268b0d2ac696a055716330d9a086046a3c412e66bbb8c50afda05a4fab9
barenco_tof_3,44_2,24,49,47,-2,2,25,133,46,19c25aed53147a7ca384086c73d54935389d338577db1aa976a4c2ca1b50866d
barenco_tof_3,44_2,25,47,47,0,0,24,3236,44,59de2268b0d2ac696a055716330d9a086046a3c412e66bbb8c50afda05a4fab9
barenco_tof_3,44_2,26,47,47,0,0,23,38,44,652781bdfe879ccee9b49e2f6395c3cdb30d0dcd5e5ebd9cea89bbc1eae77745
barenco_tof_3,44_2,27,47,45,-2,2,18,3322,43,c73842d9e58e5e448dfc7f2d02c6ef228bed3ea366f331562a6eab39ef732d2a
barenco_tof_3,44_2,28,45,45,0,0,25,3307,43,4687b3a928acd498083632df589b3c9d7e9515b332b0a6d2d5ded6059b9b94ac
barenco_tof_3,44_2,29,45,45,0,0,24,2946,43,b764beb9cdd99672d34cbb38102c3b0c8e47bedcc66e1b585a59a4cf1035e02e
barenco_tof_3,44_2,30,45,45,0,0,23,345,43,566b87c9ce427ca08fe749f6d39b14578e6853bcb9d0e07600b71ab3553d5b29
barenco_tof_3,44_2,31,45,45,0,0,7,1534,44,9eac5d903623ef8941f1f54ac95a85e38f65c7aca1e49ddc5d07c3f065c66706
barenco_tof_3,44_2,32,45,44,-1,1,11,4391,42,509bf00b8ae3213d66ad0bbe350d8af724ddc38cbd0ffbe2bfd9c4de43239720
barenco_tof_3,44_3,0,46,48,2,-2,2,36,41,6f41030df965f0ddb07d7a8d6c0d4c852aaa29bb83f438f01de8fef702a00930
barenco_tof_3,44_3,1,48,46,-2,2,2,37,43,e74439f02775adb0724227ed333ad33517dd0ee873fe5c731833c5f73f8cdf08
barenco_tof_3,44_3,2,46,47,1,-1,23,810,41,6f41030df965f0ddb07d7a8d6c0d4c852aaa29bb83f438f01de8fef702a00930
barenco_tof_3,44_3,3,47,46,-1,1,13,3430,42,dd205e20939490f3984d5bc2f693349dc4cbfdf02522f8e567c0ea310789ddcd
barenco_tof_3,44_3,4,46,48,2,-2,19,101,41,6f41030df965f0ddb07d7a8d6c0d4c852aaa29bb83f438f01de8fef702a00930
barenco_tof_3,44_3,5,48,46,-2,2,10,102,41,6f99d9cdb498226d308901de6dad92055b76632100fcef2da7747a063869e2a8
barenco_tof_3,44_3,6,46,47,1,-1,23,1482,41,6f41030df965f0ddb07d7a8d6c0d4c852aaa29bb83f438f01de8fef702a00930
barenco_tof_3,44_3,7,47,46,-1,1,23,959,44,43e7107547cdf2f715e811ceab64168ac5043d50232503ec95f80edce8892c89
barenco_tof_3,44_3,8,46,48,2,-2,19,101,41,6f41030df965f0ddb07d7a8d6c0d4c852aaa29bb83f438f01de8fef702a00930
barenco_tof_3,44_3,9,48,46,-2,2,10,102,41,6f99d9cdb498226d308901de6dad92055b76632100fcef2da7747a063869e2a8
barenco_tof_3,44_3,10,46,48,2,-2,22,36,41,6f41030df965f0ddb07d7a8d6c0d4c852aaa29bb83f438f01de8fef702a00930
barenco_tof_3,44_3,11,48,48,0,0,17,44,44,a43bbac4dbd48d04d57678b2e55990bb003686574389024188c9141d0591ea12
barenco_tof_3,44_3,12,48,48,0,0,24,4394,44,42a1edc3ee8c19df4a4ef19239554efe890f41a098f162788eb5833ca5254f8f
barenco_tof_3,44_3,13,48,48,0,0,25,4397,46,3ec83081820af7c325cb33b538b2f260907b2c6c0ca9dc6c0cc3827774d5ff5a
barenco_tof_3,44_3,14,48,50,2,-2,21,22,44,42a1edc3ee8c19df4a4ef19239554efe890f41a098f162788eb5833ca5254f8f
barenco_tof_3,44_3,15,50,50,0,0,22,83,44,3af1eb744146dcec6435f3ea7693e16cc4deb996e0e71d05cf70fda99db0258a
barenco_tof_3,44_3,16,50,50,0,0,11,313,44,7c740ab0dbf72c54aaa64910fce7191f21ec28375144d1ef56c43832707147d8
barenco_tof_3,44_3,17,50,48,-2,2,10,102,44,ea73586ecdcbb88fcdcc8c3c1f1edaa639532fff546e50d6c52231c50e6e945d
barenco_tof_3,44_3,18,48,48,0,0,17,45,44,42a1edc3ee8c19df4a4ef19239554efe890f41a098f162788eb5833ca5254f8f
barenco_tof_3,44_3,19,48,48,0,0,17,38,43,2afe08552a1554339bfbac2e0f1f6100761e956a641473a550766b97a6d407b8
barenco_tof_3,44_3,20,48,47,-1,1,25,951,44,42a1edc3ee8c19df4a4ef19239554efe890f41a098f162788eb5833ca5254f8f
barenco_tof_3,44_3,21,47,47,0,0,8,38,44,9ece375feb72542861d6dd9ff94f9ca19b006829f4ecd1c1f58f95ff25ca8afd
barenco_tof_3,44_3,22,47,49,2,-2,21,24,45,7170c0d8f556b17e3475f46f1e2ef6f2025bfc01b6a5acf4bfc1a8d9d9a03971
barenco_tof_3,44_3,23,49,47,-2,2,9,23,45,ce5c876351f064e2ebe5d01065937d7259aa958465ecee86da049e798269b69c
barenco_tof_3,44_3,24,47,47,0,0,25,4336,45,7170c0d8f556b17e3475f46f1e2ef6f2025bfc01b6a5acf4bfc1a8d9d9a03971
barenco_tof_3,44_3,25,47,45,-2,2,24,3320,45,4dbed5e4bd9f0fd6cec2e0eb8e65fa4a5fa3934b5d9535118598b899adcd9635
barenco_tof_3,44_3,26,45,45,0,0,20,45,43,206ebdcc203db49b6194e0af2ef4dd3b31e0bf2b2c69af643e71b7c0b3bf2a41
barenco_tof_3,44_3,27,45,45,0,0,20,38,42,142edd3159cfaadd496bcec63767023ed896cf44271770bf6f64ac0edf896241
barenco_tof_3,44_3,28,45,45,0,0,24,45,43,206ebdcc203db49b6194e0af2ef4dd3b31e0bf2b2c69af643e71b7c0b3bf2a41
barenco_tof_3,44_3,29,45,44,-1,1,23,1553,43,c11addcc3e727260671848add3e268e5f3187b1917efd1d6c02cfd586250ec1e
barenco_tof_3,45_2,0,47,47,0,0,25,39,44,919111f0949cc526c12c426bdade9a0913cff4f0532dca21c02cb882a4a01dc8
barenco_tof_3,45_2,1,47,47,0,0,24,44,45,8ed75cffd7737116eed8f3f7395a2c9913f6d91fd14558646ea38e1a790bd1c1
barenco_tof_3,45_2,2,47,47,0,0,25,1533,44,919111f0949cc526c12c426bdade9a0913cff4f0532dca21c02cb882a4a01dc8
barenco_tof_3,45_2,3,47,49,2,-2,21,26,43,fb9a56285aa33c7dd7ebf1b4bede6644ddda6af2ec9e8107abb3950a62069dab
barenco_tof_3,45_2,4,49,49,0,0,22,695,43,c944f56bf685e1a11a1c27c3482375027f3360262c2b6ce4c750f9f4cc47d26c
barenco_tof_3,45_2,5,49,49,0,0,22,695,43,9a68d99b26e3a6f09e1723d6e547bfa8a249ecbac411c97d5bb2ca06cbd940de
barenco_tof_3,45_2,6,49,49,0,0,22,69,43,c944f56bf685e1a11a1c27c3482375027f3360262c2b6ce4c750f9f4cc47d26c
barenco_tof_3,45_2,7,49,49,0,0,20,82,43,e3cdc109aad8660c61df9cfbae62e2ed81d5b954ef7b267d3faaf7ef577bf9d5
barenco_tof_3,45_2,8,49,49,0,0,22,695,43,c944f56bf685e1a11a1c27c3482375027f3360262c2b6ce4c750f9f4cc47d26c
barenco_tof_3,45_2,9,49,47,-2,2,10,25,43,9a68d99b26e3a6f09e1723d6e547bfa8a249ecbac411c97d5bb2ca06cbd940de
barenco_tof_3,45_2,10,47,49,2,-2,19,101,43,ebf50697b30a5e196f474c7574fe7123aaa874ecc7499e5086d9453224c0f4f7
barenco_tof_3,45_2,11,49,47,-2,2,10,107,43,d62fdb220363c965935de4ddb21a0145b4a7c0f854b267bc65657c51205b18ff
barenco_tof_3,45_2,12,47,47,0,0,23,1564,43,ebf50697b30a5e196f474c7574fe7123aaa874ecc7499e5086d9453224c0f4f7
barenco_tof_3,45_2,13,47,47,0,0,8,3284,43,c4718a4f1a065b6f03dfc8101e97489a66c17a07707751307f9927ba705d272e
barenco_tof_3,45_2,14,47,49,2,-2,29,101,44,59de2268b0d2ac696a055716330d9a086046a3c412e66bbb8c50afda05a4fab9
barenco_tof_3,45_2,15,49,51,2,-2,29,26,44,2d16d57c6438f7672c74e3fc6984844be414cb9a25007d3b1d4fb94b88ad58aa
barenco_tof_3,45_2,16,51,49,-2,2,29,27,46,5fd831174d0ad2c72f51fb27725b7cfac8cabefef1de905ff668076dcb1d547d
barenco_tof_3,45_2,17,49,49,0,0,31,290,44,2d16d57c6438f7672c74e3fc6984844be414cb9a25007d3b1d4fb94b88ad58aa
barenco_tof_3,45_2,18,49,49,0,0,29,68,44,0447f9502e1ae9810cf72a124be0aa8b36966255bc70e08f4e0c6f0a96d6601a
barenco_tof_3,45_2,19,49,49,0,0,28,69,44,cdb8746308a204fd9da0bc29933dea82415d66dabf1636fa129d64845b4357b9
barenco_tof_3,45_2,20,49,49,0,0,29,68,44,0447f9502e1ae9810cf72a124be0aa8b36966255bc70e08f4e0c6f0a96d6601a
barenco_tof_3,45_2,21,49,49,0,0,30,38,44,cdb8746308a204fd9da0bc29933dea82415d66dabf1636fa129d64845b4357b9
barenco_tof_3,45_2,22,49,47,-2,2,11,107,44,2d16d57c6438f7672c74e3fc6984844be414cb9a25007d3b1d4fb94b88ad58aa
barenco_tof_3,45_2,23,47,49,2,-2,22,132,44,59de2268b0d2ac696a055716330d9a086046a3c412e66bbb8c50afda05a4fab9
barenco_tof_3,45_2,24,49,47,-2,2,25,133,46,19c25aed53147a7ca384086c73d54935389d338577db1aa976a4c2ca1b50866d
barenco_tof_3,45_2,25,47,47,0,0,24,3236,44,59de2268b0d2ac696a055716330d9a086046a3c412e66bbb8c50afda05a4fab9
barenco_tof_3,45_2,26,47,47,0,0,23,38,44,652781bdfe879ccee9b49e2f6395c3cdb30d0dcd5e5ebd9cea89bbc1eae77745
barenco_tof_3,45_2,27,47,45,-2,2,18,3322,43,c73842d9e58e5e448dfc7f2d02c6ef228bed3ea366f331562a6eab39ef732d2a
barenco_tof_3,45_3,0,46,48,2,-2,2,36,41,6f41030df965f0ddb07d7a8d6c0d4c852aaa29bb83f438f01de8fef702a00930
barenco_tof_3,45_3,1,48,46,-2,2,2,37,43,e74439f02775adb0724227ed333ad33517dd0ee873fe5c731833c5f73f8cdf08
barenco_tof_3,45_3,2,46,47,1,-1,23,810,41,6f41030df965f0ddb07d7a8d6c0d4c852aaa29bb83f438f01de8fef702a00930
barenco_tof_3,45_3,3,47,46,-1,1,13,3430,42,dd205e20939490f3984d5bc2f693349dc4cbfdf02522f8e567c0ea310789ddcd
barenco_tof_3,45_3,4,46,48,2,-2,19,101,41,6f41030df965f0ddb07d7a8d6c0d4c852aaa29bb83f438f01de8fef702a00930
barenco_tof_3,45_3,5,48,46,-2,2,10,102,41,6f99d9cdb498226d308901de6dad92055b76632100fcef2da7747a063869e2a8
barenco_tof_3,45_3,6,46,47,1,-1,23,1482,41,6f41030df965f0ddb07d7a8d6c0d4c852aaa29bb83f438f01de8fef702a00930
barenco_tof_3,45_3,7,47,46,-1,1,23,959,44,43e7107547cdf2f715e811ceab64168ac5043d50232503ec95f80edce8892c89
barenco_tof_3,45_3,8,46,48,2,-2,19,101,41,6f41030df965f0ddb07d7a8d6c0d4c852aaa29bb83f438f01de8fef702a00930
barenco_tof_3,45_3,9,48,46,-2,2,10,102,41,6f99d9cdb498226d308901de6dad92055b76632100fcef2da7747a063869e2a8
barenco_tof_3,45_3,10,46,48,2,-2,22,36,41,6f41030df965f0ddb07d7a8d6c0d4c852aaa29bb83f438f01de8fef702a00930
barenco_tof_3,45_3,11,48,48,0,0,17,44,44,a43bbac4dbd48d04d57678b2e55990bb003686574389024188c9141d0591ea12
barenco_tof_3,45_3,12,48,48,0,0,24,4394,44,42a1edc3ee8c19df4a4ef19239554efe890f41a098f162788eb5833ca5254f8f
barenco_tof_3,45_3,13,48,48,0,0,25,4397,46,3ec83081820af7c325cb33b538b2f260907b2c6c0ca9dc6c0cc3827774d5ff5a
barenco_tof_3,45_3,14,48,50,2,-2,21,22,44,42a1edc3ee8c19df4a4ef19239554efe890f41a098f162788eb5833ca5254f8f
barenco_tof_3,45_3,15,50,50,0,0,22,83,44,3af1eb744146dcec6435f3ea7693e16cc4deb996e0e71d05cf70fda99db0258a
barenco_tof_3,45_3,16,50,50,0,0,11,313,44,7c740ab0dbf72c54aaa64910fce7191f21ec28375144d1ef56c43832707147d8
barenco_tof_3,45_3,17,50,48,-2,2,10,102,44,ea73586ecdcbb88fcdcc8c3c1f1edaa639532fff546e50d6c52231c50e6e945d
barenco_tof_3,45_3,18,48,48,0,0,17,45,44,42a1edc3ee8c19df4a4ef19239554efe890f41a098f162788eb5833ca5254f8f
barenco_tof_3,45_3,19,48,48,0,0,17,38,43,2afe08552a1554339bfbac2e0f1f6100761e956a641473a550766b97a6d407b8
barenco_tof_3,45_3,20,48,47,-1,1,25,951,44,42a1edc3ee8c19df4a4ef19239554efe890f41a098f162788eb5833ca5254f8f
barenco_tof_3,45_3,21,47,47,0,0,8,38,44,9ece375feb72542861d6dd9ff94f9ca19b006829f4ecd1c1f58f95ff25ca8afd
barenco_tof_3,45_3,22,47,49,2,-2,21,24,45,7170c0d8f556b17e3475f46f1e2ef6f2025bfc01b6a5acf4bfc1a8d9d9a03971
barenco_tof_3,45_3,23,49,47,-2,2,9,23,45,ce5c876351f064e2ebe5d01065937d7259aa958465ecee86da049e798269b69c
barenco_tof_3,45_3,24,47,47,0,0,25,4336,45,7170c0d8f556b17e3475f46f1e2ef6f2025bfc01b6a5acf4bfc1a8d9d9a03971
barenco_tof_3,45_3,25,47,45,-2,2,24,3320,45,4dbed5e4bd9f0fd6cec2e0eb8e65fa4a5fa3934b5d9535118598b899adcd9635
barenco_tof_3,46_0,0,47,46,-1,1,22,1605,45,8ed75cffd7737116eed8f3f7395a2c9913f6d91fd14558646ea38e1a790bd1c1
barenco_tof_3,46_1,0,47,49,2,-2,10,101,38,95d08b07d362b762e1d626d68d4016c7854d0219042add32e98cb5e8a1ced1f0
barenco_tof_3,46_1,1,49,47,-2,2,0,107,38,81493301786514b153fc6a5ee11bad5ebe84749bdc952fcb2d4236227779023c
barenco_tof_3,46_1,2,47,47,0,0,2,3309,38,95d08b07d362b762e1d626d68d4016c7854d0219042add32e98cb5e8a1ced1f0
barenco_tof_3,46_1,3,47,47,0,0,4,1559,38,ea7f78261741c933b253eae196cc6060d32439bdcd9e71fb9647294e3af9574f
barenco_tof_3,46_1,4,47,46,-1,1,6,4436,38,6ee1bca3968356e2bd614f71ee5a2e19ef21769145576ceb56386dc09414e68e
barenco_tof_3,46_2,0,48,50,2,-2,9,36,43,05dbe24aa55313b62f2d261c760bc1023c0be185e4fcda609847d4d8480b4c3d
barenco_tof_3,46_2,1,50,48,-2,2,8,37,45,b41d0c4bc106ea975f02d04976b71ea0185d5409ae3c4d35645fcc85bae3adfb
barenco_tof_3,46_2,2,48,49,1,-1,23,940,43,05dbe24aa55313b62f2d261c760bc1023c0be185e4fcda609847d4d8480b4c3d
barenco_tof_3,46_2,3,49,49,0,0,24,38,44,dcbaac6ef1cea6cd8176a362a823a97a996d4dc6d5ca9ce678c65c81046a77d5
barenco_tof_3,46_2,4,49,51,2,-2,23,36,44,332951f1a6047b2e0ccfe25e3ca32dd5ed3e74ea9806c0a836d31011a7de60c2
barenco_tof_3,46_2,5,51,49,-2,2,26,37,46,96e2246cfcfe88258bae7fe5cd7f3067d1d1e9818b5e72d199233b3d80549581
barenco_tof_3,46_2,6,49,49,0,0,27,38,44,332951f1a6047b2e0ccfe25e3ca32dd5ed3e74ea9806c0a836d31011a7de60c2
barenco_tof_3,46_2,7,49,47,-2,2,27,3322,44,4c7d4e34a31a452bf800587b756ec58b7dc1f307a7cbe165b162c9bdfd990117
barenco_tof_3,46_2,8,47,47,0,0,25,39,44,919111f0949cc526c12c426bdade9a0913cff4f0532dca21c02cb882a4a01dc8
barenco_tof_3,46_2,9,47,47,0,0,24,44,45,8ed75cffd7737116eed8f3f7395a2c9913f6d91fd14558646ea38e1a790bd1c1
barenco_tof_3,46_2,10,47,47,0,0,25,39,44,919111f0949cc526c12c426bdade9a0913cff4f0532dca21c02cb882a4a01dc8
barenco_tof_3,46_2,11,47,47,0,0,24,44,45,8ed75cffd7737116eed8f3f7395a2c9913f6d91fd14558646ea38e1a790bd1c1
barenco_tof_3,46_2,12,47,47,0,0,25,39,44,919111f0949cc526c12c426bdade9a0913cff4f0532dca21c02cb882a4a01dc8
barenco_tof_3,46_2,13,47,46,-1,1,22,1605,45,8ed75cffd7737116eed8f3f7395a2c9913f6d91fd14558646ea38e1a790bd1c1
barenco_tof_3,46_3,0,48,50,2,-2,27,101,42,6c937eecadfa878abe290e34b70f0b44dcd80610264742bc32a787212b9b0c20
barenco_tof_3,46_3,1,50,48,-2,2,11,107,42,029f472c97dee54e794e3b2132e986771167269a4a1ee725747eb04e6af32a13
barenco_tof_3,46_3,2,48,49,1,-1,23,1482,42,6c937eecadfa878abe290e34b70f0b44dcd80610264742bc32a787212b9b0c20
barenco_tof_3,46_3,3,49,49,0,0,24,38,44,2f4dc29aa354a5bacdecb0a4c99254b1c74f1dd8fff319ffa1202df651bbb76c
barenco_tof_3,46_3,4,49,47,-2,2,25,3320,44,2d91ba90388a6ebfe54deb7b2a5ec5bee32c32ef518173e9a46c396f464f414a
barenco_tof_3,46_3,5,47,47,0,0,25,45,44,919111f0949cc526c12c426bdade9a0913cff4f0532dca21c02cb882a4a01dc8
barenco_tof_3,46_3,6,47,47,0,0,24,38,45,8ed75cffd7737116eed8f3f7395a2c9913f6d91fd14558646ea38e1a790bd1c1
barenco_tof_3,46_3,7,47,47,0,0,25,39,44,919111f0949cc526c12c426bdade9a0913cff4f0532dca21c02cb882a4a01dc8
barenco_tof_3,46_3,8,47,47,0,0,25,1533,45,8ed75cffd7737116eed8f3f7395a2c9913f6d91fd14558646ea38e1a790bd1c1
barenco_tof_3,46_3,9,47,46,-1,1,23,1477,44,3933a0464a7623e26c908e6ccb5155f4a009510213cefc508b04522ac7e1f719
barenco_tof_3,46_4,0,47,47,0,0,25,39,44,919111f0949cc526c12c426bdade9a0913cff4f0532dca21c02cb882a4a01dc8
barenco_tof_3,46_4,1,47,46,-1,1,22,1605,45,8ed75cffd7737116eed8f3f7395a2c9913f6d91fd14558646ea38e1a790bd1c1
barenco_tof_3,46_5,0,47,47,0,0,24,38,45,8ed75cffd7737116eed8f3f7395a2c9913f6d91fd14558646ea38e1a790bd1c1
barenco_tof_3,46_5,1,47,47,0,0,25,45,44,919111f0949cc526c12c426bdade9a0913cff4f0532dca21c02cb882a4a01dc8
barenco_tof_3,46_5,2,47,46,-1,1,22,1605,45,8ed75cffd7737116eed8f3f7395a2c9913f6d91fd14558646ea38e1a790bd1c1
barenco_tof_3,47_0,0,48,49,1,-1,23,940,43,e655adee09d531ebd9f827ff75b2e0def94f27a7f4678b77023d7f9f4e596922
barenco_tof_3,47_0,1,49,49,0,0,24,44,44,2f4dc29aa354a5bacdecb0a4c99254b1c74f1dd8fff319ffa1202df651bbb76c
barenco_tof_3,47_0,2,49,47,-2,2,25,3320,44,2d91ba90388a6ebfe54deb7b2a5ec5bee32c32ef518173e9a46c396f464f414a
barenco_tof_3,47_1,0,48,50,2,-2,9,106,41,ee173b1c2ca83f3ed5afe89ff447255825193b76f1a3a7860cebbf0b5f63c76b
barenco_tof_3,47_1,1,50,48,-2,2,0,102,41,a62f8fb038e03eaf02ba5ac8b4c6121a269e6485f81cf338e61a0fa2b2f3b65c
barenco_tof_3,47_1,2,48,48,0,0,22,45,41,ee173b1c2ca83f3ed5afe89ff447255825193b76f1a3a7860cebbf0b5f63c76b
barenco_tof_3,47_1,3,48,48,0,0,21,44,42,f9b54fd91f316c842fff41f09a9b88fa5b9e3403a2de8aa6fc069aa4db386af3
barenco_tof_3,47_1,4,48,48,0,0,22,39,41,ee173b1c2ca83f3ed5afe89ff447255825193b76f1a3a7860cebbf0b5f63c76b
barenco_tof_3,47_1,5,48,48,0,0,21,44,42,f9b54fd91f316c842fff41f09a9b88fa5b9e3403a2de8aa6fc069aa4db386af3
barenco_tof_3,47_1,6,48,48,0,0,22,45,41,ee173b1c2ca83f3ed5afe89ff447255825193b76f1a3a7860cebbf0b5f63c76b
barenco_tof_3,47_1,7,48,48,0,0,21,44,42,f9b54fd91f316c842fff41f09a9b88fa5b9e3403a2de8aa6fc069aa4db386af3
barenco_tof_3,47_1,8,48,48,0,0,22,39,41,ee173b1c2ca83f3ed5afe89ff447255825193b76f1a3a7860cebbf0b5f63c76b
barenco_tof_3,47_1,9,48,48,0,0,21,44,42,f9b54fd91f316c842fff41f09a9b88fa5b9e3403a2de8aa6fc069aa4db386af3
barenco_tof_3,47_1,10,48,49,1,-1,20,942,41,ee173b1c2ca83f3ed5afe89ff447255825193b76f1a3a7860cebbf0b5f63c76b
barenco_tof_3,47_1,11,49,47,-2,2,16,4694,40,69c69b3874ec3598eafe29fb4f3df28372542cb34705662c9cfc7e70d434fa04
barenco_tof_3,47_2,0,48,50,2,-2,9,36,43,05dbe24aa55313b62f2d261c760bc1023c0be185e4fcda609847d4d8480b4c3d
barenco_tof_3,47_2,1,50,48,-2,2,8,37,45,b41d0c4bc106ea975f02d04976b71ea0185d5409ae3c4d35645fcc85bae3adfb
barenco_tof_3,47_2,2,48,49,1,-1,23,940,43,05dbe24aa55313b62f2d261c760bc1023c0be185e4fcda609847d4d8480b4c3d
barenco_tof_3,47_2,3,49,49,0,0,24,38,44,dcbaac6ef1cea6cd8176a362a823a97a996d4dc6d5ca9ce678c65c81046a77d5
barenco_tof_3,47_2,4,49,51,2,-2,23,36,44,332951f1a6047b2e0ccfe25e3ca32dd5ed3e74ea9806c0a836d31011a7de60c2
barenco_tof_3,47_2,5,51,49,-2,2,26,37,46,96e2246cfcfe88258bae7fe5cd7f3067d1d1e9818b5e72d199233b3d80549581
barenco_tof_3,47_2,6,49,49,0,0,27,38,44,332951f1a6047b2e0ccfe25e3ca32dd5ed3e74ea9806c0a836d31011a7de60c2
barenco_tof_3,47_2,7,49,47,-2,2,27,3322,44,4c7d4e34a31a452bf800587b756ec58b7dc1f307a7cbe165b162c9bdfd990117
barenco_tof_3,47_3,0,48,50,2,-2,26,24,42,6c937eecadfa878abe290e34b70f0b44dcd80610264742bc32a787212b9b0c20
barenco_tof_3,47_3,1,50,50,0,0,28,38,42,a7f0ac862d9f959c93f91b69e255a95f6ac835c35f188d3103ebd341d9e03805
barenco_tof_3,47_3,2,50,48,-2,2,11,107,42,029f472c97dee54e794e3b2132e986771167269a4a1ee725747eb04e6af32a13
barenco_tof_3,47_3,3,48,50,2,-2,25,36,42,6c937eecadfa878abe290e34b70f0b44dcd80610264742bc32a787212b9b0c20
barenco_tof_3,47_3,4,50,49,-1,1,20,3556,44,e74e229b088584df03eb7abf599d57f89d6adebadbd0d22aad47cc7e2497aefc
barenco_tof_3,47_3,5,49,49,0,0,27,127,43,6f45fa3371714cb6affc5239dc694880ebaac4c4e4d5562012fa1acabaf1e849
barenco_tof_3,47_3,6,49,49,0,0,23,44,44,2f4dc29aa354a5bacdecb0a4c99254b1c74f1dd8fff319ffa1202df651bbb76c
barenco_tof_3,47_3,7,49,47,-2,2,25,3320,44,2d91ba90388a6ebfe54deb7b2a5ec5bee32c32ef518173e9a46c396f464f414a
barenco_tof_3,47_4,0,48,50,2,-2,26,22,42,6c937eecadfa878abe290e34b70f0b44dcd80610264742bc32a787212b9b0c20
barenco_tof_3,47_4,1,50,50,0,0,28,44,42,a7f0ac862d9f959c93f91b69e255a95f6ac835c35f188d3103ebd341d9e03805
barenco_tof_3,47_4,2,50,48,-2,2,11,107,42,029f472c97dee54e794e3b2132e986771167269a4a1ee725747eb04e6af32a13
barenco_tof_3,47_4,3,48,49,1,-1,23,1482,42,6c937eecadfa878abe290e34b70f0b44dcd80610264742bc32a787212b9b0c20
barenco_tof_3,47_4,4,49,49,0,0,24,44,44,2f4dc29aa354a5bacdecb0a4c99254b1c74f1dd8fff319ffa1202df651bbb76c
barenco_tof_3,47_4,5,49,47,-2,2,25,3320,44,2d91ba90388a6ebfe54deb7b2a5ec5bee32c32ef518173e9a46c396f464f414a
barenco_tof_3,47_5,0,48,50,2,-2,23,40,42,6c937eecadfa878abe290e34b70f0b44dcd80610264742bc32a787212b9b0c20
barenco_tof_3,47_5,1,50,50,0,0,19,126,44,7602479f9ac1a0346165f1cd378b54a454133c4a12f8a3c88cc6eef56ffd237f
barenco_tof_3,47_5,2,50,48,-2,2,23,4682,44,930a26b3dd48b10d1c4ac0353cb2f25217fc2b59720ec9fc54c6ab9086317ac8
barenco_tof_3,47_5,3,48,49,1,-1,23,1482,42,6c937eecadfa878abe290e34b70f0b44dcd80610264742bc32a787212b9b0c20
barenco_tof_3,47_5,4,49,49,0,0,24,38,44,2f4dc29aa354a5bacdecb0a4c99254b1c74f1dd8fff319ffa1202df651bbb76c
barenco_tof_3,47_5,5,49,47,-2,2,25,3320,44,2d91ba90388a6ebfe54deb7b2a5ec5bee32c32ef518173e9a46c396f464f414a
barenco_tof_3,48_0,0,52,52,0,0,23,4358,43,0a69e2f393e4a0e86c0631dca0c21be8b19a744565478a03f9d90b215f0bcadb
barenco_tof_3,48_0,1,52,52,0,0,22,4406,42,a74e3639b41801f7a6e4c3611cdf7ad2f5ec43ddd833c502df6dd7d749ae15b4
barenco_tof_3,48_0,2,52,52,0,0,21,45,42,a157f8cb8a37ddd29843bff9d439d52d1f2d977f10a28dff9e9a64f79e172d30
barenco_tof_3,48_0,3,52,54,2,-2,21,132,43,cdfe9cb4d86876c773e0fa69429243d2afec3d26db0cc39afa97d13359507c53
barenco_tof_3,48_0,4,54,55,1,-1,26,3841,45,a90235b25c2fde0fb05ad10e964e1a20e23cc1c3230779ef7459340d99af2e51
barenco_tof_3,48_0,5,55,53,-2,2,16,4694,44,39a9ddc21e552f037b501fb938ae36d8111ce4159f6207d128005c8daac2e9f8
barenco_tof_3,48_0,6,53,55,2,-2,9,132,44,e7da20f1d57899ee161602494418beb04d72907e1764549135342f327a2a6817
barenco_tof_3,48_0,7,55,53,-2,2,8,133,46,2cc965771e1362171221ddf34236d633c3f86602ce35e043d8895cd0d07a99f6
barenco_tof_3,48_0,8,53,52,-1,1,22,3418,44,e7da20f1d57899ee161602494418beb04d72907e1764549135342f327a2a6817
barenco_tof_3,48_0,9,52,50,-2,2,25,4694,43,eade6529b5a328e542e4597b0b35db873f82d1f652b15a0f5f0ea7d755dcc068
barenco_tof_3,48_0,10,50,52,2,-2,22,132,42,c91ef0d4622e5d5bee91d7c4b1ae98a18bd66d8f861a0840771656a4407093b8
barenco_tof_3,48_0,11,52,50,-2,2,23,133,44,f9fb24867188b724f38f2eaa02cdb4a14fa67b8a2b263262b8f887ce866ab729
barenco_tof_3,48_0,12,50,52,2,-2,21,40,42,c91ef0d4622e5d5bee91d7c4b1ae98a18bd66d8f861a0840771656a4407093b8
barenco_tof_3,48_0,13,52,50,-2,2,21,43,44,4408ed362fc1023494b1d649d5d6d754dfe224cd0024d3555ab5f9048a864b02
barenco_tof_3,48_0,14,50,52,2,-2,25,132,42,c91ef0d4622e5d5bee91d7c4b1ae98a18bd66d8f861a0840771656a4407093b8
barenco_tof_3,48_0,15,52,50,-2,2,29,133,45,615c5523a91e893465a5de08fee20d733e42dd580e6e0e1c6500eb6aa3614163
barenco_tof_3,48_0,16,50,50,0,0,23,45,42,c91ef0d4622e5d5bee91d7c4b1ae98a18bd66d8f861a0840771656a4407093b8
barenco_tof_3,48_0,17,50,48,-2,2,12,3320,42,fc86149db8628d3ae2257034abf6a770b234445c4cda99bdfb13cf4cfa6a1d6a
barenco_tof_3,48_1,0,50,50,0,0,24,45,43,3a3b6f879c9ccc268d1d7eb50c929d9b11545b77d2e21a6118d528ab90d94f51
barenco_tof_3,48_1,1,50,48,-2,2,12,3320,43,f91a612cec0f1f63f1cde2dbf924a7db8d0edc799b1272b9015e5a81aadcc2fe
barenco_tof_3,48_2,0,52,54,2,-2,2,36,43,d9915c1008865333d9109e824130da49e58991916ed72f4d3750e0a77c26e161
barenco_tof_3,48_2,1,54,52,-2,2,2,37,45,1a63534a078364f986d70614c726bae63efc5bd8813f939e985363e4faef0983
barenco_tof_3,48_2,2,52,53,1,-1,22,944,43,d9915c1008865333d9109e824130da49e58991916ed72f4d3750e0a77c26e161
barenco_tof_3,48_2,3,53,55,2,-2,9,36,45,3139b40f4eea7fd75c4b4792a967170e54fa702820cd21e9df49d832aa491b82
barenco_tof_3,48_2,4,55,53,-2,2,8,37,47,1015c209108c0421b315024d9b516b9a184e5e4150b4b5cef90da233f122e2d3
barenco_tof_3,48_2,5,53,55,2,-2,10,36,45,3139b40f4eea7fd75c4b4792a967170e54fa702820cd21e9df49d832aa491b82
barenco_tof_3,48_2,6,55,55,0,0,11,121,47,9a7d732b2b4c3b69c6c1f0d57d042f4c7f6f0846649b74a2f446851c4a6b91f4
barenco_tof_3,48_2,7,55,53,-2,2,9,4682,47,25db8a78e375a0198cb2f9a87417af43eda42e91982f92367823c277645e3ed0
barenco_tof_3,48_2,8,53,52,-1,1,22,1483,45,3139b40f4eea7fd75c4b4792a967170e54fa702820cd21e9df49d832aa491b82
barenco_tof_3,48_2,9,52,54,2,-2,21,40,43,730d40ac7b1a0758e590ffe201338eaf97269e4138d7ba829d7515815b7daf76
barenco_tof_3,48_2,10,54,52,-2,2,21,41,45,4f236c1af616642820a5bfc3aa981f687533ce722b69a5daad0ca7cb513664f7
barenco_tof_3,48_2,11,52,54,2,-2,22,132,43,730d40ac7b1a0758e590ffe201338eaf97269e4138d7ba829d7515815b7daf76
barenco_tof_3,48_2,12,54,53,-1,1,22,3436,45,80491e7d90bca85cef1f6b2e9de87b89fb201bbe20765b2bc8e3684a22c17c69
barenco_tof_3,48_2,13,53,54,1,-1,27,3841,44,d43e4ef04bfd4499b72c2aea2a7fd3f78d206fdc9995e4526c8019dee50a9d4f
barenco_tof_3,48_2,14,54,52,-2,2,24,4682,44,254ba9255d36ec427bb7de082824643b13bdd8419db0cd0401e7372af5f78f47
barenco_tof_3,48_2,15,52,50,-2,2,16,4694,43,90b200b9f1b303d69c00f69b4a715b697c183fc95433233500e306327757a1c0
barenco_tof_3,48_2,16,50,50,0,0,12,38,43,71d2c9af93c3f0b365f0bfaea9808271cd63dd597276ee9a3a6bd9c60503aa63
barenco_tof_3,48_2,17,50,50,0,0,21,39,43,f23ba5470146dcfdac6a26d4987bd4e9a90ac1db9e50fd608e3f52689a578dd2
barenco_tof_3,48_2,18,50,48,-2,2,21,3322,43,568a86b714d284596997d82706482382eec61bcce7c514366c56380ecaf13694
barenco_tof_3,50_0,0,52,52,0,0,23,4358,43,0a69e2f393e4a0e86c0631dca0c21be8b19a744565478a03f9d90b215f0bcadb
barenco_tof_3,50_0,1,52,52,0,0,22,4406,42,a74e3639b41801f7a6e4c3611cdf7ad2f5ec43ddd833c502df6dd7d749ae15b4
barenco_tof_3,50_0,2,52,52,0,0,21,45,42,a157f8cb8a37ddd29843bff9d439d52d1f2d977f10a28dff9e9a64f79e172d30
barenco_tof_3,50_0,3,52,54,2,-2,21,132,43,cdfe9cb4d86876c773e0fa69429243d2afec3d26db0cc39afa97d13359507c53
barenco_tof_3,50_0,4,54,55,1,-1,26,3841,45,a90235b25c2fde0fb05ad10e964e1a20e23cc1c3230779ef7459340d99af2e51
barenco_tof_3,50_0,5,55,53,-2,2,16,4694,44,39a9ddc21e552f037b501fb938ae36d8111ce4159f6207d128005c8daac2e9f8
barenco_tof_3,50_0,6,53,55,2,-2,9,132,44,e7da20f1d57899ee161602494418beb04d72907e1764549135342f327a2a6817
barenco_tof_3,50_0,7,55,53,-2,2,8,133,46,2cc965771e1362171221ddf34236d633c3f86602ce35e043d8895cd0d07a99f6
barenco_tof_3,50_0,8,53,52,-1,1,22,3418,44,e7da20f1d57899ee161602494418beb04d72907e1764549135342f327a2a6817
barenco_tof_3,50_0,9,52,50,-2,2,25,4694,43,eade6529b5a328e542e4597b0b35db873f82d1f652b15a0f5f0ea7d755dcc068
barenco_tof_3,50_1,0,54,56,2,-2,9,132,43,3f0a28301b6ad59bb53fcec0eca81a9e5793671d9012040870dfff098520a89f
barenco_tof_3,50_1,1,56,54,-2,2,11,133,45,9a2054b0f72ea19f754a0b895a13d1a27be21aeb74f4a61607dc32fed143786d
barenco_tof_3,50_1,2,54,54,0,0,24,45,43,3f0a28301b6ad59bb53fcec0eca81a9e5793671d9012040870dfff098520a89f
barenco_tof_3,50_1,3,54,56,2,-2,9,36,43,eaeb1dda625b45d780d47a75a81c8a98564886de8c86e3cac2dcb2c2b0cd36f0
barenco_tof_3,50_1,4,56,54,-2,2,8,37,45,54d257ca170461afdb261a0ed16336c320ded0c6d768db434a461db47ef9b16f
barenco_tof_3,50_1,5,54,56,2,-2,1,42,43,eaeb1dda625b45d780d47a75a81c8a98564886de8c86e3cac2dcb2c2b0cd36f0
barenco_tof_3,50_1,6,56,54,-2,2,1,43,45,179cc3a9ed1139ab7b86eae8c1966d80cf2210583ffeb64f45ffc413644d5cca
barenco_tof_3,50_1,7,54,56,2,-2,9,132,43,eaeb1dda625b45d780d47a75a81c8a98564886de8c86e3cac2dcb2c2b0cd36f0
barenco_tof_3,50_1,8,56,54,-2,2,8,133,45,424852be170c7a345e8074fe8ca4ec8ef52584734f56cfaf07a1209017a8960b
barenco_tof_3,50_1,9,54,54,0,0,15,44,43,eaeb1dda625b45d780d47a75a81c8a98564886de8c86e3cac2dcb2c2b0cd36f0
barenco_tof_3,50_1,10,54,52,-2,2,23,3320,43,382c1bdb4d22922db1269997592e6947c7474f8e3158358ea6a4c467acf7309d
barenco_tof_3,50_1,11,52,54,2,-2,4,36,43,d9915c1008865333d9109e824130da49e58991916ed72f4d3750e0a77c26e161
barenco_tof_3,50_1,12,54,52,-2,2,4,37,45,6311cd45c1bd63d1134f40e5214c2679e306eaee94fa4eafbadc7c0d6e2e70fb
barenco_tof_3,50_1,13,52,53,1,-1,22,4395,43,d9915c1008865333d9109e824130da49e58991916ed72f4d3750e0a77c26e161
barenco_tof_3,50_1,14,53,52,-1,1,23,4413,45,eff3ff349d0840a47bf6a3724c100230a4a676c50701250d2800e5cf830e07bb
barenco_tof_3,50_1,15,52,54,2,-2,22,132,43,730d40ac7b1a0758e590ffe201338eaf97269e4138d7ba829d7515815b7daf76
barenco_tof_3,50_1,16,54,53,-1,1,22,3418,45,80491e7d90bca85cef1f6b2e9de87b89fb201bbe20765b2bc8e3684a22c17c69
barenco_tof_3,50_1,17,53,52,-1,1,16,1513,44,d43e4ef04bfd4499b72c2aea2a7fd3f78d206fdc9995e4526c8019dee50a9d4f
barenco_tof_3,50_1,18,52,50,-2,2,26,4670,44,b333df191c5b8775b0213e43c29afa344de36d1b9feb678bcac8af0178b66160
barenco_tof_3,50_2,0,52,54,2,-2,2,36,43,d9915c1008865333d9109e824130da49e58991916ed72f4d3750e0a77c26e161
barenco_tof_3,50_2,1,54,52,-2,2,2,37,45,1a63534a078364f986d70614c726bae63efc5bd8813f939e985363e4faef0983
barenco_tof_3,50_2,2,52,53,1,-1,22,944,43,d9915c1008865333d9109e824130da49e58991916ed72f4d3750e0a77c26e161
barenco_tof_3,50_2,3,53,55,2,-2,9,36,45,3139b40f4eea7fd75c4b4792a967170e54fa702820cd21e9df49d832aa491b82
barenco_tof_3,50_2,4,55,53,-2,2,8,37,47,1015c209108c0421b315024d9b516b9a184e5e4150b4b5cef90da233f122e2d3
barenco_tof_3,50_2,5,53,55,2,-2,10,36,45,3139b40f4eea7fd75c4b4792a967170e54fa702820cd21e9df49d832aa491b82
barenco_tof_3,50_2,6,55,55,0,0,11,121,47,9a7d732b2b4c3b69c6c1f0d57d042f4c7f6f0846649b74a2f446851c4a6b91f4
barenco_tof_3,50_2,7,55,53,-2,2,9,4682,47,25db8a78e375a0198cb2f9a87417af43eda42e91982f92367823c277645e3ed0
barenco_tof_3,50_2,8,53,52,-1,1,22,1483,45,3139b40f4eea7fd75c4b4792a967170e54fa702820cd21e9df49d832aa491b82
barenco_tof_3,50_2,9,52,54,2,-2,21,40,43,730d40ac7b1a0758e590ffe201338eaf97269e4138d7ba829d7515815b7daf76
barenco_tof_3,50_2,10,54,52,-2,2,21,41,45,4f236c1af616642820a5bfc3aa981f687533ce722b69a5daad0ca7cb513664f7
barenco_tof_3,50_2,11,52,54,2,-2,22,132,43,730d40ac7b1a0758e590ffe201338eaf97269e4138d7ba829d7515815b7daf76
barenco_tof_3,50_2,12,54,53,-1,1,22,3436,45,80491e7d90bca85cef1f6b2e9de87b89fb201bbe20765b2bc8e3684a22c17c69
barenco_tof_3,50_2,13,53,54,1,-1,27,3841,44,d43e4ef04bfd4499b72c2aea2a7fd3f78d206fdc9995e4526c8019dee50a9d4f
barenco_tof_3,50_2,14,54,52,-2,2,24,4682,44,254ba9255d36ec427bb7de082824643b13bdd8419db0cd0401e7372af5f78f47
barenco_tof_3,50_2,15,52,50,-2,2,16,4694,43,90b200b9f1b303d69c00f69b4a715b697c183fc95433233500e306327757a1c0
barenco_tof_3,50_4,0,54,56,2,-2,10,36,43,3f0a28301b6ad59bb53fcec0eca81a9e5793671d9012040870dfff098520a89f
barenco_tof_3,50_4,1,56,56,0,0,11,120,45,43a1561691a7ced4b1f713aa40b4b4094a5baae098d3f5f874f32e7e804fa40c
barenco_tof_3,50_4,2,56,56,0,0,11,121,45,dc2cb5d29c19724a5ab42998a74f4d33d7888aa38f38cf6a8d46a006fd040152
barenco_tof_3,50_4,3,56,56,0,0,11,121,45,43a1561691a7ced4b1f713aa40b4b4094a5baae098d3f5f874f32e7e804fa40c
barenco_tof_3,50_4,4,56,56,0,0,11,121,45,dc2cb5d29c19724a5ab42998a74f4d33d7888aa38f38cf6a8d46a006fd040152
barenco_tof_3,50_4,5,56,54,-2,2,9,4670,45,43a1561691a7ced4b1f713aa40b4b4094a5baae098d3f5f874f32e7e804fa40c
barenco_tof_3,50_4,6,54,55,1,-1,24,4407,43,9dd152b242c829e31b2619eb9493733c279eddce4793b74e1b3cedec886e46c9
barenco_tof_3,50_4,7,55,54,-1,1,26,4365,44,ff90b474c7d9ea9ffae374b1b68cd802522bc9b550a3a0bc46dc76695d4b24f8
barenco_tof_3,50_4,8,54,54,0,0,25,45,41,3699764b01d0bf18610933ca8bc83c643bf2bebf987b631c258077855da93348
barenco_tof_3,50_4,9,54,54,0,0,24,38,41,fc4d4bfaefcbae491f165e5592b426536eb82f5506cda057887ef3ff2eabd178
barenco_tof_3,50_4,10,54,56,2,-2,9,132,42,d2ba0797ac9a0ad51c7952b289ca801a0b16d4aa18dff15aa286d62678e57c3d
barenco_tof_3,50_4,11,56,54,-2,2,8,133,44,c2fe0e4bf1544f98bbb63cdad9e7c75ea49c93b7e748d1e9dc5a8f8bccbb4dc4
barenco_tof_3,50_4,12,54,56,2,-2,4,36,42,d2ba0797ac9a0ad51c7952b289ca801a0b16d4aa18dff15aa286d62678e57c3d
barenco_tof_3,50_4,13,56,56,0,0,3,4385,44,9c5e28cd8fca3d6a51a4a35a775054e204c0db80c45beec760e9aded2aaff4cd
barenco_tof_3,50_4,14,56,56,0,0,3,1551,44,a284fac89fd5980293290d8ad45589a0afcb6b3af9a1dcc38ba56b88c86f2406
barenco_tof_3,50_4,15,56,54,-2,2,6,4694,44,61186f18ea2c2eb780f82a45ca125157918f956289a93e6a4077690957376ac4
barenco_tof_3,50_4,16,54,56,2,-2,3,40,42,d2ba0797ac9a0ad51c7952b289ca801a0b16d4aa18dff15aa286d62678e57c3d
barenco_tof_3,50_4,17,56,54,-2,2,3,43,44,b58a2f9cbdd97183e685d2f77584da15a60f5086fdaa3b26e098493584c062d4
barenco_tof_3,50_4,18,54,55,1,-1,21,940,42,d2ba0797ac9a0ad51c7952b289ca801a0b16d4aa18dff15aa286d62678e57c3d
barenco_tof_3,50_4,19,55,54,-1,1,17,1483,44,de1238cf6f6aaae6668c83900771f3bac8e8de408ef7bb04dbc24d551a13ae1c
barenco_tof_3,50_4,20,54,55,1,-1,25,1578,42,029c839c26e682ac9d36ad8f25fedddb40cb3d688834bf750f837684c503cc90
barenco_tof_3,50_4,21,55,55,0,0,15,38,44,e6b8823b55ea30c2fe1a1d8931c7d7aac0702bb0630f59034f2d2fc61706588a
barenco_tof_3,50_4,22,55,53,-2,2,25,3322,45,a944c96f17ee1ec07e56235b5a0818a079ec0891bcb18493bb3a4249b8debeee
barenco_tof_3,50_4,23,53,52,-1,1,27,1579,43,4a5b6d10d6eebec9cf3e82adf1c6ddf9f1848ff8d51bbc074b550a04d3134309
barenco_tof_3,50_4,24,52,54,2,-2,24,132,42,cf032bca45e502d3f779aeab4ab8475f95a352dd1f1d49710f7277aa6d95c5b4
barenco_tof_3,50_4,25,54,54,0,0,14,39,44,5ace9636165a7bbcdec8302b3f7999cb88a8ac7814ae6bc62091074e5117764e
barenco_tof_3,50_4,26,54,55,1,-1,30,1524,44,e4c53cb63103b894d2960c2a2997fec465da4e5a171e902003d8c7646e053391
barenco_tof_3,50_4,27,55,53,-2,2,16,4694,43,db0d5bd93febcfb3700fd86fc98c7a454114cbf5a8937af011b09d7edf580b8f
barenco_tof_3,50_4,28,53,52,-1,1,24,815,43,2b8df7eb2c2a932386ad22d1a2b8cd55a6fd3a877e77f24fc53479fee3b6c4dd
barenco_tof_3,50_4,29,52,50,-2,2,31,4694,43,dc561d23bd1fb3ed68260128261a40d16408b927d2fdb330e754b0420cf0b4c8
barenco_tof_3,52_0,0,54,56,2,-2,23,132,43,3f0a28301b6ad59bb53fcec0eca81a9e5793671d9012040870dfff098520a89f
barenco_tof_3,52_0,1,56,54,-2,2,25,133,45,a93f18fc2b004449074fcc3f0885accbcf1807d752f9fc544f1cf3921db79e46
barenco_tof_3,52_0,2,54,56,2,-2,10,134,43,3f0a28301b6ad59bb53fcec0eca81a9e5793671d9012040870dfff098520a89f
barenco_tof_3,52_0,3,56,56,0,0,10,346,45,09d52498d9f8acc988ee6a4bebd9533bd6e0b164f9aad44a4ccf38ad44b0d40e
barenco_tof_3,52_0,4,56,54,-2,2,13,4688,45,a5248589643f77342ee5e6bbe80ce1c18527f6ff55d761d3f875b1b2060c34ee
barenco_tof_3,52_0,5,54,54,0,0,24,39,43,3f0a28301b6ad59bb53fcec0eca81a9e5793671d9012040870dfff098520a89f
barenco_tof_3,52_0,6,54,54,0,0,27,39,43,eaeb1dda625b45d780d47a75a81c8a98564886de8c86e3cac2dcb2c2b0cd36f0
barenco_tof_3,52_0,7,54,54,0,0,15,38,43,630f4ed3c359931b2fb12ae543a6610eb45c18da83e4efc8396c34b4d5905190
barenco_tof_3,52_0,8,54,52,-2,2,21,3322,43,aff48255b280846328a50aab1112b1f65fd57924664febf79a92e5b1cfee984b
barenco_tof_3,52_1,0,54,54,0,0,24,45,43,3f0a28301b6ad59bb53fcec0eca81a9e5793671d9012040870dfff098520a89f
barenco_tof_3,52_1,1,54,56,2,-2,9,132,43,eaeb1dda625b45d780d47a75a81c8a98564886de8c86e3cac2dcb2c2b0cd36f0
barenco_tof_3,52_1,2,56,54,-2,2,8,133,45,424852be170c7a345e8074fe8ca4ec8ef52584734f56cfaf07a1209017a8960b
barenco_tof_3,52_1,3,54,54,0,0,24,4409,43,eaeb1dda625b45d780d47a75a81c8a98564886de8c86e3cac2dcb2c2b0cd36f0
barenco_tof_3,52_1,4,54,55,1,-1,23,3423,43,bcaca137328c235a5b83b90d966550bdad028590245d801bc5d50458f17fa5b3
barenco_tof_3,52_1,5,55,55,0,0,15,38,44,8d6422a3adaa931d6ffa301b73225458c404b38fdbd0cea534240078c2680747
barenco_tof_3,52_1,6,55,53,-2,2,23,3320,44,7b2a7391f71809f348818761a703cd2d344daeb28220bf9566d9eece459a2624
barenco_tof_3,52_1,7,53,53,0,0,13,38,44,e1adb77b9dae68f4cba4f3d34a38f11bb15adcfc9558069466bda2f674bd6488
barenco_tof_3,52_1,8,53,53,0,0,24,4394,44,d6a7301a20b6e3b1c3223ed1e36ae8a602ae6c42bc789c96d27a2319aa08259d
barenco_tof_3,52_1,9,53,52,-1,1,27,3426,42,3d761ce053e49fef99128967980af6b7a279ffaaaea027b0639916d84a43bca1
barenco_tof_3,52_2,0,54,56,2,-2,9,132,43,3f0a28301b6ad59bb53fcec0eca81a9e5793671d9012040870dfff098520a89f
barenco_tof_3,52_2,1,56,54,-2,2,8,133,45,032a29942c13ad9208dffb442b23b72161de1a23d089c4fd2e5007ae4009822e
barenco_tof_3,52_2,2,54,56,2,-2,9,132,43,3f0a28301b6ad59bb53fcec0eca81a9e5793671d9012040870dfff098520a89f
barenco_tof_3,52_2,3,56,54,-2,2,11,133,45,9a2054b0f72ea19f754a0b895a13d1a27be21aeb74f4a61607dc32fed143786d
barenco_tof_3,52_2,4,54,54,0,0,24,45,43,3f0a28301b6ad59bb53fcec0eca81a9e5793671d9012040870dfff098520a89f
barenco_tof_3,52_2,5,54,54,0,0,15,38,43,eaeb1dda625b45d780d47a75a81c8a98564886de8c86e3cac2dcb2c2b0cd36f0
barenco_tof_3,52_2,6,54,52,-2,2,23,3322,43,382c1bdb4d22922db1269997592e6947c7474f8e3158358ea6a4c467acf7309d
barenco_tof_3,52_4,0,54,56,2,-2,10,36,43,3f0a28301b6ad59bb53fcec0eca81a9e5793671d9012040870dfff098520a89f
barenco_tof_3,52_4,1,56,56,0,0,11,120,45,43a1561691a7ced4b1f713aa40b4b4094a5baae098d3f5f874f32e7e804fa40c
barenco_tof_3,52_4,2,56,56,0,0,11,121,45,dc2cb5d29c19724a5ab42998a74f4d33d7888aa38f38cf6a8d46a006fd040152
barenco_tof_3,52_4,3,56,56,0,0,11,121,45,43a1561691a7ced4b1f713aa40b4b4094a5baae098d3f5f874f32e7e804fa40c
barenco_tof_3,52_4,4,56,56,0,0,11,121,45,dc2cb5d29c19724a5ab42998a74f4d33d7888aa38f38cf6a8d46a006fd040152
barenco_tof_3,52_4,5,56,54,-2,2,9,4670,45,43a1561691a7ced4b1f713aa40b4b4094a5baae098d3f5f874f32e7e804fa40c
barenco_tof_3,52_4,6,54,55,1,-1,24,4407,43,9dd152b242c829e31b2619eb9493733c279eddce4793b74e1b3cedec886e46c9
barenco_tof_3,52_4,7,55,54,-1,1,26,4365,44,ff90b474c7d9ea9ffae374b1b68cd802522bc9b550a3a0bc46dc76695d4b24f8
barenco_tof_3,52_4,8,54,54,0,0,25,45,41,3699764b01d0bf18610933ca8bc83c643bf2bebf987b631c258077855da93348
barenco_tof_3,52_4,9,54,54,0,0,24,38,41,fc4d4bfaefcbae491f165e5592b426536eb82f5506cda057887ef3ff2eabd178
barenco_tof_3,52_4,10,54,56,2,-2,9,132,42,d2ba0797ac9a0ad51c7952b289ca801a0b16d4aa18dff15aa286d62678e57c3d
barenco_tof_3,52_4,11,56,54,-2,2,8,133,44,c2fe0e4bf1544f98bbb63cdad9e7c75ea49c93b7e748d1e9dc5a8f8bccbb4dc4
barenco_tof_3,52_4,12,54,56,2,-2,4,36,42,d2ba0797ac9a0ad51c7952b289ca801a0b16d4aa18dff15aa286d62678e57c3d
barenco_tof_3,52_4,13,56,56,0,0,3,4385,44,9c5e28cd8fca3d6a51a4a35a775054e204c0db80c45beec760e9aded2aaff4cd
barenco_tof_3,52_4,14,56,56,0,0,3,1551,44,a284fac89fd5980293290d8ad45589a0afcb6b3af9a1dcc38ba56b88c86f2406
barenco_tof_3,52_4,15,56,54,-2,2,6,4694,44,61186f18ea2c2eb780f82a45ca125157918f956289a93e6a4077690957376ac4
barenco_tof_3,52_4,16,54,56,2,-2,3,40,42,d2ba0797ac9a0ad51c7952b289ca801a0b16d4aa18dff15aa286d62678e57c3d
barenco_tof_3,52_4,17,56,54,-2,2,3,43,44,b58a2f9cbdd97183e685d2f77584da15a60f5086fdaa3b26e098493584c062d4
barenco_tof_3,52_4,18,54,55,1,-1,21,940,42,d2ba0797ac9a0ad51c7952b289ca801a0b16d4aa18dff15aa286d62678e57c3d
barenco_tof_3,52_4,19,55,54,-1,1,17,1483,44,de1238cf6f6aaae6668c83900771f3bac8e8de408ef7bb04dbc24d551a13ae1c
barenco_tof_3,52_4,20,54,55,1,-1,25,1578,42,029c839c26e682ac9d36ad8f25fedddb40cb3d688834bf750f837684c503cc90
barenco_tof_3,52_4,21,55,55,0,0,15,38,44,e6b8823b55ea30c2fe1a1d8931c7d7aac0702bb0630f59034f2d2fc61706588a
barenco_tof_3,52_4,22,55,53,-2,2,25,3322,45,a944c96f17ee1ec07e56235b5a0818a079ec0891bcb18493bb3a4249b8debeee
barenco_tof_3,52_4,23,53,52,-1,1,27,1579,43,4a5b6d10d6eebec9cf3e82adf1c6ddf9f1848ff8d51bbc074b550a04d3134309
barenco_tof_3,52_5,0,54,54,0,0,7,339,42,54988b941d681ca8e52716765ccc2ad47f5a77e6934af03cc1232039cb76c9a9
barenco_tof_3,52_5,1,54,56,2,-2,8,36,43,aa968ec70998d59fffc79c6f57cb04cbf3b20a9e3ebcef001babcdf7284b2738
barenco_tof_3,52_5,2,56,54,-2,2,8,37,45,d58eeb6dbf1ba30210675d86e4ca572518e916c8ba9fe3b6e42b3a6c5c8785d0
barenco_tof_3,52_5,3,54,56,2,-2,4,132,43,aa968ec70998d59fffc79c6f57cb04cbf3b20a9e3ebcef001babcdf7284b2738
barenco_tof_3,52_5,4,56,54,-2,2,4,133,45,b408fd456ff0b6a539408227c317fd9b0346ad6b273938adc627fc39eae7a57e
barenco_tof_3,52_5,5,54,54,0,0,16,4358,43,aa968ec70998d59fffc79c6f57cb04cbf3b20a9e3ebcef001babcdf7284b2738
barenco_tof_3,52_5,6,54,56,2,-2,8,36,45,b538c5ff19f5cbd12341bdecb79752278dcaff024503b49f06afb5773b860dc2
barenco_tof_3,52_5,7,56,54,-2,2,8,37,47,cd226e77bd5459e8884267457e6eded064bb957d5dd708ed1ff0325b3779155d
barenco_tof_3,52_5,8,54,56,2,-2,10,132,45,b538c5ff19f5cbd12341bdecb79752278dcaff024503b49f06afb5773b860dc2
barenco_tof_3,52_5,9,56,54,-2,2,10,133,47,b455169b47d827b8e32ee4dfed0404ee508d33fd9e82b306084c1aa59b262623
barenco_tof_3,52_5,10,54,55,1,-1,23,3566,45,b538c5ff19f5cbd12341bdecb79752278dcaff024503b49f06afb5773b860dc2
barenco_tof_3,52_5,11,55,55,0,0,25,1533,46,b104886a39808088d147a46ef3b09296f4e82a5ecdf02f6391a4b4401deab497
barenco_tof_3,52_5,12,55,55,0,0,25,4382,45,245718b32085ed7c49ef2e26009cf7258d0a1b024be9ed67ab7f5a783d438e6c
barenco_tof_3,52_5,13,55,54,-1,1,29,2910,45,b822741d072be5919ec3bcfb1cdfef8f81d66dc98e2c832ddf17a03ac5905874
barenco_tof_3,52_5,14,54,56,2,-2,8,132,42,6fccc5d586f8abc81c250f551e7d2a35747c0b1cdc8c39574b12110dbaa3db9f
barenco_tof_3,52_5,15,56,54,-2,2,10,133,45,094f4decc1e45df7068684437fbe1eca2f66fa8e4218633c10bd6f7870ea5939
barenco_tof_3,52_5,16,54,55,1,-1,24,3566,42,6fccc5d586f8abc81c250f551e7d2a35747c0b1cdc8c39574b12110dbaa3db9f
barenco_tof_3,52_5,17,55,54,-1,1,26,953,46,bc8d9a1d97796f5811866a731788f5a9d4b46499b21fc58de10735cce8c535c8
barenco_tof_3,52_5,18,54,55,1,-1,13,1482,44,f50e28aa0a19cfe97a54c552826e60a0e374c862fa7164fb4d7698d9d06e0b61
barenco_tof_3,52_5,19,55,57,2,-2,30,20,46,37bcc0b8c8335bf2c720edcb92ff2fe49e22124285f72124cf46c7d062c4b5f9
barenco_tof_3,52_5,20,57,55,-2,2,17,21,46,78014acf4334cafba6ffc7932066892192297393dc209889cfd08f09694e6830
barenco_tof_3,52_5,21,55,56,1,-1,12,4431,46,37bcc0b8c8335bf2c720edcb92ff2fe49e22124285f72124cf46c7d062c4b5f9
barenco_tof_3,52_5,22,56,54,-2,2,12,4694,46,58a8d9e4abf5594bee1f6fe9851d9fa7d563eb77d61c6c2e876fdb4044488a7f
barenco_tof_3,52_5,23,54,54,0,0,14,44,42,6f21ce45ac1f7230ff7b8a261818ea0a95e6c51382fe4501ca5213f45b544586
barenco_tof_3,52_5,24,54,53,-1,1,14,815,42,1be648f8e7d6a438b9786b6d22e66d6218be86eca1d12fff8138d6175dc2a2b2
barenco_tof_3,52_5,25,53,55,2,-2,8,36,42,41cbfffe1c59641963610683ae44da4328871aeca6e301d07b68aa980b8ca26e
barenco_tof_3,52_5,26,55,53,-2,2,8,37,44,6524c695a98f17a3137e7ee22ac5479b8c9966ac129384d09db7f6dfdd814931
barenco_tof_3,52_5,27,53,54,1,-1,6,940,42,41cbfffe1c59641963610683ae44da4328871aeca6e301d07b68aa980b8ca26e
barenco_tof_3,52_5,28,54,55,1,-1,7,4431,43,fb61a83f2c2e4f761142b335b72c8d2acd1bd84d60481d3e21417583adb771af
barenco_tof_3,52_5,29,55,53,-2,2,6,4682,44,53aa727dd176bc78a35724ceef9781772139999167f9ee96e1b93954f788f65a
barenco_tof_3,52_5,30,53,55,2,-2,16,36,42,41cbfffe1c59641963610683ae44da4328871aeca6e301d07b68aa980b8ca26e
barenco_tof_3,52_5,31,55,54,-1,1,22,821,44,5e974ac5bef69388c303c3f046b1562d5b39977ad5a59def4120fcdf9f14d114
barenco_tof_3,52_5,32,54,54,0,0,23,4373,43,5bc6b55fe713915519b0734236f8dcfc40375a076e9f05af7333944c04aa14be
barenco_tof_3,52_5,33,54,54,0,0,21,44,43,2d4eef468686611b23b901952e10ad8ad3e44038f8b6c5ce2d51ee45ea0af7ae
barenco_tof_3,52_5,34,54,52,-2,2,27,133,44,a6efe7edd6832eb0c451f08dfe09b442c246942e371cb9aad5567c76a9c5c950
barenco_tof_3,53_1,0,54,54,0,0,24,45,43,3f0a28301b6ad59bb53fcec0eca81a9e5793671d9012040870dfff098520a89f
barenco_tof_3,53_1,1,54,56,2,-2,9,132,43,eaeb1dda625b45d780d47a75a81c8a98564886de8c86e3cac2dcb2c2b0cd36f0
barenco_tof_3,53_1,2,56,54,-2,2,8,133,45,424852be170c7a345e8074fe8ca4ec8ef52584734f56cfaf07a1209017a8960b
barenco_tof_3,53_1,3,54,54,0,0,24,4409,43,eaeb1dda625b45d780d47a75a81c8a98564886de8c86e3cac2dcb2c2b0cd36f0
barenco_tof_3,53_1,4,54,55,1,-1,23,3423,43,bcaca137328c235a5b83b90d966550bdad028590245d801bc5d50458f17fa5b3
barenco_tof_3,53_1,5,55,55,0,0,15,38,44,8d6422a3adaa931d6ffa301b73225458c404b38fdbd0cea534240078c2680747
barenco_tof_3,53_1,6,55,53,-2,2,23,3320,44,7b2a7391f71809f348818761a703cd2d344daeb28220bf9566d9eece459a2624
barenco_tof_3,53_4,0,54,56,2,-2,10,36,43,3f0a28301b6ad59bb53fcec0eca81a9e5793671d9012040870dfff098520a89f
barenco_tof_3,53_4,1,56,56,0,0,11,120,45,43a1561691a7ced4b1f713aa40b4b4094a5baae098d3f5f874f32e7e804fa40c
barenco_tof_3,53_4,2,56,56,0,0,11,121,45,dc2cb5d29c19724a5ab42998a74f4d33d7888aa38f38cf6a8d46a006fd040152
barenco_tof_3,53_4,3,56,56,0,0,11,121,45,43a1561691a7ced4b1f713aa40b4b4094a5baae098d3f5f874f32e7e804fa40c
barenco_tof_3,53_4,4,56,56,0,0,11,121,45,dc2cb5d29c19724a5ab42998a74f4d33d7888aa38f38cf6a8d46a006fd040152
barenco_tof_3,53_4,5,56,54,-2,2,9,4670,45,43a1561691a7ced4b1f713aa40b4b4094a5baae098d3f5f874f32e7e804fa40c
barenco_tof_3,53_4,6,54,55,1,-1,24,4407,43,9dd152b242c829e31b2619eb9493733c279eddce4793b74e1b3cedec886e46c9
barenco_tof_3,53_4,7,55,54,-1,1,26,4365,44,ff90b474c7d9ea9ffae374b1b68cd802522bc9b550a3a0bc46dc76695d4b24f8
barenco_tof_3,53_4,8,54,54,0,0,25,45,41,3699764b01d0bf18610933ca8bc83c643bf2bebf987b631c258077855da93348
barenco_tof_3,53_4,9,54,54,0,0,24,38,41,fc4d4bfaefcbae491f165e5592b426536eb82f5506cda057887ef3ff2eabd178
barenco_tof_3,53_4,10,54,56,2,-2,9,132,42,d2ba0797ac9a0ad51c7952b289ca801a0b16d4aa18dff15aa286d62678e57c3d
barenco_tof_3,53_4,11,56,54,-2,2,8,133,44,c2fe0e4bf1544f98bbb63cdad9e7c75ea49c93b7e748d1e9dc5a8f8bccbb4dc4
barenco_tof_3,53_4,12,54,56,2,-2,4,36,42,d2ba0797ac9a0ad51c7952b289ca801a0b16d4aa18dff15aa286d62678e57c3d
barenco_tof_3,53_4,13,56,56,0,0,3,4385,44,9c5e28cd8fca3d6a51a4a35a775054e204c0db80c45beec760e9aded2aaff4cd
barenco_tof_3,53_4,14,56,56,0,0,3,1551,44,a284fac89fd5980293290d8ad45589a0afcb6b3af9a1dcc38ba56b88c86f2406
barenco_tof_3,53_4,15,56,54,-2,2,6,4694,44,61186f18ea2c2eb780f82a45ca125157918f956289a93e6a4077690957376ac4
barenco_tof_3,53_4,16,54,56,2,-2,3,40,42,d2ba0797ac9a0ad51c7952b289ca801a0b16d4aa18dff15aa286d62678e57c3d
barenco_tof_3,53_4,17,56,54,-2,2,3,43,44,b58a2f9cbdd97183e685d2f77584da15a60f5086fdaa3b26e098493584c062d4
barenco_tof_3,53_4,18,54,55,1,-1,21,940,42,d2ba0797ac9a0ad51c7952b289ca801a0b16d4aa18dff15aa286d62678e57c3d
barenco_tof_3,53_4,19,55,54,-1,1,17,1483,44,de1238cf6f6aaae6668c83900771f3bac8e8de408ef7bb04dbc24d551a13ae1c
barenco_tof_3,53_4,20,54,55,1,-1,25,1578,42,029c839c26e682ac9d36ad8f25fedddb40cb3d688834bf750f837684c503cc90
barenco_tof_3,53_4,21,55,55,0,0,15,38,44,e6b8823b55ea30c2fe1a1d8931c7d7aac0702bb0630f59034f2d2fc61706588a
barenco_tof_3,53_4,22,55,53,-2,2,25,3322,45,a944c96f17ee1ec07e56235b5a0818a079ec0891bcb18493bb3a4249b8debeee
barenco_tof_3,53_5,0,54,54,0,0,7,339,42,54988b941d681ca8e52716765ccc2ad47f5a77e6934af03cc1232039cb76c9a9
barenco_tof_3,53_5,1,54,56,2,-2,8,36,43,aa968ec70998d59fffc79c6f57cb04cbf3b20a9e3ebcef001babcdf7284b2738
barenco_tof_3,53_5,2,56,54,-2,2,8,37,45,d58eeb6dbf1ba30210675d86e4ca572518e916c8ba9fe3b6e42b3a6c5c8785d0
barenco_tof_3,53_5,3,54,56,2,-2,4,132,43,aa968ec70998d59fffc79c6f57cb04cbf3b20a9e3ebcef001babcdf7284b2738
barenco_tof_3,53_5,4,56,54,-2,2,4,133,45,b408fd456ff0b6a539408227c317fd9b0346ad6b273938adc627fc39eae7a57e
barenco_tof_3,53_5,5,54,54,0,0,16,4358,43,aa968ec70998d59fffc79c6f57cb04cbf3b20a9e3ebcef001babcdf7284b2738
barenco_tof_3,53_5,6,54,56,2,-2,8,36,45,b538c5ff19f5cbd12341bdecb79752278dcaff024503b49f06afb5773b860dc2
barenco_tof_3,53_5,7,56,54,-2,2,8,37,47,cd226e77bd5459e8884267457e6eded064bb957d5dd708ed1ff0325b3779155d
barenco_tof_3,53_5,8,54,56,2,-2,10,132,45,b538c5ff19f5cbd12341bdecb79752278dcaff024503b49f06afb5773b860dc2
barenco_tof_3,53_5,9,56,54,-2,2,10,133,47,b455169b47d827b8e32ee4dfed0404ee508d33fd9e82b306084c1aa59b262623
barenco_tof_3,53_5,10,54,55,1,-1,23,3566,45,b538c5ff19f5cbd12341bdecb79752278dcaff024503b49f06afb5773b860dc2
barenco_tof_3,53_5,11,55,55,0,0,25,1533,46,b104886a39808088d147a46ef3b09296f4e82a5ecdf02f6391a4b4401deab497
barenco_tof_3,53_5,12,55,55,0,0,25,4382,45,245718b32085ed7c49ef2e26009cf7258d0a1b024be9ed67ab7f5a783d438e6c
barenco_tof_3,53_5,13,55,54,-1,1,29,2910,45,b822741d072be5919ec3bcfb1cdfef8f81d66dc98e2c832ddf17a03ac5905874
barenco_tof_3,53_5,14,54,56,2,-2,8,132,42,6fccc5d586f8abc81c250f551e7d2a35747c0b1cdc8c39574b12110dbaa3db9f
barenco_tof_3,53_5,15,56,54,-2,2,10,133,45,094f4decc1e45df7068684437fbe1eca2f66fa8e4218633c10bd6f7870ea5939
barenco_tof_3,53_5,16,54,55,1,-1,24,3566,42,6fccc5d586f8abc81c250f551e7d2a35747c0b1cdc8c39574b12110dbaa3db9f
barenco_tof_3,53_5,17,55,54,-1,1,26,953,46,bc8d9a1d97796f5811866a731788f5a9d4b46499b21fc58de10735cce8c535c8
barenco_tof_3,53_5,18,54,55,1,-1,13,1482,44,f50e28aa0a19cfe97a54c552826e60a0e374c862fa7164fb4d7698d9d06e0b61
barenco_tof_3,53_5,19,55,57,2,-2,30,20,46,37bcc0b8c8335bf2c720edcb92ff2fe49e22124285f72124cf46c7d062c4b5f9
barenco_tof_3,53_5,20,57,55,-2,2,17,21,46,78014acf4334cafba6ffc7932066892192297393dc209889cfd08f09694e6830
barenco_tof_3,53_5,21,55,56,1,-1,12,4431,46,37bcc0b8c8335bf2c720edcb92ff2fe49e22124285f72124cf46c7d062c4b5f9
barenco_tof_3,53_5,22,56,54,-2,2,12,4694,46,58a8d9e4abf5594bee1f6fe9851d9fa7d563eb77d61c6c2e876fdb4044488a7f
barenco_tof_3,53_5,23,54,54,0,0,14,44,42,6f21ce45ac1f7230ff7b8a261818ea0a95e6c51382fe4501ca5213f45b544586
barenco_tof_3,53_5,24,54,53,-1,1,14,815,42,1be648f8e7d6a438b9786b6d22e66d6218be86eca1d12fff8138d6175dc2a2b2
barenco_tof_3,54_2,0,56,57,1,-1,26,818,43,7e0ca9fa52e7a966067819c965be5f143b7102fda8b3192fd5546a808af77c84
barenco_tof_3,54_2,1,57,57,0,0,22,3300,44,ac35ceccb14afe7472b49797dd004bb44e0cfe69f9ddd1d8708bb05eaad45c6b
barenco_tof_3,54_2,2,57,57,0,0,13,44,45,eb01083f2d212bce0f35f24be2bc2e455820f43059f060e17cc5dd81d9b06e56
barenco_tof_3,54_2,3,57,58,1,-1,28,1512,45,ae94883a9476f2bc3f34583705c88b03244d4a9b05978a049dd958bd7c9458e1
barenco_tof_3,54_2,4,58,58,0,0,15,121,46,d92b28fb2db6701862fb557c808d5ecfa72addf3b97761a0c61cd2141196f534
barenco_tof_3,54_2,5,58,60,2,-2,9,132,46,0bcec11608b19d479f51460fb1c0653f59c5e0e98d29e8395e3347ae81f8d19d
barenco_tof_3,54_2,6,60,58,-2,2,11,133,48,8fb1ba3e7211875a42dab29480a0294481d27cc0851e84df1d859799bfe81707
barenco_tof_3,54_2,7,58,60,2,-2,9,132,46,0bcec11608b19d479f51460fb1c0653f59c5e0e98d29e8395e3347ae81f8d19d
barenco_tof_3,54_2,8,60,58,-2,2,8,133,48,e3262fe09f9db0c426bd05961b705098fb3e8b66bf9d727a2013f8c7de6d8930
barenco_tof_3,54_2,9,58,58,0,0,15,340,46,0bcec11608b19d479f51460fb1c0653f59c5e0e98d29e8395e3347ae81f8d19d
barenco_tof_3,54_2,10,58,56,-2,2,16,41,46,41437873c8db482c6781a7fd46af51c8e901ef31045985718ecea1ef253e8533
barenco_tof_3,54_2,11,56,56,0,0,25,3289,46,64eff94f9a5389f9188d405e1af1ff7fbfb32dbb048551e9c3a0c44f3eebd780
barenco_tof_3,54_2,12,56,56,0,0,24,4373,46,b3cc83cd046971135ac368312ab27b9e9e95ca88bea1ae60a256259a9868a5d2
barenco_tof_3,54_2,13,56,56,0,0,24,3300,46,334b2f952f0e682e4a2922e29d1f4e10830a035e94cc44e082aeab9730cf79ae
barenco_tof_3,54_2,14,56,54,-2,2,23,4664,46,54c3be1adc95bce5b04fee94fa0e19fc60e90c96a66fffb3844023a26d8a8269
barenco_tof_3,54_3,0,56,57,1,-1,8,3566,43,430e078692f4ad0cae0c3042facc493147826b0feee809c245b289d06d0d4509
barenco_tof_3,54_3,1,57,57,0,0,5,1591,45,788b415c4415bb94691118e54fc1c23e688fdc750b2e4296af58c6bf3c0d01b2
barenco_tof_3,54_3,2,57,57,0,0,5,1514,45,f6b3a6e51b4ad96af0af23ac8af251c4b2ad58b551d1e85726926c4aac0ca15c
barenco_tof_3,54_3,3,57,56,-1,1,8,945,45,788b415c4415bb94691118e54fc1c23e688fdc750b2e4296af58c6bf3c0d01b2
barenco_tof_3,54_3,4,56,58,2,-2,13,132,43,430e078692f4ad0cae0c3042facc493147826b0feee809c245b289d06d0d4509
barenco_tof_3,54_3,5,58,56,-2,2,26,133,46,fe7f8b13966e4e86c651ed7f112d744e559797d5974cb897e1c4250d326dbb19
barenco_tof_3,54_3,6,56,57,1,-1,8,940,43,430e078692f4ad0cae0c3042facc493147826b0feee809c245b289d06d0d4509
barenco_tof_3,54_3,7,57,56,-1,1,8,3568,45,788b415c4415bb94691118e54fc1c23e688fdc750b2e4296af58c6bf3c0d01b2
barenco_tof_3,54_3,8,56,58,2,-2,2,36,43,430e078692f4ad0cae0c3042facc493147826b0feee809c245b289d06d0d4509
barenco_tof_3,54_3,9,58,56,-2,2,2,37,45,2604137a88654dff2252d376f8dccc3fe4ad267da87238fd1871c047071c1417
barenco_tof_3,54_3,10,56,56,0,0,7,328,43,430e078692f4ad0cae0c3042facc493147826b0feee809c245b289d06d0d4509
barenco_tof_3,54_3,11,56,58,2,-2,27,132,43,084d287dc913db1f15fd3594ded1d6c781b96cb54ed410adae2ec9964a72ef79
barenco_tof_3,54_3,12,58,56,-2,2,28,133,45,0ce36d5dca665b4ab701e1af20172945d7f23df1c334e0d95449a8b99cc47c75
barenco_tof_3,54_3,13,56,58,2,-2,27,36,43,084d287dc913db1f15fd3594ded1d6c781b96cb54ed410adae2ec9964a72ef79
barenco_tof_3,54_3,14,58,56,-2,2,28,37,45,daf995cd3008ff03bd4799861f3d025d8c662774a21f3965c241e9c45246e6e5
barenco_tof_3,54_3,15,56,57,1,-1,6,1482,43,084d287dc913db1f15fd3594ded1d6c781b96cb54ed410adae2ec9964a72ef79
barenco_tof_3,54_3,16,57,56,-1,1,9,3568,46,623acfcfe0e1adfcabd3d51c04748d058b5639a3a5e7611369b121277eab0269
barenco_tof_3,54_3,17,56,56,0,0,19,4397,43,dfc6968e30d88e154c524458fb289c047c7681defd582950f353e5e240a109ec
barenco_tof_3,54_3,18,56,57,1,-1,6,3566,41,47f6066a45f3886db838d67cecd83c00ebd17ae5f97d71c25ce844fb8818ee9c
barenco_tof_3,54_3,19,57,56,-1,1,7,3568,44,2bcca5341fe36200d703b29c24b84c90b05bc37026f9a5fa69d5b5ab5bba2081
barenco_tof_3,54_3,20,56,56,0,0,27,45,41,47f6066a45f3886db838d67cecd83c00ebd17ae5f97d71c25ce844fb8818ee9c
barenco_tof_3,54_3,21,56,57,1,-1,23,4411,41,920fd272a2a15479e697e9633019762cfd4d69bba54b694c60206b776b0bf34e
barenco_tof_3,54_3,22,57,57,0,0,26,44,42,ed5fee61c5bc373c06e8bc33a4612f7dfe19a2aec35abca5c92e8d1440c0e3f8
barenco_tof_3,54_3,23,57,55,-2,2,25,3322,42,000cd174221380135f1ff22ad6b81133ece1e6d324d12f467ff4e3d39239771a
barenco_tof_3,54_3,24,55,54,-1,1,25,4367,42,904413a92eb69c74799a0ccae653a2c1d8e5725a1a0267829f2392d3207fc66c
barenco_tof_3,54_5,0,56,56,0,0,23,45,46,9848e1af66d1da60be670df41562773fe61fbec4e0632a6efc71fe7c7a044533
barenco_tof_3,54_5,1,56,58,2,-2,27,42,45,407dd372eec58e5df563626eb336e386aaaed82c33317a6219978e4181565206
barenco_tof_3,54_5,2,58,56,-2,2,25,43,47,5ea015062e9c55d6549d066ece13953703999abc12fd1dbcb78b0ae4dad11e8f
barenco_tof_3,54_5,3,56,58,2,-2,19,42,45,407dd372eec58e5df563626eb336e386aaaed82c33317a6219978e4181565206
barenco_tof_3,54_5,4,58,56,-2,2,19,43,48,0ab9d210e52ac9c66bddadb3b278ce7cc6eac77d725a9ae64e4b37cbdb70c225
barenco_tof_3,54_5,5,56,56,0,0,8,328,45,407dd372eec58e5df563626eb336e386aaaed82c33317a6219978e4181565206
barenco_tof_3,54_5,6,56,58,2,-2,27,42,44,38bfc01c3cf1aa4b9b6b150302eb76d765c60589b64fb79c06ebcf1af7d5fb85
barenco_tof_3,54_5,7,58,56,-2,2,25,41,46,dab5bd3ce1a0b7d9014bce2de6f90c2a6a40cd6fff12e328a6019add3f0c31b2
barenco_tof_3,54_5,8,56,58,2,-2,27,42,44,38bfc01c3cf1aa4b9b6b150302eb76d765c60589b64fb79c06ebcf1af7d5fb85
barenco_tof_3,54_5,9,58,56,-2,2,25,41,46,dab5bd3ce1a0b7d9014bce2de6f90c2a6a40cd6fff12e328a6019add3f0c31b2
barenco_tof_3,54_5,10,56,58,2,-2,27,42,44,38bfc01c3cf1aa4b9b6b150302eb76d765c60589b64fb79c06ebcf1af7d5fb85
barenco_tof_3,54_5,11,58,56,-2,2,25,41,46,dab5bd3ce1a0b7d9014bce2de6f90c2a6a40cd6fff12e328a6019add3f0c31b2
barenco_tof_3,54_5,12,56,58,2,-2,27,42,44,38bfc01c3cf1aa4b9b6b150302eb76d765c60589b64fb79c06ebcf1af7d5fb85
barenco_tof_3,54_5,13,58,56,-2,2,25,41,46,dab5bd3ce1a0b7d9014bce2de6f90c2a6a40cd6fff12e328a6019add3f0c31b2
barenco_tof_3,54_5,14,56,58,2,-2,27,42,44,38bfc01c3cf1aa4b9b6b150302eb76d765c60589b64fb79c06ebcf1af7d5fb85
barenco_tof_3,54_5,15,58,56,-2,2,25,41,46,dab5bd3ce1a0b7d9014bce2de6f90c2a6a40cd6fff12e328a6019add3f0c31b2
barenco_tof_3,54_5,16,56,58,2,-2,12,132,44,38bfc01c3cf1aa4b9b6b150302eb76d765c60589b64fb79c06ebcf1af7d5fb85
barenco_tof_3,54_5,17,58,56,-2,2,12,133,46,dc17b47ed4213bfe65e6ba9d2e248ca902296b00c9d56884ec66c8f99cdf12d3
barenco_tof_3,54_5,18,56,58,2,-2,12,132,44,38bfc01c3cf1aa4b9b6b150302eb76d765c60589b64fb79c06ebcf1af7d5fb85
barenco_tof_3,54_5,19,58,56,-2,2,12,133,46,dc17b47ed4213bfe65e6ba9d2e248ca902296b00c9d56884ec66c8f99cdf12d3
barenco_tof_3,54_5,20,56,58,2,-2,27,42,44,38bfc01c3cf1aa4b9b6b150302eb76d765c60589b64fb79c06ebcf1af7d5fb85
barenco_tof_3,54_5,21,58,56,-2,2,25,41,46,dab5bd3ce1a0b7d9014bce2de6f90c2a6a40cd6fff12e328a6019add3f0c31b2
barenco_tof_3,54_5,22,56,58,2,-2,27,42,44,38bfc01c3cf1aa4b9b6b150302eb76d765c60589b64fb79c06ebcf1af7d5fb85
barenco_tof_3,54_5,23,58,56,-2,2,25,41,46,dab5bd3ce1a0b7d9014bce2de6f90c2a6a40cd6fff12e328a6019add3f0c31b2
barenco_tof_3,54_5,24,56,58,2,-2,27,42,44,38bfc01c3cf1aa4b9b6b150302eb76d765c60589b64fb79c06ebcf1af7d5fb85
barenco_tof_3,54_5,25,58,56,-2,2,25,41,46,dab5bd3ce1a0b7d9014bce2de6f90c2a6a40cd6fff12e328a6019add3f0c31b2
barenco_tof_3,54_5,26,56,56,0,0,14,38,44,38bfc01c3cf1aa4b9b6b150302eb76d765c60589b64fb79c06ebcf1af7d5fb85
barenco_tof_3,54_5,27,56,54,-2,2,27,3322,44,6517f0c2dd55b48960b5bbbe90329cbc7ee642c112d021d5ff92baa0579bf5f0
barenco_tof_3,55_0,0,56,58,2,-2,9,132,43,dc6f42e9ff063c29d040222ee394bb6543f459909f9e3c6b7442e2fa1cb6cd5e
barenco_tof_3,55_0,1,58,56,-2,2,27,133,46,5220c0e62728cb4c41c5b97b14483268cb095c393e66550492724959f5be4707
barenco_tof_3,55_0,2,56,58,2,-2,9,132,43,dc6f42e9ff063c29d040222ee394bb6543f459909f9e3c6b7442e2fa1cb6cd5e
barenco_tof_3,55_0,3,58,56,-2,2,27,133,46,5220c0e62728cb4c41c5b97b14483268cb095c393e66550492724959f5be4707
barenco_tof_3,55_0,4,56,58,2,-2,11,36,43,dc6f42e9ff063c29d040222ee394bb6543f459909f9e3c6b7442e2fa1cb6cd5e
barenco_tof_3,55_0,5,58,56,-2,2,11,37,46,66f6743a0e6e404ec500fd2904ee42e5920aa3bbebda6cc477c4fe87204bad46
barenco_tof_3,55_0,6,56,58,2,-2,11,132,43,dc6f42e9ff063c29d040222ee394bb6543f459909f9e3c6b7442e2fa1cb6cd5e
barenco_tof_3,55_0,7,58,56,-2,2,11,133,46,07761279fa410ae31b9f4d033378725ea060bd7d743fb89d4d7f3130542a3bc2
barenco_tof_3,55_0,8,56,56,0,0,10,44,43,dc6f42e9ff063c29d040222ee394bb6543f459909f9e3c6b7442e2fa1cb6cd5e
barenco_tof_3,55_0,9,56,58,2,-2,10,36,43,70b0db5e1a80c295467cf17ffe00bb38ec6c18609eb4b4512749bebc0ae06158
barenco_tof_3,55_0,10,58,56,-2,2,8,4676,45,10ee85f9a9ace94f6ef1cc78fe31fcc4de4b1149c0661b0869a1a7e0c0032206
barenco_tof_3,55_0,11,56,56,0,0,13,44,43,9d4cb7003b563c703c3bed6c80462304e94253fe6e129261c83d18e147aa03e3
barenco_tof_3,55_0,12,56,58,2,-2,8,132,43,bb333ef3daa707d50a8ea3da0d012edd493ba6373402bec8c380ea3007b5d6bd
barenco_tof_3,55_0,13,58,56,-2,2,8,133,45,4905479690c67ceffa4b3766752cd9a06c466dad611241f06940a0df94b0d77d
barenco_tof_3,55_0,14,56,56,0,0,24,38,43,bb333ef3daa707d50a8ea3da0d012edd493ba6373402bec8c380ea3007b5d6bd
barenco_tof_3,55_0,15,56,58,2,-2,8,132,44,a8fc0213dbf4ff492127c263354f64536b71a2910270a38eac8dd1edebb3c4b2
barenco_tof_3,55_0,16,58,56,-2,2,8,133,46,61809e4d78c6f4dde96596f1a2ad9225dd460bef34063e9f19b3dcf5aa25d3eb
barenco_tof_3,55_0,17,56,56,0,0,25,44,44,a8fc0213dbf4ff492127c263354f64536b71a2910270a38eac8dd1edebb3c4b2
barenco_tof_3,55_0,18,56,56,0,0,11,45,43,23d6e04632affd74a78c2c47fcd8029fd4ce4939a3ee281f14e416c86e8ad256
barenco_tof_3,55_0,19,56,56,0,0,14,3316,42,2de8afc711240ec70b9e8e82ef9ba55a178b33acd5fa9fca2145713da26ddeae
barenco_tof_3,55_0,20,56,58,2,-2,8,132,43,3e5be18caf7d4a54f87bc57329148ca9f94a39a391dbc0e2b56a7f31afebd76b
barenco_tof_3,55_0,21,58,56,-2,2,8,133,45,f73281bcaa6f8c97a9f8d54be8e0a6b79a88674b0a7f2d754e2ffb529276936a
barenco_tof_3,55_0,22,56,56,0,0,20,44,43,3e5be18caf7d4a54f87bc57329148ca9f94a39a391dbc0e2b56a7f31afebd76b
barenco_tof_3,55_0,23,56,57,1,-1,28,4362,43,6ead796c4b5c32c02095608715727ea9f39afa3561cc522ace28aa997ae42372
barenco_tof_3,55_0,24,57,56,-1,1,27,4403,44,ea737ca946210bdd01df0c0a53c3a8d38ae7389f49f41c5b199cfb852c8441f1
barenco_tof_3,55_0,25,56,57,1,-1,26,940,43,6ead796c4b5c32c02095608715727ea9f39afa3561cc522ace28aa997ae42372
barenco_tof_3,55_0,26,57,57,0,0,24,44,44,943028c0b035d101933304769575b01a1b2565964b13f7dcf9e91ac445e4dc38
barenco_tof_3,55_0,27,57,55,-2,2,25,3322,44,37a32ba26374270c18492a518c4f240f483d0976a8a029b514f3d8f54c2958f4
barenco_tof_3,55_3,0,56,57,1,-1,8,3566,43,430e078692f4ad0cae0c3042facc493147826b0feee809c245b289d06d0d4509
barenco_tof_3,55_3,1,57,57,0,0,5,1591,45,788b415c4415bb94691118e54fc1c23e688fdc750b2e4296af58c6bf3c0d01b2
barenco_tof_3,55_3,2,57,57,0,0,5,1514,45,f6b3a6e51b4ad96af0af23ac8af251c4b2ad58b551d1e85726926c4aac0ca15c
barenco_tof_3,55_3,3,57,56,-1,1,8,945,45,788b415c4415bb94691118e54fc1c23e688fdc750b2e4296af58c6bf3c0d01b2
barenco_tof_3,55_3,4,56,58,2,-2,13,132,43,430e078692f4ad0cae0c3042facc493147826b0feee809c245b289d06d0d4509
barenco_tof_3,55_3,5,58,56,-2,2,26,133,46,fe7f8b13966e4e86c651ed7f112d744e559797d5974cb897e1c4250d326dbb19
barenco_tof_3,55_3,6,56,57,1,-1,8,940,43,430e078692f4ad0cae0c3042facc493147826b0feee809c245b289d06d0d4509
barenco_tof_3,55_3,7,57,56,-1,1,8,3568,45,788b415c4415bb94691118e54fc1c23e688fdc750b2e4296af58c6bf3c0d01b2
barenco_tof_3,55_3,8,56,58,2,-2,2,36,43,430e078692f4ad0cae0c3042facc493147826b0feee809c245b289d06d0d4509
barenco_tof_3,55_3,9,58,56,-2,2,2,37,45,2604137a88654dff2252d376f8dccc3fe4ad267da87238fd1871c047071c1417
barenco_tof_3,55_3,10,56,56,0,0,7,328,43,430e078692f4ad0cae0c3042facc493147826b0feee809c245b289d06d0d4509
barenco_tof_3,55_3,11,56,58,2,-2,27,132,43,084d287dc913db1f15fd3594ded1d6c781b96cb54ed410adae2ec9964a72ef79
barenco_tof_3,55_3,12,58,56,-2,2,28,133,45,0ce36d5dca665b4ab701e1af20172945d7f23df1c334e0d95449a8b99cc47c75
barenco_tof_3,55_3,13,56,58,2,-2,27,36,43,084d287dc913db1f15fd3594ded1d6c781b96cb54ed410adae2ec9964a72ef79
barenco_tof_3,55_3,14,58,56,-2,2,28,37,45,daf995cd3008ff03bd4799861f3d025d8c662774a21f3965c241e9c45246e6e5
barenco_tof_3,55_3,15,56,57,1,-1,6,1482,43,084d287dc913db1f15fd3594ded1d6c781b96cb54ed410adae2ec9964a72ef79
barenco_tof_3,55_3,16,57,56,-1,1,9,3568,46,623acfcfe0e1adfcabd3d51c04748d058b5639a3a5e7611369b121277eab0269
barenco_tof_3,55_3,17,56,56,0,0,19,4397,43,dfc6968e30d88e154c524458fb289c047c7681defd582950f353e5e240a109ec
barenco_tof_3,55_3,18,56,57,1,-1,6,3566,41,47f6066a45f3886db838d67cecd83c00ebd17ae5f97d71c25ce844fb8818ee9c
barenco_tof_3,55_3,19,57,56,-1,1,7,3568,44,2bcca5341fe36200d703b29c24b84c90b05bc37026f9a5fa69d5b5ab5bba2081
barenco_tof_3,55_3,20,56,56,0,0,27,45,41,47f6066a45f3886db838d67cecd83c00ebd17ae5f97d71c25ce844fb8818ee9c
barenco_tof_3,55_3,21,56,57,1,-1,23,4411,41,920fd272a2a15479e697e9633019762cfd4d69bba54b694c60206b776b0bf34e
barenco_tof_3,55_3,22,57,57,0,0,26,44,42,ed5fee61c5bc373c06e8bc33a4612f7dfe19a2aec35abca5c92e8d1440c0e3f8
barenco_tof_3,55_3,23,57,55,-2,2,25,3322,42,000cd174221380135f1ff22ad6b81133ece1e6d324d12f467ff4e3d39239771a
barenco_tof_3,56_4,0,58,58,0,0,15,44,45,87e62cd324fef0cca7d252857099ea16e9b014dc47e5e5d9f0013e5fa5579619
barenco_tof_3,56_4,1,58,56,-2,2,24,3322,45,290dbb92e61e8cf192f49f8863e971faf17d517acbd2db096854422b8ccf2114
gf2^6_mult,370_2,0,371,371,0,0,52,120,170,025c0475c7b9851c54de14a008621554ea415c0792dd6296961b2ee280374c49
gf2^6_mult,370_2,1,371,371,0,0,52,120,170,21dba39c3e6eee192c030a2d964effec91a582ef32f1ccea84c2d9742cf8353c
gf2^6_mult,370_2,2,371,372,1,-1,48,822,170,025c0475c7b9851c54de14a008621554ea415c0792dd6296961b2ee280374c49
gf2^6_mult,370_2,3,372,371,-1,1,47,823,171,e43eebce59fe693573de78d90f7395b2ee1c192c4a0863cb66918353d6809339
gf2^6_mult,370_2,4,371,371,0,0,50,4394,170,025c0475c7b9851c54de14a008621554ea415c0792dd6296961b2ee280374c49
gf2^6_mult,370_2,5,371,371,0,0,51,4397,168,a59523a56c972df905a279cdebf5ec77d8856b591a6022d8fa8bc051158bfd5f
gf2^6_mult,370_2,6,371,371,0,0,50,4394,170,025c0475c7b9851c54de14a008621554ea415c0792dd6296961b2ee280374c49
gf2^6_mult,370_2,7,371,371,0,0,47,4394,168,a59523a56c972df905a279cdebf5ec77d8856b591a6022d8fa8bc051158bfd5f
gf2^6_mult,370_2,8,371,371,0,0,104,120,169,9af86a39eef72eb139072b08ea345eb571411f8bc5489af56b4188bd3a51fb27
gf2^6_mult,370_2,9,371,371,0,0,65,4382,169,b7011df527f18444bcb0804f2cd874236777e47e4849c08fca544dfe232d8d89
gf2^6_mult,370_2,10,371,371,0,0,53,120,170,bfb7c78f9767a34cd8bfcf9df9aa6f83500f9b7abfc6cb01e0765c7996d6b861
gf2^6_mult,370_2,11,371,371,0,0,104,120,170,2b52cd922168153853aca10dab7d29057e6124607e5e9eadaa11d5a072e1e14e
gf2^6_mult,370_2,12,371,371,0,0,63,4382,170,efe16abc2b2efb6fcab15199d3e8d536cd85d27afef134aec3d7c47220ab45c6
gf2^6_mult,370_2,13,371,371,0,0,53,4397,169,5eed187ce29f38a0863c87611fc157d17563c643d86f1e1e924eeebb9e7f4a3b
gf2^6_mult,370_2,14,371,371,0,0,103,4385,168,e9caa5bfe62238f79da28617836c173ccee5619aefa9c921a3f1340e904368ab
gf2^6_mult,370_2,15,371,371,0,0,51,4370,168,b136754a49e687750b117b83ecd58d7cc11b03339bc4ef8bc8b39fcc867c171b
gf2^6_mult,370_2,16,371,371,0,0,51,4382,169,e7b299cd789bdd4e63d8617688307cd57e56b5fa42624c608032e8d4b40b75f8
gf2^6_mult,370_2,17,371,373,2,-2,49,42,168,b136754a49e687750b117b83ecd58d7cc11b03339bc4ef8bc8b39fcc867c171b
gf2^6_mult,370_2,18,373,371,-2,2,49,43,170,6091c8f768e54c3ec986ae3249638f2e1770ec69c8913f31e4d6b0abbe602e1d
gf2^6_mult,370_2,19,371,371,0,0,66,4382,168,b136754a49e687750b117b83ecd58d7cc11b03339bc4ef8bc8b39fcc867c171b
gf2^6_mult,370_2,20,371,371,0,0,52,4370,169,a15d85d494252f26599d89ab8196e431a36c314186bb03022eed30d040555a97
gf2^6_mult,370_2,21,371,371,0,0,51,4382,170,011fa89bfe18f11818d4eb5319b9ccdea9edbad517dcff758c6b34598a814dda
gf2^6_mult,370_2,22,371,371,0,0,17,4370,169,a15d85d494252f26599d89ab8196e431a36c314186bb03022eed30d040555a97
gf2^6_mult,370_2,23,371,372,1,-1,51,808,169,d1970a946a4b20c109381f996b4a9bb32c704cb7bba39999713f72841992cf2f
gf2^6_mult,370_2,24,372,372,0,0,46,4409,169,c8ded3a7d274da3b9bfc0fbc4810e2d7fdec4899ccca0ab954aa3abcfbbda210
gf2^6_mult,370_2,25,372,372,0,0,52,4346,169,cb02a7e31fb5146ecf77f4780e3145696b7f64b50c087fc41b9a05fe7ae61339
gf2^6_mult,370_2,26,372,372,0,0,52,4409,170,963d2c8925769d95291f03f1777a3a169499ced29fb761565cdc3e75a0f0079a
gf2^6_mult,370_2,27,372,372,0,0,50,4394,170,b099a7c44ae67cd267443d55e56cd75a6b7baeacdcb73a0dade814c51400e0e3
gf2^6_mult,370_2,28,372,372,0,0,52,4394,170,7549afe43e4811abc9e54549baececf8c4fea49d326bb961d974a9143fa33e13
gf2^6_mult,370_2,29,372,372,0,0,46,4409,169,5af5cbc7e9e36d8fff7334598d80884c3e2aabd37bb9732bc05b7cbf1f6cba10
gf2^6_mult,370_2,30,372,372,0,0,52,4394,170,7549afe43e4811abc9e54549baececf8c4fea49d326bb961d974a9143fa33e13
gf2^6_mult,370_2,31,372,372,0,0,54,4409,169,5af5cbc7e9e36d8fff7334598d80884c3e2aabd37bb9732bc05b7cbf1f6cba10
gf2^6_mult,370_2,32,372,372,0,0,51,4394,169,397762d4c3b13991c6f9f1d6ae18a886e6fc6ca2a26dca37783e5cafc04fd08a
gf2^6_mult,370_2,33,372,372,0,0,46,120,169,3e41db7ae7662497dc563c70e4fa7671f70b083163ad4436c8c7258644c9c721
gf2^6_mult,370_2,34,372,372,0,0,46,120,169,f03f9d4d1580977b57b34a3b6b654804fec8524b42b6666febc3e86bb844e70e
gf2^6_mult,370_2,35,372,372,0,0,46,120,169,3e41db7ae7662497dc563c70e4fa7671f70b083163ad4436c8c7258644c9c721
gf2^6_mult,370_2,36,372,372,0,0,46,120,169,f03f9d4d1580977b57b34a3b6b654804fec8524b42b6666febc3e86bb844e70e
gf2^6_mult,370_2,37,372,372,0,0,46,120,169,3e41db7ae7662497dc563c70e4fa7671f70b083163ad4436c8c7258644c9c721
gf2^6_mult,370_2,38,372,372,0,0,46,120,169,f03f9d4d1580977b57b34a3b6b654804fec8524b42b6666febc3e86bb844e70e
gf2^6_mult,370_2,39,372,372,0,0,47,4394,169,3e41db7ae7662497dc563c70e4fa7671f70b083163ad4436c8c7258644c9c721
gf2^6_mult,370_2,40,372,372,0,0,47,4394,169,eeccd92d88f175ec5fd4135a88a480862ce8a3974f65bdea2d2a2ff5cae75581
gf2^6_mult,370_2,41,372,372,0,0,46,121,169,3e41db7ae7662497dc563c70e4fa7671f70b083163ad4436c8c7258644c9c721
gf2^6_mult,370_2,42,372,372,0,0,37,4409,169,f03f9d4d1580977b57b34a3b6b654804fec8524b42b6666febc3e86bb844e70e
gf2^6_mult,370_2,43,372,372,0,0,48,120,169,a4c0242d686520c6cc102481809ae3daeba6950d3b674dd5931cc732e1b1d233
gf2^6_mult,370_2,44,372,372,0,0,48,120,169,c7505e4331559a863a79e6c8e3ea0a568789e459cc5a1c482752969751eba251
gf2^6_mult,370_2,45,372,372,0,0,48,120,169,a4c0242d686520c6cc102481809ae3daeba6950d3b674dd5931cc732e1b1d233
gf2^6_mult,370_2,46,372,372,0,0,48,120,169,c7505e4331559a863a79e6c8e3ea0a568789e459cc5a1c482752969751eba251
gf2^6_mult,370_2,47,372,372,0,0,48,120,169,a4c0242d686520c6cc102481809ae3daeba6950d3b674dd5931cc732e1b1d233
gf2^6_mult,370_2,48,372,372,0,0,48,120,169,c7505e4331559a863a79e6c8e3ea0a568789e459cc5a1c482752969751eba251
gf2^6_mult,370_2,49,372,372,0,0,48,120,169,a4c0242d686520c6cc102481809ae3daeba6950d3b674dd5931cc732e1b1d233
gf2^6_mult,370_2,50,372,372,0,0,48,120,169,c7505e4331559a863a79e6c8e3ea0a568789e459cc5a1c482752969751eba251
gf2^6_mult,370_2,51,372,372,0,0,48,120,169,a4c0242d686520c6cc102481809ae3daeba6950d3b674dd5931cc732e1b1d233
gf2^6_mult,370_2,52,372,372,0,0,48,121,169,c7505e4331559a863a79e6c8e3ea0a568789e459cc5a1c482752969751eba251
gf2^6_mult,370_2,53,372,372,0,0,70,4349,169,a4c0242d686520c6cc102481809ae3daeba6950d3b674dd5931cc732e1b1d233
gf2^6_mult,370_2,54,372,372,0,0,48,120,169,8dcb526a59ae531d217de67263a406a84c952451d292e7a0d34d127ed3bf26f2
gf2^6_mult,370_2,55,372,372,0,0,48,4346,169,54403a52279c8e40428a71e53ba3b9a311aa6cd7cabcb5a8ca3073828ad02fc1
gf2^6_mult,370_2,56,372,372,0,0,46,4394,170,d0c064eb5d87f9b05a056a45bb2af3166ed59569edf38261c3618b0fe8ac2a59
gf2^6_mult,370_2,57,372,373,1,-1,44,3554,168,5542e79045eb7f4cc498ab2e65db14eab087a121ff5ff2c88d101a3646a842f2
gf2^6_mult,370_2,58,373,373,0,0,48,4382,169,f575358d10722bcb0da6fc5fc781619305bc4b78548461fac8f1e6d6d4b944f8
gf2^6_mult,370_2,59,373,373,0,0,44,4382,168,35aa0c98f9e6061c6d895f71c8ac9974dfdd1937044a916699b9dfc1156b0dfa
gf2^6_mult,370_2,60,373,373,0,0,42,4382,168,6e49e3be45054e9d19dd1a64cb28db9e3e15c6238d1a813b1baccbfdc75efd33
gf2^6_mult,370_2,61,373,373,0,0,44,4382,168,35aa0c98f9e6061c6d895f71c8ac9974dfdd1937044a916699b9dfc1156b0dfa
gf2^6_mult,370_2,62,373,373,0,0,42,4382,168,6e49e3be45054e9d19dd1a64cb28db9e3e15c6238d1a813b1baccbfdc75efd33
gf2^6_mult,370_2,63,373,373,0,0,44,4382,168,35aa0c98f9e6061c6d895f71c8ac9974dfdd1937044a916699b9dfc1156b0dfa
gf2^6_mult,370_2,64,373,373,0,0,42,4382,168,6e49e3be45054e9d19dd1a64cb28db9e3e15c6238d1a813b1baccbfdc75efd33
gf2^6_mult,370_2,65,373,373,0,0,44,4382,168,35aa0c98f9e6061c6d895f71c8ac9974dfdd1937044a916699b9dfc1156b0dfa
gf2^6_mult,370_2,66,373,373,0,0,42,4382,168,6e49e3be45054e9d19dd1a64cb28db9e3e15c6238d1a813b1baccbfdc75efd33
gf2^6_mult,370_2,67,373,372,-1,1,44,3430,168,35aa0c98f9e6061c6d895f71c8ac9974dfdd1937044a916699b9dfc1156b0dfa
gf2^6_mult,370_2,68,372,372,0,0,47,1591,167,2a91946f378b58b2403a8b4abc5be3749650fb120b82f8c2324fe0952a6790d6
gf2^6_mult,370_2,69,372,372,0,0,47,1591,167,536db61904708308a9b03ce8e60b7893bbcf15134210d0f2c7afb07800988d83
gf2^6_mult,370_2,70,372,372,0,0,47,1591,167,2a91946f378b58b2403a8b4abc5be3749650fb120b82f8c2324fe0952a6790d6
gf2^6_mult,370_2,71,372,372,0,0,47,39,167,536db61904708308a9b03ce8e60b7893bbcf15134210d0f2c7afb07800988d83
gf2^6_mult,370_2,72,372,373,1,-1,46,3417,168,aa8e40eca436a5884dc6b33210cd777389bd4aaf2bc14661dee3e6ac17be8379
gf2^6_mult,370_2,73,373,372,-1,1,47,3420,168,d45225912e01c1db5ee2c8124a4e9ab4bb59364215f1dd43342743657ad639fc
gf2^6_mult,370_2,74,372,372,0,0,48,4382,168,aa8e40eca436a5884dc6b33210cd777389bd4aaf2bc14661dee3e6ac17be8379
gf2^6_mult,370_2,75,372,373,1,-1,43,3417,170,286e946bbf0c515dc8a24509eb3ebae5d6bde0b91dd4438fc9ac4068c8593c72
gf2^6_mult,370_2,76,373,372,-1,1,44,3420,170,2a0ace90234fd040fb5524ac8663487c34ca5e62a4e1fb1855505286e778f685
gf2^6_mult,370_2,77,372,372,0,0,44,4409,170,286e946bbf0c515dc8a24509eb3ebae5d6bde0b91dd4438fc9ac4068c8593c72
gf2^6_mult,370_2,78,372,373,1,-1,41,3417,171,ac68e3f1212efb5817f51b241e54087db9806d914f47e8111d3ef4f2e5501e88
gf2^6_mult,370_2,79,373,372,-1,1,41,3420,171,363c1c2e0baba1d005ca42a9465d44aaf9034ab61594d4cc5cfc7028b2aa5e1f
gf2^6_mult,370_2,80,372,373,1,-1,41,3417,171,ac68e3f1212efb5817f51b241e54087db9806d914f47e8111d3ef4f2e5501e88
gf2^6_mult,370_2,81,373,372,-1,1,41,3420,171,363c1c2e0baba1d005ca42a9465d44aaf9034ab61594d4cc5cfc7028b2aa5e1f
gf2^6_mult,370_2,82,372,373,1,-1,41,3435,171,ac68e3f1212efb5817f51b241e54087db9806d914f47e8111d3ef4f2e5501e88
gf2^6_mult,370_2,83,373,372,-1,1,41,3420,171,363c1c2e0baba1d005ca42a9465d44aaf9034ab61594d4cc5cfc7028b2aa5e1f
gf2^6_mult,370_2,84,372,372,0,0,48,4361,171,ac68e3f1212efb5817f51b241e54087db9806d914f47e8111d3ef4f2e5501e88
gf2^6_mult,370_2,85,372,373,1,-1,39,3429,171,c63af472334cc99fd6f0e22e7642013b27a53b92f2d75ba2dd52170d73cdca5c
gf2^6_mult,370_2,86,373,374,1,-1,35,822,172,ed5c0dacf7401d43081ddb31b562815b21b995fb14fce0478323251bbb9dacd6
gf2^6_mult,370_2,87,374,374,0,0,34,4394,172,6077506de0df48cc37e8633ef6e56f205ba7f411b8f20b9f84195a4e8e7669d7
gf2^6_mult,370_2,88,374,373,-1,1,41,3436,173,173274ca213fdc3fc52d20b56d6af032b4081ea4e0d77f0e578a205a7624783e
gf2^6_mult,370_2,89,373,372,-1,1,36,4355,173,7294307633a8f627885228e69f9fa05bbad01736a2aa0ff2a13e0a6121bd14bf
gf2^6_mult,370_2,90,372,372,0,0,45,1478,173,0c17f8df616ba4fe210c0b833da452fdcdb53dc65fc537b0993fccfba4e2279c
gf2^6_mult,370_2,91,372,372,0,0,43,1497,172,05f213e24105f284306265ac994aab93519f9a74d7b89a336368547c8c6db8fe
gf2^6_mult,370_2,92,372,372,0,0,52,120,169,6bfa96dffcb0bf05f81b9800cb71122eca9089e37ef0f054495eca364ce46352
gf2^6_mult,370_2,93,372,372,0,0,55,4385,169,95335534b5344910c0f76e8e6967c2b1ed11e678a1bda046214027f668b0b1c3
gf2^6_mult,370_2,94,372,372,0,0,47,4394,167,a1b23b92d257e2ca4a053535b7251bdb9223d795e07fd0c55156c1d93935f22c
gf2^6_mult,370_2,95,372,372,0,0,49,120,167,f619820d005bf3f225510f0d9322b40eac46c713e0c5e690a62d0613143174b5
gf2^6_mult,370_2,96,372,372,0,0,49,120,167,ff8b554e3373a285ee43111938da99e5e98c58150ce4fb17ec9e357f595ec1b8
gf2^6_mult,370_2,97,372,372,0,0,101,4382,167,f619820d005bf3f225510f0d9322b40eac46c713e0c5e690a62d0613143174b5
gf2^6_mult,370_2,98,372,372,0,0,50,4385,167,9c44bab9293ad0b78e5d818941fa660930ff558c0a15fad80b1014ddf5a432aa
gf2^6_mult,370_2,99,372,372,0,0,51,4394,167,1789c6e44804005b86eaf9df34c31e9547c75f33e3bd5d4eef5bf815ae75d8dd
gf2^6_mult,370_2,100,372,372,0,0,46,121,167,a636ac72fb0e11d0a2d36115c9cc60bfa20a7eb193e57d08b5550556bc87478c
gf2^6_mult,370_2,101,372,372,0,0,46,120,167,149cd7c5875dd4454055975ccd47a7e936bd9eb48c39a50ee9bbdf6775063088
gf2^6_mult,370_2,102,372,372,0,0,46,120,167,a636ac72fb0e11d0a2d36115c9cc60bfa20a7eb193e57d08b5550556bc87478c
gf2^6_mult,370_2,103,372,372,0,0,55,121,167,149cd7c5875dd4454055975ccd47a7e936bd9eb48c39a50ee9bbdf6775063088
gf2^6_mult,370_2,104,372,372,0,0,55,120,167,d6084d22a7d5fbf7d953bcf48487144f831a32178cdc8bccb2c3ee2a160bd71e
gf2^6_mult,370_2,105,372,372,0,0,53,4397,167,149cd7c5875dd4454055975ccd47a7e936bd9eb48c39a50ee9bbdf6775063088
gf2^6_mult,370_2,106,372,372,0,0,50,120,167,935355a5a1fa415aa12144c07128002738835eb7984f45e2c53d63b3f95b9f1f
gf2^6_mult,370_2,107,372,372,0,0,50,120,167,1789c6e44804005b86eaf9df34c31e9547c75f33e3bd5d4eef5bf815ae75d8dd
gf2^6_mult,370_2,108,372,372,0,0,51,4394,167,935355a5a1fa415aa12144c07128002738835eb7984f45e2c53d63b3f95b9f1f
gf2^6_mult,370_2,109,372,372,0,0,55,4358,167,149cd7c5875dd4454055975ccd47a7e936bd9eb48c39a50ee9bbdf6775063088
gf2^6_mult,370_2,110,372,372,0,0,57,4394,167,7451662b5a866839db4f287fe95ef8b21d467ce039633bb56378bc7fa3052a21
gf2^6_mult,370_2,111,372,372,0,0,53,4394,167,149cd7c5875dd4454055975ccd47a7e936bd9eb48c39a50ee9bbdf6775063088
gf2^6_mult,370_2,112,372,372,0,0,51,4361,167,935355a5a1fa415aa12144c07128002738835eb7984f45e2c53d63b3f95b9f1f
gf2^6_mult,370_2,113,372,372,0,0,55,3840,167,149cd7c5875dd4454055975ccd47a7e936bd9eb48c39a50ee9bbdf6775063088
gf2^6_mult,370_2,114,372,373,1,-1,45,822,169,66f8220237c75cbebfeeb680e6a7de212ed7ef1d73b7f1b78f7bf15d5dc73a81
gf2^6_mult,370_2,115,373,373,0,0,46,4394,169,ad334945a9107027cd5fe3469b4cba97e726b8981a8966325ac9e69ce19f7e5d
gf2^6_mult,370_2,116,373,374,1,-1,43,3417,170,5c5859f82194f2c78fa027e3ffbc0ae29f011c63b0e16418750110dc8ce62c22
gf2^6_mult,370_2,117,374,374,0,0,55,4358,169,dffeb24a3fba3d8c03f9166efca8107cdbb9d60426e1062e3490b88cd63323d7
gf2^6_mult,370_2,118,374,374,0,0,43,4394,169,70616fa0af876b090664caf4a75c5f93404b46e60a48bf9f32eca660c28cbac4
gf2^6_mult,370_2,119,374,373,-1,1,45,3430,170,5ec8469126b6f6e2f4216084d3d92494ec4fc8c9ee495bd188faf1b11209988b
gf2^6_mult,370_2,120,373,373,0,0,47,4409,168,1944cfd627978996657ae22a8d2415d6f892862fc452fad0fc46a2aa6db2827f
gf2^6_mult,370_2,121,373,373,0,0,47,4385,169,6f69d3ca26426bf97e4da7a00e2f9b5ddb775a16ac9a1f20b975ec881e9a1ad4
gf2^6_mult,370_2,122,373,373,0,0,47,4382,168,3f8028dc6630c4001c4663e82dfc1eee1c6fc609cffc2d8c11952ad6b87452a8
gf2^6_mult,370_2,123,373,373,0,0,47,4385,169,6f69d3ca26426bf97e4da7a00e2f9b5ddb775a16ac9a1f20b975ec881e9a1ad4
gf2^6_mult,370_2,124,373,373,0,0,47,4382,168,3f8028dc6630c4001c4663e82dfc1eee1c6fc609cffc2d8c11952ad6b87452a8
gf2^6_mult,370_2,125,373,373,0,0,47,4373,169,6f69d3ca26426bf97e4da7a00e2f9b5ddb775a16ac9a1f20b975ec881e9a1ad4
gf2^6_mult,370_2,126,373,373,0,0,47,4382,168,3f8028dc6630c4001c4663e82dfc1eee1c6fc609cffc2d8c11952ad6b87452a8
gf2^6_mult,370_2,127,373,373,0,0,55,4382,169,6f69d3ca26426bf97e4da7a00e2f9b5ddb775a16ac9a1f20b975ec881e9a1ad4
gf2^6_mult,370_2,128,373,371,-2,2,55,4664,170,c2699cc6b794a0008710a84a9b874315452e803007f076e325f1de069f40a18c
gf2^6_mult,370_2,129,371,372,1,-1,52,808,168,f7246a95827a017594c743b822c909caa6ecc52437ecba64c7f4a45291454e18
gf2^6_mult,370_2,130,372,372,0,0,55,120,171,3aa63c87e17ceb6148690227e070612ca9f4129b818a69855dceb50c1d6fd9e6
gf2^6_mult,370_2,131,372,371,-1,1,45,3420,171,c9cb907046c90fd58cd90a380c6bc5063326aed694a691ea69daf989f9052e98
gf2^6_mult,370_2,132,371,372,1,-1,52,814,168,cd692782ca3fd4676677c55b248926265efb60d21a84d769d7f935db0d9563ec
gf2^6_mult,370_2,133,372,372,0,0,55,1565,171,9b94c3371cf0dbe336f72236a7ff5c2bf0a8d19d92a39794bf3428b78d1c907a
gf2^6_mult,370_2,134,372,372,0,0,55,120,171,4ae935eb4547a4d71d2a51c3c9f62c884ba2fa4289ec883b55c8550352d221fd
gf2^6_mult,370_2,135,372,371,-1,1,45,809,171,0e850a2d110aa32f8b48af54e0fba76f59daefc7857f192762446cf95bda7189
gf2^6_mult,370_2,136,371,372,1,-1,52,808,168,cd692782ca3fd4676677c55b248926265efb60d21a84d769d7f935db0d9563ec
gf2^6_mult,370_2,137,372,371,-1,1,45,823,171,0e850a2d110aa32f8b48af54e0fba76f59daefc7857f192762446cf95bda7189
gf2^6_mult,370_2,138,371,372,1,-1,46,3417,168,cd692782ca3fd4676677c55b248926265efb60d21a84d769d7f935db0d9563ec
gf2^6_mult,370_2,139,372,371,-1,1,41,3420,168,95074c2aeea4b0581cdb254258c8b976ec94392f3621a0f085210b2ec6eb3919
gf2^6_mult,370_2,140,371,371,0,0,52,4358,168,cd692782ca3fd4676677c55b248926265efb60d21a84d769d7f935db0d9563ec
gf2^6_mult,370_2,141,371,371,0,0,52,4409,166,0b38dd26740584984456532a0f6a7424de750cae8f4890f73f88fded9675411e
gf2^6_mult,370_2,142,371,372,1,-1,47,3417,167,aac422797e79204af33ba0841461a053ada7e35f3d71616c55b15decbf1490b0
gf2^6_mult,370_2,143,372,371,-1,1,41,3420,166,9ebc1a3d9955e5e812364c23b32f1cc65f7929bbb537830cce0a5dab70fe52fe
gf2^6_mult,370_2,144,371,372,1,-1,47,3435,167,aac422797e79204af33ba0841461a053ada7e35f3d71616c55b15decbf1490b0
gf2^6_mult,370_2,145,372,371,-1,1,41,3438,166,9ebc1a3d9955e5e812364c23b32f1cc65f7929bbb537830cce0a5dab70fe52fe
gf2^6_mult,370_2,146,371,372,1,-1,47,3435,167,aac422797e79204af33ba0841461a053ada7e35f3d71616c55b15decbf1490b0
gf2^6_mult,370_2,147,372,373,1,-1,42,820,166,9ebc1a3d9955e5e812364c23b32f1cc65f7929bbb537830cce0a5dab70fe52fe
gf2^6_mult,370_2,148,373,372,-1,1,47,819,170,c4b5144b7fe281110a56b838b1821dc31717dea33998d88d456ab144dec3656a
gf2^6_mult,370_2,149,372,373,1,-1,42,3423,166,9ebc1a3d9955e5e812364c23b32f1cc65f7929bbb537830cce0a5dab70fe52fe
gf2^6_mult,370_2,150,373,374,1,-1,41,820,170,e1f0c5365e4616e89a0472f7989e6b4e426129ac68aa1eeccee63bc92b0dfad1
gf2^6_mult,370_2,151,374,375,1,-1,47,820,172,cf3ca2735d4f086ef4f9cb7a3c16e4ed246f7723ab19bd3b136b3ba648e01bc9
gf2^6_mult,370_2,152,375,374,-1,1,48,819,171,a7754ccf102201ba1c5185931553965de7af7bed73565dcc0cc2a92e7a4017ec
gf2^6_mult,370_2,153,374,373,-1,1,46,819,172,cf3ca2735d4f086ef4f9cb7a3c16e4ed246f7723ab19bd3b136b3ba648e01bc9
gf2^6_mult,370_2,154,373,373,0,0,46,4382,170,e1f0c5365e4616e89a0472f7989e6b4e426129ac68aa1eeccee63bc92b0dfad1
gf2^6_mult,370_2,155,373,372,-1,1,47,819,170,c4b5144b7fe281110a56b838b1821dc31717dea33998d88d456ab144dec3656a
gf2^6_mult,370_2,156,372,373,1,-1,42,3429,166,9ebc1a3d9955e5e812364c23b32f1cc65f7929bbb537830cce0a5dab70fe52fe
gf2^6_mult,370_2,157,373,373,0,0,47,4382,170,9b5a1eafe2f7d5bd4b0ad32fe435ebc3f08d82df6bb4f50bd317a9e5278bf978
gf2^6_mult,370_2,158,373,372,-1,1,50,3424,167,c887a32ddcb4f2f24e70c934841947f6123646a9fcd15a282774a872f3008b08
gf2^6_mult,370_2,159,372,373,1,-1,41,3422,166,0549552e871e82897194da33fb8a10b3ca15676438bfd4bdf7f0ac01fcf899bc
gf2^6_mult,370_2,160,373,372,-1,1,53,813,167,9aa5a1e7282cbc54fec2049ec1879f44cee5284087c76ef37c91f4f9d6f30a72
gf2^6_mult,370_2,161,372,373,1,-1,41,820,166,0549552e871e82897194da33fb8a10b3ca15676438bfd4bdf7f0ac01fcf899bc
gf2^6_mult,370_2,162,373,372,-1,1,51,819,167,18cbed7be66dcfa810329fb2856a5af7663198316bc301215ae469f1c6d8a9b9
gf2^6_mult,370_2,163,372,373,1,-1,41,3428,166,0549552e871e82897194da33fb8a10b3ca15676438bfd4bdf7f0ac01fcf899bc
gf2^6_mult,370_2,164,373,372,-1,1,51,3430,166,79f98127b5154eff02a03a1c8c6fcd87e1fcc6bb431151dd950f425c5a78aaf8
gf2^6_mult,370_2,165,372,373,1,-1,41,3429,166,0549552e871e82897194da33fb8a10b3ca15676438bfd4bdf7f0ac01fcf899bc
gf2^6_mult,370_2,166,373,372,-1,1,48,3420,167,9aa5a1e7282cbc54fec2049ec1879f44cee5284087c76ef37c91f4f9d6f30a72
gf2^6_mult,370_2,167,372,372,0,0,48,4382,166,78136c25ee9276403eb93124bdda7fa1a201d962892bc9ea193786790c9a13c2
gf2^6_mult,370_2,168,372,373,1,-1,48,3417,167,61a0d91a67b0af942f6642856b17bbd809f175b711f126bde5c951ac8a708ff1
gf2^6_mult,370_2,169,373,373,0,0,48,4397,168,c781fa2fc9ba74bfa4fc04d27910ece27790c5123f31d9637716b4718477fc45
gf2^6_mult,370_2,170,373,373,0,0,53,4382,168,95d78581300c390675f9388376266c26a5f1ff4a303af0f59921bef2747e8e7e
gf2^6_mult,370_2,171,373,371,-2,2,52,4664,169,824163f4b4575b3c2aae5544a39d8887b7324202343f9d51f0b9d9208435efd3
gf2^6_mult,370_2,172,371,372,1,-1,47,3416,167,aac422797e79204af33ba0841461a053ada7e35f3d71616c55b15decbf1490b0
gf2^6_mult,370_2,173,372,371,-1,1,49,3436,168,5862b5b31cf921e20e2a7e8b02d1e7ce309a3f6e5ec2498a81fb287ff25f05ca
gf2^6_mult,370_2,174,371,372,1,-1,47,816,167,aac422797e79204af33ba0841461a053ada7e35f3d71616c55b15decbf1490b0
gf2^6_mult,370_2,175,372,371,-1,1,41,3420,166,9ebc1a3d9955e5e812364c23b32f1cc65f7929bbb537830cce0a5dab70fe52fe
gf2^6_mult,370_2,176,371,371,0,0,59,4382,167,aac422797e79204af33ba0841461a053ada7e35f3d71616c55b15decbf1490b0
gf2^6_mult,370_2,177,371,372,1,-1,54,812,167,67694c3f5bc2293a992107bdc01c290e4493f859a1d092fafdd091e2351dcf8d
gf2^6_mult,370_2,178,372,373,1,-1,47,3435,168,5fd5bb25b690f64a93e3c0f7545709dfd3b441c5929115eb4c7dea8039270c84
gf2^6_mult,370_2,179,373,374,1,-1,42,1512,168,6fd641fca5a0e98f96e08e2b7ecf41a0c17a6c5f34a36ca56e0706e20b320f81
gf2^6_mult,370_2,180,374,374,0,0,46,4385,169,8876c8786fc7a1d799255a5b4bd65be85fbf57bf20e3846b30383d8a029b5e0a
gf2^6_mult,370_2,181,374,374,0,0,35,4382,169,f5de771431f3cbae7c70ef2aa00301e9b9000687cb87bae5e75a3783a45fc8ff
gf2^6_mult,370_2,182,374,373,-1,1,40,813,169,5fb6885528f35eef598026f4c1a42fcc3bc4ce98a703289bc2bc53773594ec4e
gf2^6_mult,370_2,183,373,372,-1,1,47,1595,169,2c069000f03bad506f62e1f12c236652d85d80f4aeecd6bfa296ee5d7c1045db
gf2^6_mult,370_2,184,372,372,0,0,53,4385,168,6c00152d387543d3631a9ed93bb2a4d11d545a9c4ba6b940972297d55ffe61f7
gf2^6_mult,370_2,185,372,373,1,-1,42,3422,168,849c6f54d6b417ad9792a46bda157a6da6513e207e44e8424545babcd8ee72fb
gf2^6_mult,370_2,186,373,373,0,0,49,4382,169,b751b3492177cd5b09382b14002039281ddc19c88ac38c2949a8d58ba78eba92
gf2^6_mult,370_2,187,373,373,0,0,50,4394,170,b2c60482400b2ef85cfabb62a5ab4bcc4fc8e844891f847cd36eab8254e54948
gf2^6_mult,370_2,188,373,373,0,0,46,4370,170,3ec80fa053f0dda602a1abfb24f0f625e71ed7db446bd8ba709079f679a7d503
gf2^6_mult,370_2,189,373,373,0,0,49,4370,169,6116235c8b3afbd4eeed8dce2aa0d6cc2b17366d7bc9e895aab24147bc097046
gf2^6_mult,370_2,190,373,373,0,0,47,4394,170,3ec80fa053f0dda602a1abfb24f0f625e71ed7db446bd8ba709079f679a7d503
gf2^6_mult,370_2,191,373,373,0,0,50,4397,170,b2c60482400b2ef85cfabb62a5ab4bcc4fc8e844891f847cd36eab8254e54948
gf2^6_mult,370_2,192,373,373,0,0,47,4397,170,3ec80fa053f0dda602a1abfb24f0f625e71ed7db446bd8ba709079f679a7d503
gf2^6_mult,370_2,193,373,373,0,0,50,4394,170,b2c60482400b2ef85cfabb62a5ab4bcc4fc8e844891f847cd36eab8254e54948
gf2^6_mult,370_2,194,373,372,-1,1,47,4368,170,3ec80fa053f0dda602a1abfb24f0f625e71ed7db446bd8ba709079f679a7d503
gf2^6_mult,370_2,195,372,373,1,-1,49,3429,169,f39dc3b7abd0800518bf73f5362a0df4b400a4422ab9db530b4f6b5e3d15b682
gf2^6_mult,370_2,196,373,373,0,0,48,4382,168,d4fa0ce9c3a5b5f9f386a825b6d57e6f6b62ab2df6a0d84b87e7823679550cc1
gf2^6_mult,370_2,197,373,372,-1,1,42,3424,169,d6b9ee19e49e8a0f14e76ac4dea787c7da214fb1b6367297aa18634891dd6f11
gf2^6_mult,370_2,198,372,372,0,0,51,4349,168,2eabc15800689b4b4ec68430db2d0e5184ad59fdb902a94f07b88ded2641250a
gf2^6_mult,370_2,199,372,373,1,-1,49,3422,169,f39dc3b7abd0800518bf73f5362a0df4b400a4422ab9db530b4f6b5e3d15b682
gf2^6_mult,370_2,200,373,373,0,0,49,4361,168,d4fa0ce9c3a5b5f9f386a825b6d57e6f6b62ab2df6a0d84b87e7823679550cc1
gf2^6_mult,370_2,201,373,373,0,0,41,4394,168,d54a5b43d5c021c09fb34df45cae577bc658002a62eb45fb7dc7bb0349e39f57
gf2^6_mult,370_2,202,373,373,0,0,49,4406,168,d4fa0ce9c3a5b5f9f386a825b6d57e6f6b62ab2df6a0d84b87e7823679550cc1
gf2^6_mult,370_2,203,373,373,0,0,41,4394,168,d54a5b43d5c021c09fb34df45cae577bc658002a62eb45fb7dc7bb0349e39f57
gf2^6_mult,370_2,204,373,373,0,0,49,4394,168,d4fa0ce9c3a5b5f9f386a825b6d57e6f6b62ab2df6a0d84b87e7823679550cc1
gf2^6_mult,370_2,205,373,373,0,0,41,4394,168,d54a5b43d5c021c09fb34df45cae577bc658002a62eb45fb7dc7bb0349e39f57
gf2^6_mult,370_2,206,373,373,0,0,49,4394,168,d4fa0ce9c3a5b5f9f386a825b6d57e6f6b62ab2df6a0d84b87e7823679550cc1
gf2^6_mult,370_2,207,373,373,0,0,41,4394,168,d54a5b43d5c021c09fb34df45cae577bc658002a62eb45fb7dc7bb0349e39f57
gf2^6_mult,370_2,208,373,373,0,0,49,4394,168,d4fa0ce9c3a5b5f9f386a825b6d57e6f6b62ab2df6a0d84b87e7823679550cc1
gf2^6_mult,370_2,209,373,373,0,0,41,4361,168,d54a5b43d5c021c09fb34df45cae577bc658002a62eb45fb7dc7bb0349e39f57
gf2^6_mult,370_2,210,373,373,0,0,49,4382,168,d4fa0ce9c3a5b5f9f386a825b6d57e6f6b62ab2df6a0d84b87e7823679550cc1
gf2^6_mult,370_2,211,373,374,1,-1,49,3417,169,d6b9ee19e49e8a0f14e76ac4dea787c7da214fb1b6367297aa18634891dd6f11
gf2^6_mult,370_2,212,374,373,-1,1,43,3430,170,f7ed11fecedfbc4387da061b9b28373694d5096f083747d261a2693c9e19f810
gf2^6_mult,370_2,213,373,374,1,-1,49,810,168,f4edf3b34b36eb9566f55d6f2cc8b7757ed337e80752cf7bbb43be232e6af1e9
gf2^6_mult,370_2,214,374,373,-1,1,43,4392,170,fb19ce7105bbfcf3e34fe44d1ee9991ce0c5a386f3166f83f12950dc414b1e0e
gf2^6_mult,370_2,215,373,373,0,0,49,4361,168,d4fa0ce9c3a5b5f9f386a825b6d57e6f6b62ab2df6a0d84b87e7823679550cc1
gf2^6_mult,370_2,216,373,373,0,0,41,4394,168,d54a5b43d5c021c09fb34df45cae577bc658002a62eb45fb7dc7bb0349e39f57
gf2^6_mult,370_2,217,373,373,0,0,49,4382,168,d4fa0ce9c3a5b5f9f386a825b6d57e6f6b62ab2df6a0d84b87e7823679550cc1
gf2^6_mult,370_2,218,373,374,1,-1,49,3417,169,d6b9ee19e49e8a0f14e76ac4dea787c7da214fb1b6367297aa18634891dd6f11
gf2^6_mult,370_2,219,374,373,-1,1,42,3436,170,f7ed11fecedfbc4387da061b9b28373694d5096f083747d261a2693c9e19f810
gf2^6_mult,370_2,220,373,372,-1,1,51,3430,170,73ce9ea17e9f3dff65d25c2cf57ddd9b93a060ad82ad6bd3e59b37e2008d7429
gf2^6_mult,370_2,221,372,372,0,0,51,4382,168,2eabc15800689b4b4ec68430db2d0e5184ad59fdb902a94f07b88ded2641250a
gf2^6_mult,370_2,222,372,372,0,0,49,4382,169,f39dc3b7abd0800518bf73f5362a0df4b400a4422ab9db530b4f6b5e3d15b682
gf2^6_mult,370_2,223,372,372,0,0,52,4385,168,2eabc15800689b4b4ec68430db2d0e5184ad59fdb902a94f07b88ded2641250a
gf2^6_mult,370_2,224,372,373,1,-1,49,3429,169,f39dc3b7abd0800518bf73f5362a0df4b400a4422ab9db530b4f6b5e3d15b682
gf2^6_mult,370_2,225,373,373,0,0,49,4394,168,d4fa0ce9c3a5b5f9f386a825b6d57e6f6b62ab2df6a0d84b87e7823679550cc1
gf2^6_mult,370_2,226,373,373,0,0,41,4394,168,d54a5b43d5c021c09fb34df45cae577bc658002a62eb45fb7dc7bb0349e39f57
gf2^6_mult,370_2,227,373,373,0,0,49,4370,168,d4fa0ce9c3a5b5f9f386a825b6d57e6f6b62ab2df6a0d84b87e7823679550cc1
gf2^6_mult,370_2,228,373,372,-1,1,42,813,169,d6b9ee19e49e8a0f14e76ac4dea787c7da214fb1b6367297aa18634891dd6f11
gf2^6_mult,370_2,229,372,372,0,0,51,4385,168,2eabc15800689b4b4ec68430db2d0e5184ad59fdb902a94f07b88ded2641250a
gf2^6_mult,370_2,230,372,373,1,-1,49,3429,169,f39dc3b7abd0800518bf73f5362a0df4b400a4422ab9db530b4f6b5e3d15b682
gf2^6_mult,370_2,231,373,373,0,0,49,4409,168,d4fa0ce9c3a5b5f9f386a825b6d57e6f6b62ab2df6a0d84b87e7823679550cc1
gf2^6_mult,370_2,232,373,373,0,0,41,4394,168,d54a5b43d5c021c09fb34df45cae577bc658002a62eb45fb7dc7bb0349e39f57
gf2^6_mult,370_2,233,373,373,0,0,49,4346,168,d4fa0ce9c3a5b5f9f386a825b6d57e6f6b62ab2df6a0d84b87e7823679550cc1
gf2^6_mult,370_2,234,373,374,1,-1,49,3417,169,d6b9ee19e49e8a0f14e76ac4dea787c7da214fb1b6367297aa18634891dd6f11
gf2^6_mult,370_2,235,374,373,-1,1,42,3436,170,f7ed11fecedfbc4387da061b9b28373694d5096f083747d261a2693c9e19f810
gf2^6_mult,370_2,236,373,372,-1,1,51,3430,170,73ce9ea17e9f3dff65d25c2cf57ddd9b93a060ad82ad6bd3e59b37e2008d7429
gf2^6_mult,370_2,237,372,372,0,0,51,4382,168,2eabc15800689b4b4ec68430db2d0e5184ad59fdb902a94f07b88ded2641250a
gf2^6_mult,370_2,238,372,372,0,0,48,4394,169,f39dc3b7abd0800518bf73f5362a0df4b400a4422ab9db530b4f6b5e3d15b682
gf2^6_mult,370_2,239,372,373,1,-1,46,3429,167,7b64df104b4806a590d96bfb778f4bd286ffb00f5874b2da9aff08ed61cb3292
gf2^6_mult,370_2,240,373,373,0,0,35,4394,168,d3a19dcbbd72c928f818c32616f385b9ecefebf11299546ed1f88f56ee2a9243
gf2^6_mult,370_2,241,373,373,0,0,41,4358,168,d54a5b43d5c021c09fb34df45cae577bc658002a62eb45fb7dc7bb0349e39f57
gf2^6_mult,370_2,242,373,373,0,0,49,4394,168,d4fa0ce9c3a5b5f9f386a825b6d57e6f6b62ab2df6a0d84b87e7823679550cc1
gf2^6_mult,370_2,243,373,374,1,-1,45,3417,168,d54a5b43d5c021c09fb34df45cae577bc658002a62eb45fb7dc7bb0349e39f57
gf2^6_mult,370_2,244,374,374,0,0,47,4382,168,25a368ea2c7ef4eaa7105f206df02f1441f4b707ca49051c2c11e9e542521093
gf2^6_mult,370_2,245,374,375,1,-1,47,3422,168,28a443e4ca71766dcdd113565ec08e45088b671a52d18acb265c7e0da8ade074
gf2^6_mult,370_2,246,375,374,-1,1,53,3424,168,95d98dd6fabda1937f11e3102746e8ab81ee1e1c105f8455965fdfff068a0908
gf2^6_mult,370_2,247,374,375,1,-1,47,3429,168,28a443e4ca71766dcdd113565ec08e45088b671a52d18acb265c7e0da8ade074
gf2^6_mult,370_2,248,375,374,-1,1,53,3424,168,95d98dd6fabda1937f11e3102746e8ab81ee1e1c105f8455965fdfff068a0908
gf2^6_mult,370_2,249,374,375,1,-1,47,820,168,28a443e4ca71766dcdd113565ec08e45088b671a52d18acb265c7e0da8ade074
gf2^6_mult,370_2,250,375,374,-1,1,49,3420,168,02faa22257c6b8e0c40eeb3ad949dbf8d23686c91610879988f6f6b159a89aca
gf2^6_mult,370_2,251,374,374,0,0,54,4382,168,c74f3027946f69f38cec5b4783ccac40f041259c74b6cda1eec85808881ac0b7
gf2^6_mult,370_2,252,374,373,-1,1,53,819,170,99bb03e6643a97b676ea32cbf00d6bc67c8f6c720b46173977f77a694ff2316d
gf2^6_mult,370_2,253,373,373,0,0,41,4394,168,d54a5b43d5c021c09fb34df45cae577bc658002a62eb45fb7dc7bb0349e39f57
gf2^6_mult,370_2,254,373,373,0,0,49,4394,168,d4fa0ce9c3a5b5f9f386a825b6d57e6f6b62ab2df6a0d84b87e7823679550cc1
gf2^6_mult,370_2,255,373,373,0,0,41,4394,168,d54a5b43d5c021c09fb34df45cae577bc658002a62eb45fb7dc7bb0349e39f57
gf2^6_mult,370_2,256,373,372,-1,1,42,3424,168,d4fa0ce9c3a5b5f9f386a825b6d57e6f6b62ab2df6a0d84b87e7823679550cc1
gf2^6_mult,370_2,257,372,372,0,0,49,4385,169,f39dc3b7abd0800518bf73f5362a0df4b400a4422ab9db530b4f6b5e3d15b682
gf2^6_mult,370_2,258,372,372,0,0,52,4385,168,2eabc15800689b4b4ec68430db2d0e5184ad59fdb902a94f07b88ded2641250a
gf2^6_mult,370_2,259,372,372,0,0,49,3291,169,f39dc3b7abd0800518bf73f5362a0df4b400a4422ab9db530b4f6b5e3d15b682
gf2^6_mult,370_2,260,372,372,0,0,45,1497,169,725d529d273ea3cb8be2bbbfdf0ec9ab8279f6415469ceafb14366aae528be22
gf2^6_mult,370_2,261,372,373,1,-1,52,3429,169,722b102c7609e43a406d08944364f0312a91a709cc5b289bcf387f4314c39717
gf2^6_mult,370_2,262,373,373,0,0,50,4385,168,98faf11fccc2ce6c8064adad3e49df648c4810966b902f82ee6675e369cf2db2
gf2^6_mult,370_2,263,373,373,0,0,49,4370,167,e081aa227de5570e8182111ba06149e6ef8c5279216231ca6c95dbd37d9b416f
gf2^6_mult,370_2,264,373,373,0,0,50,4370,168,98faf11fccc2ce6c8064adad3e49df648c4810966b902f82ee6675e369cf2db2
gf2^6_mult,370_2,265,373,373,0,0,49,4382,167,e081aa227de5570e8182111ba06149e6ef8c5279216231ca6c95dbd37d9b416f
gf2^6_mult,370_2,266,373,373,0,0,50,4385,168,98faf11fccc2ce6c8064adad3e49df648c4810966b902f82ee6675e369cf2db2
gf2^6_mult,370_2,267,373,373,0,0,49,4385,167,e081aa227de5570e8182111ba06149e6ef8c5279216231ca6c95dbd37d9b416f
gf2^6_mult,370_2,268,373,372,-1,1,52,813,168,98faf11fccc2ce6c8064adad3e49df648c4810966b902f82ee6675e369cf2db2
gf2^6_mult,370_2,269,372,371,-1,1,47,3424,169,722b102c7609e43a406d08944364f0312a91a709cc5b289bcf387f4314c39717
gf2^6_mult,370_2,270,371,370,-1,1,53,1469,170,404310408b7395893b22cb282a5a5379ec95f13231bb3f85502ebb5159dcfc50
gf2^6_mult,371_5,0,372,372,0,0,54,1535,166,3c90eb2536cf7562ada7c65ed79abcdab88f6ecff8693dae32a0d2042631eea7
gf2^6_mult,371_5,1,372,372,0,0,53,120,167,c2532e5078b0e8a6fd52950b2204eeb230f92509cfe0a8b445326f7440dead18
gf2^6_mult,371_5,2,372,372,0,0,51,120,167,f35b34d6d30107fc9b9b13bed7a3aa7d5999ab5781771f8db2cfe780b6a5a63d
gf2^6_mult,371_5,3,372,372,0,0,51,120,167,36efa05be9d160f3a933b3dfa6d67ba10a34c0fb58d05e74d53135911c7f56e8
gf2^6_mult,371_5,4,372,372,0,0,51,120,167,f35b34d6d30107fc9b9b13bed7a3aa7d5999ab5781771f8db2cfe780b6a5a63d
gf2^6_mult,371_5,5,372,372,0,0,51,120,167,36efa05be9d160f3a933b3dfa6d67ba10a34c0fb58d05e74d53135911c7f56e8
gf2^6_mult,371_5,6,372,372,0,0,90,121,167,f35b34d6d30107fc9b9b13bed7a3aa7d5999ab5781771f8db2cfe780b6a5a63d
gf2^6_mult,371_5,7,372,372,0,0,53,121,167,a6532c829930d95cc8a11a1519dd60fb2e3c84c3f8695c9c7e22fd03a6e93d99
gf2^6_mult,371_5,8,372,372,0,0,51,120,167,fa8efbc9e0f1cdbb00217c11be0a914b4e8fa6fe760cc3c4f70ad9cb72177ab5
gf2^6_mult,371_5,9,372,372,0,0,68,4394,167,59855f83965bfb46433fac274b385649049dde6e72e0d1ac82de13e91ceff00b
gf2^6_mult,371_5,10,372,374,2,-2,48,40,168,0958b60163b9527b41d0d362e70583d612f2ebe9c511f58e59deb94c5fa251bb
gf2^6_mult,371_5,11,374,372,-2,2,47,43,170,6f75645855b4564553cccc6ea6268b8682da7f0e44acdfb915b2a0218940920a
gf2^6_mult,371_5,12,372,372,0,0,53,121,168,0958b60163b9527b41d0d362e70583d612f2ebe9c511f58e59deb94c5fa251bb
gf2^6_mult,371_5,13,372,372,0,0,67,4397,168,189f2137f9f43ac69e56c36710f0b92d20e2bad960ed2421ee75b59bd54fad6f
gf2^6_mult,371_5,14,372,372,0,0,71,121,168,424b5aaa96837e3d03ef5df0cefb7eb973d66dec677a3a0683277fef2d101cc8
gf2^6_mult,371_5,15,372,372,0,0,53,1535,168,fe1542ee79c6722b44066af2fda246edec77c577b97e3b6103918b223df0635d
gf2^6_mult,371_5,16,372,372,0,0,66,4394,168,96314fd573868c940e946c244107c46e119b6a2f1d30e168c587b32b54c612e2
gf2^6_mult,371_5,17,372,372,0,0,51,121,168,b496c845232bab1a015d275401684f96a915bbb2f31922d95eac9d9c05d20dad
gf2^6_mult,371_5,18,372,372,0,0,51,121,168,45910ebbb8b3eddc56fc8ce5bda284224c23d683a19a81c700a62ea1abbeb5be
gf2^6_mult,371_5,19,372,372,0,0,49,4409,168,b496c845232bab1a015d275401684f96a915bbb2f31922d95eac9d9c05d20dad
gf2^6_mult,371_5,20,372,372,0,0,56,4397,167,7e98f623f46ae0f490d9412295e8eb6a101c5c0d97c7db2ec64dc0f706ddfc11
gf2^6_mult,371_5,21,372,374,2,-2,52,40,166,04e7b79a9fcf46388ab15efd3be511116e1218fc4c98e49409c03d324c5b92b1
gf2^6_mult,371_5,22,374,372,-2,2,51,43,167,48fa3ea2afd373fe4e03f9093dbd1a364c3f09ae96ff62be60699f1e80dc4d41
gf2^6_mult,371_5,23,372,372,0,0,56,1564,166,04e7b79a9fcf46388ab15efd3be511116e1218fc4c98e49409c03d324c5b92b1
gf2^6_mult,371_5,24,372,372,0,0,63,4406,168,85a2885257f6a7a45ebdb318752bf51399fcea562238ff009a18fe687ecfd53a
gf2^6_mult,371_5,25,372,372,0,0,56,1592,169,1f5a7a18dfecea37998e30f23d99fe9f5a3cc3e3650a8b69407c304a9c80bbd7
gf2^6_mult,371_5,26,372,372,0,0,71,4358,173,ade52e95518c78090288e1a264dc0f02716b715afd44fcdedfc6862e76c475c4
gf2^6_mult,371_5,27,372,372,0,0,31,4409,173,745c30f0ffea52bd5bd6c5e940efb17d3d571ebf15dd4128971e65231cf394e4
gf2^6_mult,371_5,28,372,372,0,0,62,121,174,493b3baf106edea4499a99818fa61ac34c3bb34c59c4457dd5aca5329bf2d770
gf2^6_mult,371_5,29,372,372,0,0,55,1565,174,50e91f457fef6b7657ec09a4e65af81956c5ea97d44e542106c6b73d0956e01a
gf2^6_mult,371_5,30,372,372,0,0,62,1592,172,cbb07862aa17b635f447eb3b0e74c303640652633fe8a398973840b4e14c2fe4
gf2^6_mult,371_5,31,372,372,0,0,54,1592,167,8b52f6f815e81084cb34cf37e544529fd24f1575e41320faacf4736320b9afee
gf2^6_mult,371_5,32,372,372,0,0,60,1564,167,421348ff736fe3825ef1a4013463c378eb4ffd6cbac43766b4c569b0b11a3cc7
gf2^6_mult,371_5,33,372,372,0,0,62,4397,168,a974fa1b79054209001f479f6408d5228d72481a3ba8b7ec890176d91df59dde
gf2^6_mult,371_5,34,372,372,0,0,61,4394,169,0a0a277d451ed4dfdce5caa9056a7c185d240e82f12f3dcc698b3a17ee1d3934
gf2^6_mult,371_5,35,372,372,0,0,60,1565,170,29c17366c38b3544409e019d9db1194fddf9e5e7d472cded35f7335e811c2a85
gf2^6_mult,371_5,36,372,372,0,0,60,120,169,9316e44095836e63b1f4b9252f9b4e6e1ad6a1a8742f69a35bcf88ddd6a5df29
gf2^6_mult,371_5,37,372,372,0,0,64,121,169,0e5132e7000d99e36b8e7d62c809dd410560eec56d7e7f906d077711aae2501a
gf2^6_mult,371_5,38,372,372,0,0,69,121,169,90451cb66542ef0fcf94027a22171bd4e1c14c491076c39138fbcdfb0eee482d
gf2^6_mult,371_5,39,372,372,0,0,90,121,169,64bf482733eb01004f668c751df166bd2d6cad80dd7463965fa10ebf903d531f
gf2^6_mult,371_5,40,372,373,1,-1,57,822,169,27bb87546745b817409aac4ae132a53362b414c9de59bd8650f50ee97df98351
gf2^6_mult,371_5,41,373,372,-1,1,54,823,169,cba9b16d414e5cd1520faf0b4b0e3f4f07862dbaa0232ce55e62e791003f1ad0
gf2^6_mult,371_5,42,372,372,0,0,64,1535,169,27bb87546745b817409aac4ae132a53362b414c9de59bd8650f50ee97df98351
gf2^6_mult,371_5,43,372,373,1,-1,57,822,165,40217e4924de68a0e09a4658f294f6a9ebb85027535a103a478c18c1d88ba8ec
gf2^6_mult,371_5,44,373,373,0,0,56,4349,166,03c5a86b1168ec4d1517b43284abf97f42a19d8a06a62c0c82de85d9e604e531
gf2^6_mult,371_5,45,373,374,1,-1,54,822,167,0b8c36d0109b2f4f803fa4ef8ace124f6004cc5bc4e1696538d3f9b3a36970a8
gf2^6_mult,371_5,46,374,374,0,0,40,38,168,bef36395054355ee29451be029a113f6b354c88952ac3f022f78a9ca43a60058
gf2^6_mult,371_5,47,374,374,0,0,59,4382,168,3dc48bcb63dc59a9331a9d753c57153cd2bbbda7907f0a4efe5ec29af665d1eb
gf2^6_mult,371_5,48,374,374,0,0,54,4349,167,2f991a9a8bdc0364ca7d8f5f6678a0f27e56fefca8a802a80da715748fa6f111
gf2^6_mult,371_5,49,374,374,0,0,55,4349,166,6874e805104cdaafb803b8f1bcdae6f9b8909cd185a9b28847a13b3b1ca439e3
gf2^6_mult,371_5,50,374,374,0,0,54,4385,167,2f991a9a8bdc0364ca7d8f5f6678a0f27e56fefca8a802a80da715748fa6f111
gf2^6_mult,371_5,51,374,374,0,0,55,4370,166,6874e805104cdaafb803b8f1bcdae6f9b8909cd185a9b28847a13b3b1ca439e3
gf2^6_mult,371_5,52,374,374,0,0,54,4373,167,2f991a9a8bdc0364ca7d8f5f6678a0f27e56fefca8a802a80da715748fa6f111
gf2^6_mult,371_5,53,374,373,-1,1,52,809,166,6874e805104cdaafb803b8f1bcdae6f9b8909cd185a9b28847a13b3b1ca439e3
gf2^6_mult,371_5,54,373,372,-1,1,51,943,165,4452202e349673ac0b879fe8c68c20a688567c68c80629eef437812ac9625a8d
gf2^6_mult,371_5,55,372,372,0,0,55,121,165,40217e4924de68a0e09a4658f294f6a9ebb85027535a103a478c18c1d88ba8ec
gf2^6_mult,371_5,56,372,374,2,-2,67,40,165,ec7f6d82acebd43350a644c58654225807ef137437d9f3824e09620061b7c63f
gf2^6_mult,371_5,57,374,372,-2,2,62,43,167,dda3b56c854a73d3300daa46cfb6aeb88e141fa6bbe42b7b0c4204e087224da4
gf2^6_mult,371_5,58,372,372,0,0,64,120,165,ec7f6d82acebd43350a644c58654225807ef137437d9f3824e09620061b7c63f
gf2^6_mult,371_5,59,372,372,0,0,55,1535,165,0822e3d20bcdbed7ff63bad3d85330d8e319912b1ee0b4be58514e0bb61d0d07
gf2^6_mult,371_5,60,372,372,0,0,56,121,167,38fa1836a2ae6c9890d91b2ba8fe41390dd49df2afc922b7b1bb85ea948257e9
gf2^6_mult,371_5,61,372,372,0,0,49,4385,167,f56bc507bbb3576fc5e910f66de1dc288a3e868e39858d3551bfb90c7c34e234
gf2^6_mult,371_5,62,372,372,0,0,65,120,167,c93261291281ac68054f9c2d7a47ac43a667c7cf439479036f58b20019ed97c8
gf2^6_mult,371_5,63,372,372,0,0,66,4361,167,14a9068651f496280d707bd48c7a481db99c8b56e3c45f3a913f749390d643ff
gf2^6_mult,371_5,64,372,372,0,0,63,4409,167,bc1ef58065dd3f4e284cdf17c7f5e7ab77ee374f32f2e2b76696d64a67c621e2
gf2^6_mult,371_5,65,372,372,0,0,73,38,167,14a9068651f496280d707bd48c7a481db99c8b56e3c45f3a913f749390d643ff
gf2^6_mult,371_5,66,372,372,0,0,53,4394,167,d61829a6ed400e73a65ecd5e8f106023132427c283a3c3d5952578b2117e335d
gf2^6_mult,371_5,67,372,372,0,0,65,120,168,d173c172987242baf5a0a1e8c82f8d3bd9a879a6d723791e0bebee5943508c2d
gf2^6_mult,371_5,68,372,372,0,0,52,1565,168,fcdd62516365f7b408d97e5bc83ac22a493adb61b21a68a9db4fbcf3b029d805
gf2^6_mult,371_5,69,372,372,0,0,52,120,168,c09c24b2cb6aa85efa95de2523e9f82151057ccb18d36481076e6cb6c160b955
gf2^6_mult,371_5,70,372,372,0,0,52,120,168,499fa0723ad725c05a3b88e6671df4bbd93121b3e56226a203efdd40db8f17eb
gf2^6_mult,371_5,71,372,372,0,0,64,120,168,c09c24b2cb6aa85efa95de2523e9f82151057ccb18d36481076e6cb6c160b955
gf2^6_mult,371_5,72,372,372,0,0,52,121,168,4847b8b3f50cc10e413fb177f034c2cf01f4f4c2b9a3efc0b5b94ffff4c56610
gf2^6_mult,371_5,73,372,372,0,0,52,120,168,fbec9eafe40af7dea6c787eecb38743053543a485b604b40d787edc102f71835
gf2^6_mult,371_5,74,372,372,0,0,52,120,168,4847b8b3f50cc10e413fb177f034c2cf01f4f4c2b9a3efc0b5b94ffff4c56610
gf2^6_mult,371_5,75,372,372,0,0,52,120,168,fbec9eafe40af7dea6c787eecb38743053543a485b604b40d787edc102f71835
gf2^6_mult,371_5,76,372,372,0,0,67,1592,168,4847b8b3f50cc10e413fb177f034c2cf01f4f4c2b9a3efc0b5b94ffff4c56610
gf2^6_mult,371_5,77,372,372,0,0,70,121,168,f6c89018e2ef35fa4cc22ff25dc5f07bde7719e2a10f32f11e8644f4775cd850
gf2^6_mult,371_5,78,372,372,0,0,63,120,168,2dd48a86145825747165a9e5bac800b1d82b55a8eea4f12e9d1e5c42914da414
gf2^6_mult,371_5,79,372,374,2,-2,63,42,168,daa7784bcb4b3419f1e148af2b2f42ea4053ad73be64dc3e0ca8b4a3189ff7fd
gf2^6_mult,371_5,80,374,372,-2,2,63,43,168,c7d07715eb39e21f3053d61d6ab36bd2bbbeb978e1e5227ccb555d00f9e294b0
gf2^6_mult,371_5,81,372,372,0,0,52,1564,168,daa7784bcb4b3419f1e148af2b2f42ea4053ad73be64dc3e0ca8b4a3189ff7fd
gf2^6_mult,371_5,82,372,372,0,0,64,120,168,af5c56a0f46605f59440e84da860dd59315023e0083b5905ba9c6f53af857d78
gf2^6_mult,371_5,83,372,372,0,0,52,1565,168,ffca1f40c4baa04b4b68017b57679606de08e38b4145c7c93fe8c7c5922f03d8
gf2^6_mult,371_5,84,372,372,0,0,65,120,168,2dd48a86145825747165a9e5bac800b1d82b55a8eea4f12e9d1e5c42914da414
gf2^6_mult,371_5,85,372,372,0,0,52,121,168,4d0e4788da91e75439978cdcad13ed5e1879f3255744e2ecd82412de157debb9
gf2^6_mult,371_5,86,372,372,0,0,65,1592,168,9d5f62342b2d74f0c0cfee61d8eb308907cdd254286ef343fad0b20d0858baa5
gf2^6_mult,371_5,87,372,372,0,0,52,120,166,320073ef7924f40dfcbda7d6cc5f09b355226d362192c80b9c6051d56c4857b0
gf2^6_mult,371_5,88,372,372,0,0,52,120,166,bafec295b16371d39640e0fa98eb7b98186816b9d28e41a2dd211dcf36f674e6
gf2^6_mult,371_5,89,372,372,0,0,52,120,166,320073ef7924f40dfcbda7d6cc5f09b355226d362192c80b9c6051d56c4857b0
gf2^6_mult,371_5,90,372,372,0,0,52,120,166,bafec295b16371d39640e0fa98eb7b98186816b9d28e41a2dd211dcf36f674e6
gf2^6_mult,371_5,91,372,372,0,0,65,121,166,320073ef7924f40dfcbda7d6cc5f09b355226d362192c80b9c6051d56c4857b0
gf2^6_mult,371_5,92,372,372,0,0,52,120,166,09f9c17a03d6be6903de892de08e97db400e73fae027314274b0105ad0abde12
gf2^6_mult,371_5,93,372,372,0,0,52,121,166,fbf60b6e2feb8e56e20ab5926f7b894a02972324c674937005393938b5e6f28f
gf2^6_mult,371_5,94,372,372,0,0,70,121,166,09f9c17a03d6be6903de892de08e97db400e73fae027314274b0105ad0abde12
gf2^6_mult,371_5,95,372,372,0,0,52,120,166,e3ea6382eeaa129a1c75d4b61366d6a246e175412fe22a4518b89b20200956f9
gf2^6_mult,371_5,96,372,372,0,0,52,120,166,f92c90ff8e2c02a4b88c121a57fb43c0c06851765464a00ee81344bef605ff86
gf2^6_mult,371_5,97,372,372,0,0,70,121,166,e3ea6382eeaa129a1c75d4b61366d6a246e175412fe22a4518b89b20200956f9
gf2^6_mult,371_5,98,372,372,0,0,52,120,166,09f9c17a03d6be6903de892de08e97db400e73fae027314274b0105ad0abde12
gf2^6_mult,371_5,99,372,372,0,0,58,120,166,fbf60b6e2feb8e56e20ab5926f7b894a02972324c674937005393938b5e6f28f
gf2^6_mult,371_5,100,372,372,0,0,52,120,166,d6ae0f64742157cb395a3354f87e8d5d180e35123b117bb9f632635082546dad
gf2^6_mult,371_5,101,372,372,0,0,70,120,166,f4347c7fea277543e44f80b3aadcabb1e665d35fc7cc9e0b91c2f391a151d2b3
gf2^6_mult,371_5,102,372,372,0,0,63,120,166,0b0be8d5436ec95e2ae35b43af8890dc8412917b001b00b5acb894a6a5de4981
gf2^6_mult,371_5,103,372,372,0,0,58,1592,166,5ac7e5dea4cdf5dbfe9c894ae2f3f083acd7fc040fab307ca990003abf7617dc
gf2^6_mult,371_5,104,372,372,0,0,61,120,166,c0f78942c9c620d341438f7bc6db2bd65af4fb0219e355094f8a18bdd1b3c5e1
gf2^6_mult,371_5,105,372,372,0,0,17,1535,166,300b44ea6faf1f5b8cbf10c224e38131113c4743a47f6e569eac97ea8750307d
gf2^6_mult,371_5,106,372,372,0,0,60,120,166,80942cefcb53cd52d612cff8de2e7a53980068b1a8dc04bda6c2645693efaecc
gf2^6_mult,371_5,107,372,372,0,0,52,120,166,5fdab3293fde7cee164632521519ed90f4450f71479e3b828d82f4347ec368eb
gf2^6_mult,371_5,108,372,374,2,-2,71,36,166,e683fa5ac8bf6dc0de8a82a6bca1ecc4e305d20ce5bdd8e903c7fa1505d2469f
gf2^6_mult,371_5,109,374,372,-2,2,73,37,168,3645d7a5dea8dd59c5c2e75cf18508df0a4553fb6260177daaa522581369744f
gf2^6_mult,371_5,110,372,372,0,0,17,1592,166,e683fa5ac8bf6dc0de8a82a6bca1ecc4e305d20ce5bdd8e903c7fa1505d2469f
gf2^6_mult,371_5,111,372,372,0,0,50,120,166,ad450cf67d3ecb2a9f5f14cfd7a4a2e8d0f16115df46630082ecf9a55d0c5baf
gf2^6_mult,371_5,112,372,372,0,0,50,121,166,59ff8daf5882afbaea728a8fa27f6850092fc92a6c7128d16462a70601ddb8d2
gf2^6_mult,371_5,113,372,372,0,0,68,1535,166,ad450cf67d3ecb2a9f5f14cfd7a4a2e8d0f16115df46630082ecf9a55d0c5baf
gf2^6_mult,371_5,114,372,372,0,0,50,120,165,145af565e7be51190f22aae5691180948cd2a763d4cae43f9faf0738c01b61b8
gf2^6_mult,371_5,115,372,372,0,0,50,120,165,da0fcb6a52efeba341a44eb25dc93425473d358d7ff1ac664e70a042741e2861
gf2^6_mult,371_5,116,372,372,0,0,50,120,165,145af565e7be51190f22aae5691180948cd2a763d4cae43f9faf0738c01b61b8
gf2^6_mult,371_5,117,372,372,0,0,50,120,165,da0fcb6a52efeba341a44eb25dc93425473d358d7ff1ac664e70a042741e2861
gf2^6_mult,371_5,118,372,374,2,-2,54,36,165,145af565e7be51190f22aae5691180948cd2a763d4cae43f9faf0738c01b61b8
gf2^6_mult,371_5,119,374,372,-2,2,54,37,167,39de58db3e1fcb0ba792fc85bcbedeef3331fd44662d34353ddc139d0523932e
gf2^6_mult,371_5,120,372,372,0,0,50,120,165,145af565e7be51190f22aae5691180948cd2a763d4cae43f9faf0738c01b61b8
gf2^6_mult,371_5,121,372,372,0,0,50,120,165,da0fcb6a52efeba341a44eb25dc93425473d358d7ff1ac664e70a042741e2861
gf2^6_mult,371_5,122,372,372,0,0,28,4361,165,145af565e7be51190f22aae5691180948cd2a763d4cae43f9faf0738c01b61b8
gf2^6_mult,371_5,123,372,372,0,0,62,120,165,f686123558ccd839bdfadaafd3ead5823b853ac80e8ea56fbe05c3aecca54a63
gf2^6_mult,371_5,124,372,372,0,0,50,120,165,bd66a01ea0b21ee55bc89e25b05bbcb6ada53539ce23a54234b9d441492637ab
gf2^6_mult,371_5,125,372,372,0,0,54,120,165,1ab0c2e5bcb9cdc2efe8a9b49fa2a9a12f61da4e6b6a844ebcf5825427206187
gf2^6_mult,371_5,126,372,372,0,0,51,4394,165,7ae0f1ec28edd6321334d8c03e93c10f652ee5b32c29023a1318206fc62e326c
gf2^6_mult,371_5,127,372,372,0,0,53,4361,170,34ccf724f97659102df351f97e04b9f0f59f92608ce1304217b27e3c65284072
gf2^6_mult,371_5,128,372,372,0,0,50,120,170,c40f6941ea7fa94c251d193a184a08bf25e0fff1d8d37f214e489700fe7672e9
gf2^6_mult,371_5,129,372,372,0,0,50,120,170,f2d248a5c9b1feb543a413b2c7319cc7c5c7e325f2fe7004ea3b5b38fa8b6e04
gf2^6_mult,371_5,130,372,372,0,0,58,4406,170,c40f6941ea7fa94c251d193a184a08bf25e0fff1d8d37f214e489700fe7672e9
gf2^6_mult,371_5,131,372,372,0,0,50,120,172,de0d38ec0296d40d6c0ffe592f7eaa5b3436a18de17d7bd8a2e84ee8f40a4cdc
gf2^6_mult,371_5,132,372,372,0,0,73,121,172,476ecad2322866d3455016f613291939f82dd2b29715c6bb90214e9def78fa55
gf2^6_mult,371_5,133,372,372,0,0,50,120,172,8a18bf21acb83c7f7514667ac48cc5ed1da8d98f4dab4c00bcbcc74563c28092
gf2^6_mult,371_5,134,372,372,0,0,73,120,172,5ae3b4a1c81d19b36b15159dda17abf86e4098b2fc81330c31e52ac2b7f131c4
gf2^6_mult,371_5,135,372,372,0,0,50,120,172,de0d38ec0296d40d6c0ffe592f7eaa5b3436a18de17d7bd8a2e84ee8f40a4cdc
gf2^6_mult,371_5,136,372,372,0,0,73,120,172,476ecad2322866d3455016f613291939f82dd2b29715c6bb90214e9def78fa55
gf2^6_mult,371_5,137,372,373,1,-1,44,814,172,8a18bf21acb83c7f7514667ac48cc5ed1da8d98f4dab4c00bcbcc74563c28092
gf2^6_mult,371_5,138,373,372,-1,1,50,815,173,eb4c96318449f180bcdd1cc7de4bdd150c2a9eb91a0c633c09abf4ec4970c587
gf2^6_mult,371_5,139,372,372,0,0,62,120,172,8a18bf21acb83c7f7514667ac48cc5ed1da8d98f4dab4c00bcbcc74563c28092
gf2^6_mult,371_5,140,372,372,0,0,62,1564,172,feead6bc5fcbff67ef9f6fab9425a3fefc815174aef13550352ef2bcc5a8be77
gf2^6_mult,371_5,141,372,372,0,0,50,121,173,780a0db9e70ca693f40d2f633e13dfdba69d40b6ffa8a1c0e49c388835e8aebb
gf2^6_mult,371_5,142,372,372,0,0,50,120,173,76e6e6fa3d648586c7ae7d6f501982deaa0cc22b83d32748ac9a24bd596c9e6d
gf2^6_mult,371_5,143,372,372,0,0,50,120,173,780a0db9e70ca693f40d2f633e13dfdba69d40b6ffa8a1c0e49c388835e8aebb
gf2^6_mult,371_5,144,372,372,0,0,73,1592,173,76e6e6fa3d648586c7ae7d6f501982deaa0cc22b83d32748ac9a24bd596c9e6d
gf2^6_mult,371_5,145,372,372,0,0,71,1535,171,36bba5ef3e631097aac1fa38a0a336a53ffe706b93c614b031bc8181a4b09931
gf2^6_mult,371_5,146,372,372,0,0,50,120,171,6e5922274c109149a8a6b084a01bf369e5bde6ab75799901830ee8945660062a
gf2^6_mult,371_5,147,372,372,0,0,50,120,171,881858c1c67a540b1763120af2e74a45feea6a588a83ec7409dd3200cd3be996
gf2^6_mult,371_5,148,372,372,0,0,50,120,171,6e5922274c109149a8a6b084a01bf369e5bde6ab75799901830ee8945660062a
gf2^6_mult,371_5,149,372,372,0,0,50,120,171,881858c1c67a540b1763120af2e74a45feea6a588a83ec7409dd3200cd3be996
gf2^6_mult,371_5,150,372,374,2,-2,60,42,171,6e5922274c109149a8a6b084a01bf369e5bde6ab75799901830ee8945660062a
gf2^6_mult,371_5,151,374,372,-2,2,59,43,173,42b6116990eda049d520fec506b96bf3070504e3333eaef9ee94b83173a426e5
gf2^6_mult,371_5,152,372,372,0,0,50,120,171,6e5922274c109149a8a6b084a01bf369e5bde6ab75799901830ee8945660062a
gf2^6_mult,371_5,153,372,372,0,0,50,120,171,881858c1c67a540b1763120af2e74a45feea6a588a83ec7409dd3200cd3be996
gf2^6_mult,371_5,154,372,372,0,0,50,120,171,6e5922274c109149a8a6b084a01bf369e5bde6ab75799901830ee8945660062a
gf2^6_mult,371_5,155,372,372,0,0,50,120,171,881858c1c67a540b1763120af2e74a45feea6a588a83ec7409dd3200cd3be996
gf2^6_mult,371_5,156,372,372,0,0,50,120,171,6e5922274c109149a8a6b084a01bf369e5bde6ab75799901830ee8945660062a
gf2^6_mult,371_5,157,372,372,0,0,50,121,171,881858c1c67a540b1763120af2e74a45feea6a588a83ec7409dd3200cd3be996
gf2^6_mult,371_5,158,372,372,0,0,50,120,171,6e5922274c109149a8a6b084a01bf369e5bde6ab75799901830ee8945660062a
gf2^6_mult,371_5,159,372,373,1,-1,48,812,171,881858c1c67a540b1763120af2e74a45feea6a588a83ec7409dd3200cd3be996
gf2^6_mult,371_5,160,373,372,-1,1,48,3424,172,13ca2df4e39eca433870747cf1f2a8c6fbd2274af5f3ac55893b56f5bae1dafb
gf2^6_mult,371_5,161,372,372,0,0,50,120,171,881858c1c67a540b1763120af2e74a45feea6a588a83ec7409dd3200cd3be996
gf2^6_mult,371_5,162,372,372,0,0,50,120,171,6e5922274c109149a8a6b084a01bf369e5bde6ab75799901830ee8945660062a
gf2^6_mult,371_5,163,372,372,0,0,75,1592,171,881858c1c67a540b1763120af2e74a45feea6a588a83ec7409dd3200cd3be996
gf2^6_mult,371_5,164,372,372,0,0,116,4397,188,214a0ebba1b28c5f20bc29ffd7756fe80d3f3c7900fb3f282f8b436bf72779a1
gf2^6_mult,371_5,165,372,372,0,0,50,121,186,3c0a52021f0eb384da945cec57d944c446d3b7ef87f9f66760b782d56ecbb485
gf2^6_mult,371_5,166,372,372,0,0,50,120,186,d455290b7521ebabdbd1c04bac5b71d4f4dcfe942a1f773d2a803d409d5c63b6
gf2^6_mult,371_5,167,372,372,0,0,129,4406,186,3c0a52021f0eb384da945cec57d944c446d3b7ef87f9f66760b782d56ecbb485
gf2^6_mult,371_5,168,372,372,0,0,50,120,186,15c867c6be6bf451b45a4d40b2a08556a4e62da69b830b6a0f8d6e9b740986f5
gf2^6_mult,371_5,169,372,372,0,0,50,120,186,61ea023d915baec61c336a6cda38909e318a32ef41f97e061b17ffbc817a4bb7
gf2^6_mult,371_5,170,372,372,0,0,50,120,186,15c867c6be6bf451b45a4d40b2a08556a4e62da69b830b6a0f8d6e9b740986f5
gf2^6_mult,371_5,171,372,372,0,0,50,120,186,61ea023d915baec61c336a6cda38909e318a32ef41f97e061b17ffbc817a4bb7
gf2^6_mult,371_5,172,372,372,0,0,50,120,186,15c867c6be6bf451b45a4d40b2a08556a4e62da69b830b6a0f8d6e9b740986f5
gf2^6_mult,371_5,173,372,372,0,0,50,120,186,61ea023d915baec61c336a6cda38909e318a32ef41f97e061b17ffbc817a4bb7
gf2^6_mult,371_5,174,372,374,2,-2,47,42,186,15c867c6be6bf451b45a4d40b2a08556a4e62da69b830b6a0f8d6e9b740986f5
gf2^6_mult,371_5,175,374,372,-2,2,46,43,188,6063eb0d10e51581de4d5304d4858ec373536f1d4f4bf91dce88de64696b623f
gf2^6_mult,371_5,176,372,372,0,0,50,120,186,15c867c6be6bf451b45a4d40b2a08556a4e62da69b830b6a0f8d6e9b740986f5
gf2^6_mult,371_5,177,372,372,0,0,50,121,186,61ea023d915baec61c336a6cda38909e318a32ef41f97e061b17ffbc817a4bb7
gf2^6_mult,371_5,178,372,372,0,0,118,1592,186,15c867c6be6bf451b45a4d40b2a08556a4e62da69b830b6a0f8d6e9b740986f5
gf2^6_mult,371_5,179,372,372,0,0,118,120,189,b56b5c985afb57a54086895ae7a349806c18d2a25dfed134248b74c4c3a11fd1
gf2^6_mult,371_5,180,372,372,0,0,118,1535,189,c524fecaddce77c3bb699fd68a9645e66a8e0178e3723f07445e2c9fed74cff5
gf2^6_mult,371_5,181,372,372,0,0,50,121,172,a58c969712badeeaaddfdd31453647c6033090b49b09d1fd19bf1155dc90c57b
gf2^6_mult,371_5,182,372,372,0,0,50,120,172,6101af5b60bb81471e10f0597ca4f15fbda9c5d356a6bbdcac46176279b3b36a
gf2^6_mult,371_5,183,372,374,2,-2,47,42,172,a58c969712badeeaaddfdd31453647c6033090b49b09d1fd19bf1155dc90c57b
gf2^6_mult,371_5,184,374,372,-2,2,46,41,174,bf84da36ce6ae540bc22e9cc1649c0b4f8e7ee9efe19a5c38ce1aef9e2546a99
gf2^6_mult,371_5,185,372,372,0,0,111,121,172,a58c969712badeeaaddfdd31453647c6033090b49b09d1fd19bf1155dc90c57b
gf2^6_mult,371_5,186,372,372,0,0,50,1564,172,039b763facabab9f0f77f289932bd0d1a7309a2d98e2fd6b4b8eafbfe507c819
gf2^6_mult,371_5,187,372,372,0,0,50,1565,172,40f6c3ab31312f7d58401eac05aaaaeefbe32cb94b2e0eae12a7c5dcd02b1277
gf2^6_mult,371_5,188,372,372,0,0,111,1592,172,039b763facabab9f0f77f289932bd0d1a7309a2d98e2fd6b4b8eafbfe507c819
gf2^6_mult,371_5,189,372,372,0,0,50,120,171,d3fc2c7617158ccf87dd383b1e10b4a783f53de07e0dcef593646e20167d7bfb
gf2^6_mult,371_5,190,372,372,0,0,50,120,171,3c09eaefd14503eec8345b4030d9abd1ad017c94b8e84ff01717fcb7948095f5
gf2^6_mult,371_5,191,372,372,0,0,50,121,171,d3fc2c7617158ccf87dd383b1e10b4a783f53de07e0dcef593646e20167d7bfb
gf2^6_mult,371_5,192,372,372,0,0,50,120,171,3c09eaefd14503eec8345b4030d9abd1ad017c94b8e84ff01717fcb7948095f5
gf2^6_mult,371_5,193,372,372,0,0,44,1593,171,d3fc2c7617158ccf87dd383b1e10b4a783f53de07e0dcef593646e20167d7bfb
gf2^6_mult,371_5,194,372,372,0,0,66,1565,171,9c1233a7a967894ca736cbeb0f6bde27f6d97ed3b0f1ac4bb3bc02717945f144
gf2^6_mult,371_5,195,372,373,1,-1,49,814,170,29e719fa3cbaf598c2edf734c3c20c2e95315802a08a45aa62e065fcc2af4548
gf2^6_mult,371_5,196,373,372,-1,1,44,3436,170,ddd17774e8cd3acbd6101a63c35d0ab480b880394f862e00335c19a848d62faf
gf2^6_mult,371_5,197,372,372,0,0,25,4397,170,29e719fa3cbaf598c2edf734c3c20c2e95315802a08a45aa62e065fcc2af4548
gf2^6_mult,371_5,198,372,372,0,0,53,1497,171,dd1722aa96e5c7f6a1cd25be798e6737a7462a050625f2a5029101265cae4dee
gf2^6_mult,371_5,199,372,372,0,0,52,120,172,e464624ff3fec5cf9dd9302d14e032abfc1da50c8fe66e3432daa91b1b36838f
gf2^6_mult,371_5,200,372,374,2,-2,125,40,172,3a9888fab395b0c23efab9e3b12904188dc9476e5ef2ff357b5936838cf9b43e
gf2^6_mult,371_5,201,374,372,-2,2,113,43,172,cfb3c2ccdd41345cb159ca83535cdb5844501bcbd48faecf6b5e9cb6aca229ff
gf2^6_mult,371_5,202,372,372,0,0,52,121,172,3a9888fab395b0c23efab9e3b12904188dc9476e5ef2ff357b5936838cf9b43e
gf2^6_mult,371_5,203,372,372,0,0,61,4358,172,e464624ff3fec5cf9dd9302d14e032abfc1da50c8fe66e3432daa91b1b36838f
gf2^6_mult,371_5,204,372,372,0,0,66,120,169,29cfd8c974060388690dd795a282b55f0c32cfd62d6f557c4401c4544aa04646
gf2^6_mult,371_5,205,372,372,0,0,52,121,169,0d94c2e21445c24f17e1004a16fad9355e2046ef81638e1c679ecb3e90efc4bb
gf2^6_mult,371_5,206,372,372,0,0,52,120,169,0273ba640d21f6b8761ebfd24b5c1a0e2ec7b58973e09e55e20bebfa67ab2228
gf2^6_mult,371_5,207,372,372,0,0,52,120,169,0d94c2e21445c24f17e1004a16fad9355e2046ef81638e1c679ecb3e90efc4bb
gf2^6_mult,371_5,208,372,372,0,0,52,120,169,0273ba640d21f6b8761ebfd24b5c1a0e2ec7b58973e09e55e20bebfa67ab2228
gf2^6_mult,371_5,209,372,372,0,0,52,120,169,0d94c2e21445c24f17e1004a16fad9355e2046ef81638e1c679ecb3e90efc4bb
gf2^6_mult,371_5,210,372,372,0,0,52,120,169,0273ba640d21f6b8761ebfd24b5c1a0e2ec7b58973e09e55e20bebfa67ab2228
gf2^6_mult,371_5,211,372,372,0,0,52,121,169,0d94c2e21445c24f17e1004a16fad9355e2046ef81638e1c679ecb3e90efc4bb
gf2^6_mult,371_5,212,372,372,0,0,52,120,169,0273ba640d21f6b8761ebfd24b5c1a0e2ec7b58973e09e55e20bebfa67ab2228
gf2^6_mult,371_5,213,372,372,0,0,52,120,169,0d94c2e21445c24f17e1004a16fad9355e2046ef81638e1c679ecb3e90efc4bb
gf2^6_mult,371_5,214,372,372,0,0,52,120,169,0273ba640d21f6b8761ebfd24b5c1a0e2ec7b58973e09e55e20bebfa67ab2228
gf2^6_mult,371_5,215,372,372,0,0,52,120,169,0d94c2e21445c24f17e1004a16fad9355e2046ef81638e1c679ecb3e90efc4bb
gf2^6_mult,371_5,216,372,373,1,-1,52,1506,169,0273ba640d21f6b8761ebfd24b5c1a0e2ec7b58973e09e55e20bebfa67ab2228
gf2^6_mult,371_5,217,373,372,-1,1,54,1581,169,eda48159c34d1d405e4e17d4cf026f8b4c33b39ce6a24581de44b27df2cce8b6
gf2^6_mult,371_5,218,372,372,0,0,52,1565,169,a7ec7f4d8ff40cfb5c0d12ecee8a0b149255e763b00a6008a8980164f7d3335e
gf2^6_mult,371_5,219,372,372,0,0,52,120,169,0d94c2e21445c24f17e1004a16fad9355e2046ef81638e1c679ecb3e90efc4bb
gf2^6_mult,371_5,220,372,372,0,0,52,120,169,0273ba640d21f6b8761ebfd24b5c1a0e2ec7b58973e09e55e20bebfa67ab2228
gf2^6_mult,371_5,221,372,373,1,-1,82,812,169,0d94c2e21445c24f17e1004a16fad9355e2046ef81638e1c679ecb3e90efc4bb
gf2^6_mult,371_5,222,373,372,-1,1,76,813,171,eab7021bc81aa3c379a2d01f3f79c9db3a86ede41490e7c5e5a3d8a4bed98ccf
gf2^6_mult,371_5,223,372,373,1,-1,52,3428,169,0d94c2e21445c24f17e1004a16fad9355e2046ef81638e1c679ecb3e90efc4bb
gf2^6_mult,371_5,224,373,372,-1,1,57,3430,168,edb3dabbd2b563dc235b8a517d5bd7d4f141d5617ccb958df867a50d14fc5727
gf2^6_mult,371_5,225,372,372,0,0,52,120,169,0d94c2e21445c24f17e1004a16fad9355e2046ef81638e1c679ecb3e90efc4bb
gf2^6_mult,371_5,226,372,372,0,0,52,120,169,0273ba640d21f6b8761ebfd24b5c1a0e2ec7b58973e09e55e20bebfa67ab2228
gf2^6_mult,371_5,227,372,374,2,-2,46,36,169,0d94c2e21445c24f17e1004a16fad9355e2046ef81638e1c679ecb3e90efc4bb
gf2^6_mult,371_5,228,374,372,-2,2,42,37,171,e179ffce63e9920151ae2d286e455010b95f5852877cfb651a6aee8f08960136
gf2^6_mult,371_5,229,372,373,1,-1,51,3417,169,0d94c2e21445c24f17e1004a16fad9355e2046ef81638e1c679ecb3e90efc4bb
gf2^6_mult,371_5,230,373,372,-1,1,48,815,170,5a81d200cd3317aed8f3817a4ad5241ea28b1d8a1e07e1bc00b8fc3730cd38f5
gf2^6_mult,371_5,231,372,373,1,-1,46,820,169,d8b71007b5d4eb08ad7d2cac10dd2a84c003d58cad740017f98563964699b6cc
gf2^6_mult,371_5,232,373,373,0,0,50,4382,169,afa4e932eae325e2669cb75816c58677e3085ddadbf7ffe6a52680e5a7af9832
gf2^6_mult,371_5,233,373,372,-1,1,48,3424,170,c68dcf3d4b2b520b17d226054447e63656cdb94d8b6f883d1ccbabad10bff08c
gf2^6_mult,371_5,234,372,374,2,-2,34,40,169,0d94c2e21445c24f17e1004a16fad9355e2046ef81638e1c679ecb3e90efc4bb
gf2^6_mult,371_5,235,374,372,-2,2,26,43,171,f3317b0fcb58ce6a4ec2675b3b5da2e92ff5d10381305275d607fcf2dcb28637
gf2^6_mult,371_5,236,372,372,0,0,52,120,169,0d94c2e21445c24f17e1004a16fad9355e2046ef81638e1c679ecb3e90efc4bb
gf2^6_mult,371_5,237,372,373,1,-1,62,942,169,0273ba640d21f6b8761ebfd24b5c1a0e2ec7b58973e09e55e20bebfa67ab2228
gf2^6_mult,371_5,238,373,372,-1,1,99,3430,171,91b981934bce4af9f00eb148d4084b243b575091a9b037f13dd7d12678d16f36
gf2^6_mult,371_5,239,372,372,0,0,52,120,172,317ca5ec94abd420766e10379fd33580b6d60672ebbfb29ed0afa540a586bb37
gf2^6_mult,371_5,240,372,373,1,-1,52,3429,172,b45dd19e67e363ed1a6755b7890133a6240394d48a369c9360923a8b5492cf2d
gf2^6_mult,371_5,241,373,372,-1,1,51,3424,173,b5a56a99135d46886776b5c27fb64b00457b64100c58b0d7b99ec80c95820dd2
gf2^6_mult,371_5,242,372,372,0,0,52,1564,172,b45dd19e67e363ed1a6755b7890133a6240394d48a369c9360923a8b5492cf2d
gf2^6_mult,371_5,243,372,372,0,0,52,1565,172,412125853836c634445daba8c5484cf0cfcc07e7b59d9c376823af31f5ebc83c
gf2^6_mult,371_5,244,372,372,0,0,52,121,172,b45dd19e67e363ed1a6755b7890133a6240394d48a369c9360923a8b5492cf2d
gf2^6_mult,371_5,245,372,372,0,0,104,120,172,317ca5ec94abd420766e10379fd33580b6d60672ebbfb29ed0afa540a586bb37
gf2^6_mult,371_5,246,372,372,0,0,52,121,172,cc22d7d9ca0cb479fc7529931a8335534decb43dba405107b40b2b930d3c5a52
gf2^6_mult,371_5,247,372,372,0,0,52,121,172,4610cfe90de70cbe73b6ce04ff5d55ae9879cf04653171669ddf47eeee6c7e2e
gf2^6_mult,371_5,248,372,372,0,0,52,120,172,cc22d7d9ca0cb479fc7529931a8335534decb43dba405107b40b2b930d3c5a52
gf2^6_mult,371_5,249,372,372,0,0,104,120,172,4610cfe90de70cbe73b6ce04ff5d55ae9879cf04653171669ddf47eeee6c7e2e
gf2^6_mult,371_5,250,372,372,0,0,52,120,172,b45dd19e67e363ed1a6755b7890133a6240394d48a369c9360923a8b5492cf2d
gf2^6_mult,371_5,251,372,372,0,0,52,120,172,317ca5ec94abd420766e10379fd33580b6d60672ebbfb29ed0afa540a586bb37
gf2^6_mult,371_5,252,372,372,0,0,52,120,172,b45dd19e67e363ed1a6755b7890133a6240394d48a369c9360923a8b5492cf2d
gf2^6_mult,371_5,253,372,372,0,0,52,120,172,317ca5ec94abd420766e10379fd33580b6d60672ebbfb29ed0afa540a586bb37
gf2^6_mult,371_5,254,372,372,0,0,52,120,172,b45dd19e67e363ed1a6755b7890133a6240394d48a369c9360923a8b5492cf2d
gf2^6_mult,371_5,255,372,372,0,0,93,121,172,317ca5ec94abd420766e10379fd33580b6d60672ebbfb29ed0afa540a586bb37
gf2^6_mult,371_5,256,372,372,0,0,52,120,172,757c5b649705b0b24c70eeef65856b52d00c5d8b0b419403516e6e9c2764087d
gf2^6_mult,371_5,257,372,372,0,0,52,120,172,29f723fcdf3bccb52edb58ddb95fe322091256b6d4d0f6eeb08b732282c5571e
gf2^6_mult,371_5,258,372,372,0,0,52,120,172,757c5b649705b0b24c70eeef65856b52d00c5d8b0b419403516e6e9c2764087d
gf2^6_mult,371_5,259,372,372,0,0,52,120,172,29f723fcdf3bccb52edb58ddb95fe322091256b6d4d0f6eeb08b732282c5571e
gf2^6_mult,371_5,260,372,371,-1,1,80,819,172,757c5b649705b0b24c70eeef65856b52d00c5d8b0b419403516e6e9c2764087d
gf2^6_mult,373_1,0,374,374,0,0,94,4409,163,d1004fabd6c2267074a9970a22df3c837566562e553b33dde1ee793b99563fc0
gf2^6_mult,373_1,1,374,374,0,0,52,120,168,5b1f1d4d47c595eb2f18fe14600ff873c9af172c75016343f59151a8350363d7
gf2^6_mult,373_1,2,374,374,0,0,52,120,168,f2887fc12d890c843644baad5e38ca53f70b7328a5feb6e8c2529ee0a3a63151
gf2^6_mult,373_1,3,374,374,0,0,54,4385,168,5b1f1d4d47c595eb2f18fe14600ff873c9af172c75016343f59151a8350363d7
gf2^6_mult,373_1,4,374,374,0,0,61,4406,168,4cd2d3caf0067d073eb930d2bcb526d0556c9e6dea990460cb5d407101941c88
gf2^6_mult,373_1,5,374,374,0,0,69,4349,168,d57a62fdbbd5d7066909bb258cb4fe4fbd9d86e88808587eac1c9a59347b5508
gf2^6_mult,373_1,6,374,376,2,-2,65,42,168,fc95b6a30334e826a3f27b83d7b0914d64f803fa9a2072b9e6505e7ffdc593b6
gf2^6_mult,373_1,7,376,376,0,0,51,44,168,c74b7f7a31704a862b2fb23bdb1585279896f0ca72024cefc1529a5bc7e03772
gf2^6_mult,373_1,8,376,376,0,0,32,4373,168,29981a2534744b44d23046357860069a79bf8e986e91e717780e33d8f37056f0
gf2^6_mult,373_1,9,376,377,1,-1,41,4383,168,1552b3c9b97972fae8ce5297b8db9ed1c85e933385a2599a729636dfbcd18c9e
gf2^6_mult,373_1,10,377,376,-1,1,41,4353,168,2b457df2ebe4067936f30680084e9c2e934045281133bb4dcbdaab023be0aeea
gf2^6_mult,373_1,11,376,376,0,0,32,4370,168,29981a2534744b44d23046357860069a79bf8e986e91e717780e33d8f37056f0
gf2^6_mult,373_1,12,376,376,0,0,41,4346,168,1552b3c9b97972fae8ce5297b8db9ed1c85e933385a2599a729636dfbcd18c9e
gf2^6_mult,373_1,13,376,376,0,0,32,4346,168,29981a2534744b44d23046357860069a79bf8e986e91e717780e33d8f37056f0
gf2^6_mult,373_1,14,376,376,0,0,41,4346,168,1552b3c9b97972fae8ce5297b8db9ed1c85e933385a2599a729636dfbcd18c9e
gf2^6_mult,373_1,15,376,376,0,0,32,4346,168,29981a2534744b44d23046357860069a79bf8e986e91e717780e33d8f37056f0
gf2^6_mult,373_1,16,376,376,0,0,41,4349,168,1552b3c9b97972fae8ce5297b8db9ed1c85e933385a2599a729636dfbcd18c9e
gf2^6_mult,373_1,17,376,376,0,0,47,4370,168,29981a2534744b44d23046357860069a79bf8e986e91e717780e33d8f37056f0
gf2^6_mult,373_1,18,376,375,-1,1,32,3838,167,e6335d4769d010b983bb697b2a705a43daced47652a0055681fc207a0e3de514
gf2^6_mult,373_1,19,375,375,0,0,49,38,167,73927ec65782c81cd9e8baa92c24726b1b96b02b7f3ace32de4834c47b11a650
gf2^6_mult,373_1,20,375,375,0,0,47,4394,167,f2f0d14867d36701e78c3964bf0b243678f84937441f003a71485e4e2f5866a8
gf2^6_mult,373_1,21,375,375,0,0,56,3840,168,653af5944d3117a643f6642d51da823c92798cc7578ecf53902604a8744026ff
gf2^6_mult,373_1,22,375,375,0,0,55,3310,168,5c358e5dffe0bb7a9ea9be7260fcaa00993dbbc369c84a352a213b243f346b79
gf2^6_mult,373_1,23,375,374,-1,1,46,3424,168,c00367f050eb5d165e1c3e4552c638ef37f4a33da3f691ce3bfe984ac3c5c9d7
gf2^6_mult,373_1,24,374,374,0,0,78,4394,168,c87d517c8a24cd8a80522cf4accaf8b493c97ce0f034cb899271db83d20bae53
gf2^6_mult,373_1,25,374,374,0,0,34,4409,168,7544bc530b81c6a1129090f30f90882a61d56bcd89548a2b73c8c2d52e3f602a
gf2^6_mult,373_1,26,374,374,0,0,53,39,167,97d9ad58fdd9d4156d1d4b5d860f3d53f2911133cf4a4733e09483392c525451
gf2^6_mult,373_1,27,374,374,0,0,117,4349,167,104a207611ef20240386d6eee08934f3e81fd1b4e1affaf272e7a5f1f041f0f3
gf2^6_mult,373_1,28,374,374,0,0,89,4349,166,e6879dc3c8abd96c8cb890d8460d77de61e07d3b6dd4b6e7b9a51b93b39e379f
gf2^6_mult,373_1,29,374,374,0,0,95,4385,167,2b74a5c1f12a28f8d7d872a52f8f4adc09404f1af33e84884994c1a7933d201d
gf2^6_mult,373_1,30,374,374,0,0,91,4361,168,a58f045c9bfc5d44ff3a6794ac9c8867d820325b9111d82d4010a39dc694b5f6
gf2^6_mult,373_1,31,374,375,1,-1,53,3435,166,f8d0cfeb1aefd68a7d5ec10f0a03aa20d3fd09b293112aea08271b74317423f8
gf2^6_mult,373_1,32,375,374,-1,1,56,3438,166,022aec03fb05430a0a5f80d934e275562d97070dd8eba66ecd9c83d6608fb5c9
gf2^6_mult,373_1,33,374,374,0,0,52,120,166,f8d0cfeb1aefd68a7d5ec10f0a03aa20d3fd09b293112aea08271b74317423f8
gf2^6_mult,373_1,34,374,374,0,0,98,4385,166,921a86208ab31b750e3fa1ca615bbaf0b082c80ad03c359db2607242189b51c9
gf2^6_mult,373_1,35,374,376,2,-2,52,42,165,c10da74cb73db5949412339648bba5fedea7356ef2465d14943774a9407a8cec
gf2^6_mult,373_1,36,376,374,-2,2,33,41,167,b3dea8a9eeb7415447146b93085eef995a09653b11e01874d27744c32a432be3
gf2^6_mult,373_1,37,374,374,0,0,46,4358,165,c10da74cb73db5949412339648bba5fedea7356ef2465d14943774a9407a8cec
gf2^6_mult,373_1,38,374,374,0,0,52,1535,165,e18836269acf2958c56ea34ec61978331e63ce586a98daa371afb2e8e6119c56
gf2^6_mult,373_1,39,374,374,0,0,49,4394,167,a8765b0e1a839ce81504e11c39627333b3ae95de51757fa0df28226cd94e8ed7
gf2^6_mult,373_1,40,374,374,0,0,94,4370,167,17cccbebda5c330efa5ea7dab613e60bb96540e52cdeaa3b9e3abdea208d90c3
gf2^6_mult,373_1,41,374,374,0,0,65,120,168,d19e132052933f58cc950b883fd5e9a6462db46c9525abf4a5a74db7fd48ad20
gf2^6_mult,373_1,42,374,374,0,0,55,121,168,5286c9f69175424d9e3265d1c1eb2e5692db3ed67097168ffc7f434584e7dbf4
gf2^6_mult,373_1,43,374,374,0,0,92,4385,168,706a6b58117f20138619b0d8317a5b0a62e05f6e97e1220d9b66415c793a40e7
gf2^6_mult,373_1,44,374,374,0,0,82,4406,169,5432c094f195dd5620a30005d62d9f62ba673b61885bf8489d1a6b23502befdc
gf2^6_mult,373_1,45,374,374,0,0,49,4373,169,fcae052aace050674722db5b12072993fd10608665c117fa0cbee8f4b7aa5e8b
gf2^6_mult,373_1,46,374,374,0,0,84,4406,169,146cc3cc0db77eec67d60e988937597d24e8e7aaa1431eda0e69bf1c852d4e95
gf2^6_mult,373_1,47,374,374,0,0,61,4385,171,c88f600ad8ff2ae1294f8dbd5a20af08bd4b8e25fb217461648a6a55c26e70ae
gf2^6_mult,373_1,48,374,374,0,0,39,44,171,d6864b7ece014a9f5fd7e439b263f331d6dfcdd6631699f7660fa8da3d7af08b
gf2^6_mult,373_1,49,374,375,1,-1,41,3566,171,e06d0fc46af9e24da349c8ebb06201e87069d0aca9392d830e5286575f938c16
gf2^6_mult,373_1,50,375,374,-1,1,43,1483,175,66a335cba4fc09f8a1bd5fe7de9b35eb6ca7c8b289923e11df623101539aef67
gf2^6_mult,373_1,51,374,376,2,-2,77,40,173,4f778af1f5f80ec02f12258831fda121b45287eab2a729c7634c7ec72ff27aed
gf2^6_mult,373_1,52,376,374,-2,2,56,41,175,1ead68f6081fdf0d55921b2d89ab905d25993012640f74b011db7928d371c2b2
gf2^6_mult,373_1,53,374,374,0,0,57,4406,173,4f778af1f5f80ec02f12258831fda121b45287eab2a729c7634c7ec72ff27aed
gf2^6_mult,373_1,54,374,374,0,0,55,4373,174,ffb1e2c52b0314033e21c0e3eb921a2beba0b7b42caa1043f528fdf51e476dde
gf2^6_mult,373_1,55,374,375,1,-1,37,4398,175,55d552982bac077a4c538375bd4c06a0aa3d57342c3f60f95b0c19a4673ff784
gf2^6_mult,373_1,56,375,374,-1,1,34,4404,176,ffe44cc2ef479fd8919a1f2e8517410f779d61ae47d27a064f19de81d0fb835d
gf2^6_mult,373_1,57,374,374,0,0,58,121,176,238c2f080d470a05f4251936bf5e4e5786ff0a5b8c19fd202078b088be073679
gf2^6_mult,373_1,58,374,374,0,0,76,4349,176,56a2a184e8ec54c84a39c10b428378c4b3b742f97d7669b9accece462d376dcf
gf2^6_mult,373_1,59,374,374,0,0,58,4397,175,8eade103e3021d641dd50155566bb8d0a31c12bd33f67504367558d5a2c91c99
gf2^6_mult,373_1,60,374,374,0,0,84,4409,172,43903ec8f8ed8c22633c377f748ecbe68b6af7f09aa36ad9984b2656c34b0182
gf2^6_mult,373_1,61,374,374,0,0,85,4385,172,b8d205a6fae7dfe5ea106c682842ab857a31bac4fb27567e00d0ffa12575d470
gf2^6_mult,373_1,62,374,374,0,0,65,39,172,dc1d158b6c1efebed0c1b9a99b1e014830ba7d95f97a370de710abae34e8e832
gf2^6_mult,373_1,63,374,375,1,-1,44,814,172,c344e4acabd7d0cd450ae148938a5eeefac8771c4e95c7d18703785a333d33a5
gf2^6_mult,373_1,64,375,374,-1,1,44,815,174,f95a54382e11debfc75809e6af14c489be31c3a065c811825b7ebf8475779f11
gf2^6_mult,373_1,65,374,374,0,0,56,4349,172,c344e4acabd7d0cd450ae148938a5eeefac8771c4e95c7d18703785a333d33a5
gf2^6_mult,373_1,66,374,375,1,-1,59,808,172,7141e5417b7bd52d8b079c027719eaa2e5dc5b5592d012f8f2c442f28745d0c2
gf2^6_mult,373_1,67,375,374,-1,1,67,823,172,3d7303cfbb3501417df183c5450be9dbbe81a6552e430189aa4ff1f7f2ba5dd3
gf2^6_mult,373_1,68,374,376,2,-2,114,40,172,7141e5417b7bd52d8b079c027719eaa2e5dc5b5592d012f8f2c442f28745d0c2
gf2^6_mult,373_1,69,376,374,-2,2,105,41,174,378e6900d8c799695b18cdb244a0ee9784ab16b7f67fc1c2a1b381c337f0e326
gf2^6_mult,373_1,70,374,374,0,0,76,39,172,7141e5417b7bd52d8b079c027719eaa2e5dc5b5592d012f8f2c442f28745d0c2
gf2^6_mult,373_1,71,374,375,1,-1,47,1468,172,8e97812b7391f8802fc5bffdd8f28bd1c9b73f5552c03d7e916ab325492918fd
gf2^6_mult,373_1,72,375,375,0,0,43,38,175,e6b9c2cd90311c2e265521b5eb6c49b3c463a94cb257b0ec7c78d303847e6873
gf2^6_mult,373_1,73,375,376,1,-1,62,3429,175,c70eacc39809ceac70bbdb12d21550e67acede54925173137948f95431d77dd1
gf2^6_mult,373_1,74,376,375,-1,1,63,3424,176,b14aeeee71d5f753474a3f92af3d5f00ac466b00e3bd64ea6fa3e6ad2e8153c5
gf2^6_mult,373_1,75,375,376,1,-1,58,3417,175,c70eacc39809ceac70bbdb12d21550e67acede54925173137948f95431d77dd1
gf2^6_mult,373_1,76,376,375,-1,1,67,817,176,7b3ef8f8b2971e9040c54872334bbd903663a6c77bcf9d850e29ea2c4fefc826
gf2^6_mult,373_1,77,375,376,1,-1,57,3429,175,c70eacc39809ceac70bbdb12d21550e67acede54925173137948f95431d77dd1
gf2^6_mult,373_1,78,376,376,0,0,62,3433,176,5ed49c3abe58c06cf9562fcd670255d48f713186656f4c9eaafb931ce6cf008c
gf2^6_mult,373_1,79,376,375,-1,1,62,3430,175,d4a43ba65f2be77584ccfa643f6d75541945d2e0aacd8cd78cbe0615d7aaf9c4
gf2^6_mult,373_1,80,375,376,1,-1,59,820,175,c70eacc39809ceac70bbdb12d21550e67acede54925173137948f95431d77dd1
gf2^6_mult,373_1,81,376,375,-1,1,53,937,176,84d7696df37286831fb98116a97eb4629139b68b0a3c923ca98d47406e2d7c12
gf2^6_mult,373_1,82,375,375,0,0,47,4382,175,34571c32bd8e18bf3e8fedd1f6d9331e1c1c26cff5de8d75f9fa17f2f5c81ff5
gf2^6_mult,373_1,83,375,375,0,0,64,39,175,1052e514785f693f015b3241d0e4f5369b3738f5387ec0133d607911c7790bfc
gf2^6_mult,373_1,84,375,375,0,0,59,4409,175,360470bb9d8c2c1e404656bbeda62ec471ecf833d915b9fd25e5d37a27904871
gf2^6_mult,373_1,85,375,377,2,-2,56,40,173,20a6cde6940fd46f78368d733d584872910b447ab16b42cd6dc30f12891b571e
gf2^6_mult,373_1,86,377,377,0,0,47,4370,175,48e426ee496b6eb79f4ddd941bdc53e66b72efb7a107b060215868ce8af9387c
gf2^6_mult,373_1,87,377,377,0,0,43,44,174,67e446be88d746cede625e047e8f802d3a39dfa32cfeca57ee2a105c6c07b4f7
gf2^6_mult,373_1,88,377,376,-1,1,69,1469,173,363ceeaaa9b31b310f8db3d1a93f649a4d8660bd6d49aab98c8570133207c01b
gf2^6_mult,373_1,89,376,378,2,-2,53,954,170,a6310e908d43872d5cdd1b9df952a1365bed7d1b8cd045d34c95c3f43c3a094e
gf2^6_mult,373_1,90,378,376,-2,2,53,955,172,be58f56e79678d74a8942d2e20ef30be28cdfdbb2f0df14ee00f70b97f9a7324
gf2^6_mult,373_1,91,376,378,2,-2,53,962,170,a6310e908d43872d5cdd1b9df952a1365bed7d1b8cd045d34c95c3f43c3a094e
gf2^6_mult,373_1,92,378,376,-2,2,53,961,172,be58f56e79678d74a8942d2e20ef30be28cdfdbb2f0df14ee00f70b97f9a7324
gf2^6_mult,373_1,93,376,376,0,0,51,4349,170,a6310e908d43872d5cdd1b9df952a1365bed7d1b8cd045d34c95c3f43c3a094e
gf2^6_mult,373_1,94,376,378,2,-2,53,962,171,8787e172f70f4c39d6f3dc7d9ee4b325429a6988bced2529d3fe0d63d026becc
gf2^6_mult,373_1,95,378,376,-2,2,53,963,173,aa12d855bb5a18e84b435834d8a179498ccf7c6c3ece835864f545c2ddc260c9
gf2^6_mult,373_1,96,376,378,2,-2,53,960,171,8787e172f70f4c39d6f3dc7d9ee4b325429a6988bced2529d3fe0d63d026becc
gf2^6_mult,373_1,97,378,376,-2,2,53,961,173,aa12d855bb5a18e84b435834d8a179498ccf7c6c3ece835864f545c2ddc260c9
gf2^6_mult,373_1,98,376,376,0,0,44,126,171,8787e172f70f4c39d6f3dc7d9ee4b325429a6988bced2529d3fe0d63d026becc
gf2^6_mult,373_1,99,376,376,0,0,46,111,172,0816c3e7c97d6ed6af0c9c2a4841204347fb46b181e1ccef2f5981e51f73bf2e
gf2^6_mult,373_1,100,376,376,0,0,44,44,171,8787e172f70f4c39d6f3dc7d9ee4b325429a6988bced2529d3fe0d63d026becc
gf2^6_mult,373_1,101,376,374,-2,2,56,133,172,6a45f16e1f15c7a754200a08368845148ad868c780ed9f03dff4e76705115b58
gf2^6_mult,373_1,102,374,374,0,0,94,4349,170,6a2a95395f201b930d897c131bcceacf33e56b90ae45c2f6f233576b649cea32
gf2^6_mult,373_1,103,374,375,1,-1,104,1542,170,1b8be2b47c455faf6a94f4ea97c5bf6bfea11b09adb93e91bc1a7843e98bfb52
gf2^6_mult,373_1,104,375,375,0,0,90,1564,171,46ab6a4208bc2a5f3d489c95348edc38eaa0639a138527615dde0f1b26e3eea7
gf2^6_mult,373_1,105,375,376,1,-1,130,3422,171,f7096082dbd733f1c2e902938835d28e09a5cbaa634ec535238477a34ec65162
gf2^6_mult,373_1,106,376,376,0,0,68,4406,173,2721bc84c9bb9c9cf08837ee9c83d863f8881f1fee539aa3de79f13f00ed1565
gf2^6_mult,373_1,107,376,375,-1,1,132,3424,172,34dbe8b7afda355942ec057f491831bbafbbb8018671e0a14fe3eff709306df3
gf2^6_mult,373_1,108,375,374,-1,1,127,1579,170,e7cbd6667f21f902bb21cc9860c3535cf82e91c2436e2350e0c7757ca16076ba
gf2^6_mult,373_1,109,374,375,1,-1,44,1482,169,3e3e785115336cefed01912eb0a2862233806a19426bcc95fc20422cda37cb3b
gf2^6_mult,373_1,110,375,374,-1,1,52,953,169,8543b0013518da952f9d2b7f0945a967060e71bd67b7e2c807dd892fa23f46b7
gf2^6_mult,373_1,111,374,374,0,0,71,4382,169,3e3e785115336cefed01912eb0a2862233806a19426bcc95fc20422cda37cb3b
gf2^6_mult,373_1,112,374,374,0,0,88,120,169,83db6d7e3c8559b771376918e3eb8da6fedf808e4b211bbd7e0dd2b10ceeeb98
gf2^6_mult,373_1,113,374,374,0,0,88,4409,169,a4c8c27cdc725dae000df9028ab243633bbab56cceee4f2714f190dff09768de
gf2^6_mult,373_1,114,374,375,1,-1,17,938,168,a2c11c38227f3bb751da02759c6226d0218f711f83d84a6d27f07d32b33df88d
gf2^6_mult,373_1,115,375,375,0,0,55,4385,168,ca74aa4c9795289d26dd2decee6824b816090e0dc1cf762d9a0411eb4128a44e
gf2^6_mult,373_1,116,375,374,-1,1,17,3564,168,04d15b7d73030c5b75191dbc51c5d800e32eb5394d0ddec8b8afe61c45beeef3
gf2^6_mult,373_1,117,374,376,2,-2,61,42,168,5654af2df8db06269b7696d9a0f90b5a641e28e17cdfc8f229d634dc085102a8
gf2^6_mult,373_1,118,376,374,-2,2,59,41,170,d333feb1aec0f8307ee1ed59ea95340d1f1ec106aa4116bd58ac67683a183223
gf2^6_mult,373_1,119,374,374,0,0,58,4385,168,5654af2df8db06269b7696d9a0f90b5a641e28e17cdfc8f229d634dc085102a8
gf2^6_mult,373_1,120,374,374,0,0,113,4370,168,a2c11c38227f3bb751da02759c6226d0218f711f83d84a6d27f07d32b33df88d
gf2^6_mult,373_1,121,374,376,2,-2,49,36,168,0426abc8f9e0c18d7d50cb10ea3fcf5dffebb8e22ae6a1427c2e1e258c71bad9
gf2^6_mult,373_1,122,376,374,-2,2,55,37,170,37a1621b804a6a575b644cab85af5071f6e3ee02c354c6531fc40ca5d00d72d9
gf2^6_mult,373_1,123,374,374,0,0,34,4406,168,0426abc8f9e0c18d7d50cb10ea3fcf5dffebb8e22ae6a1427c2e1e258c71bad9
gf2^6_mult,373_1,124,374,374,0,0,47,4385,167,5bdc1add620db119edd6bd93be65e1701416f80fbe33a56b976e6516474c9f3f
gf2^6_mult,373_1,125,374,376,2,-2,49,42,167,c8896ab2bd46858b152a414afaa476e20b0b7bca83a32047c868148749393f00
gf2^6_mult,373_1,126,376,374,-2,2,48,43,169,5080f4fe8087e3c519bd95203729d4760dfac809ab981961d0c58dd57dfbde9f
gf2^6_mult,373_1,127,374,374,0,0,65,1496,167,c8896ab2bd46858b152a414afaa476e20b0b7bca83a32047c868148749393f00
gf2^6_mult,373_1,128,374,374,0,0,82,4382,167,ebf9215f43403cb5f76f36bcd256d89ad7dcad38d6a8143854a9092f388e0809
gf2^6_mult,373_1,129,374,375,1,-1,63,3417,167,e946f7090c0d7e7baf4f0800a5f22347bd9e2f29662488350efae363926bbacb
gf2^6_mult,373_1,130,375,375,0,0,81,4394,169,9be6ef50f997a52a027a2de86e0c9b365650f55d4885bcd796bfc149ed604002
gf2^6_mult,373_1,131,375,374,-1,1,59,817,168,85c72081f2fd659dd2124073ff28ae6ff253271a3b148c2c67164766be3aa1eb
gf2^6_mult,373_1,132,374,374,0,0,62,39,166,2711dd44cb5abc2ae7b9a554e4ad35a1a5bff25043afebb7e7172fff6d9ce264
gf2^6_mult,373_1,133,374,374,0,0,63,39,166,c17f20afd22f20d1e8ad656524502f68c621c0b3388aab5256f7faa585f9955f
gf2^6_mult,373_1,134,374,376,2,-2,58,42,166,2100ac631b3c76a43762c00b5da63dd489a43eb1eb5e8bbe950a3a83109566e0
gf2^6_mult,373_1,135,376,374,-2,2,57,43,168,3b13cb9402a2036165909e538aa86ff43048ff3f888306a1e906caa24b256db5
gf2^6_mult,373_1,136,374,374,0,0,91,4349,166,2100ac631b3c76a43762c00b5da63dd489a43eb1eb5e8bbe950a3a83109566e0
gf2^6_mult,373_1,137,374,376,2,-2,33,42,167,d77c77c39a37fa4a70b37be92e4bf8290fd31cf0a81a5dcac11b5c7d344936fe
gf2^6_mult,373_1,138,376,376,0,0,34,4346,169,bcddace0c086da5fc6c6670b8462ee8ff6095f77c38279abdcf851ce7915ae5e
gf2^6_mult,373_1,139,376,375,-1,1,39,815,168,fa0e9e75be7d15f1c5e8551d63927dbea085f38cd3d507c741f9a7ba05124e63
gf2^6_mult,373_1,140,375,375,0,0,36,4409,169,e82fb4b3cdf8add68530c0e02f00da0cdba97d37fa627a7b891f293c51957196
gf2^6_mult,373_1,141,375,375,0,0,33,1564,169,1c4bf8fd9505395524581b69bad400f6501a92c2b16e1d84a6fea58badff5938
gf2^6_mult,373_1,142,375,375,0,0,43,1470,169,8ba48afcaa2b31ed7707a7b9a2075390e8e26743635fc6bec96c2ea3de80c12c
gf2^6_mult,373_1,143,375,374,-1,1,41,4412,169,3b578779ed6cb6d7a2d6735cd428d32aebe6dcc474b5fbc790271cc87ade047a
gf2^6_mult,373_1,144,374,374,0,0,104,4382,169,a72db2b39aca43753b83e063cf0d72b07e6a8f9baa3c5f0fd95558a678345a7e
gf2^6_mult,373_1,145,374,374,0,0,106,4370,169,0cefddbeb82ce3f6f6a18cf55de37950b6e5e4e7198c7832636fc3785d01c4d0
gf2^6_mult,373_1,146,374,375,1,-1,59,3422,169,e60c1d4771da4c01f08bb8f342947a4296db655edd4e7fcdd8557df97fe31e46
gf2^6_mult,373_1,147,375,376,1,-1,60,808,169,5ea5bf90e421fcad571c097c22b4aa5fa4cfc8c0eb589aeb9d6f9afe130bf336
gf2^6_mult,373_1,148,376,375,-1,1,58,823,169,57ddcecf0d1dcd45b4f1a613a7d3c1bb1bffce6acfdf6f476fe02501cc7d8b0b
gf2^6_mult,373_1,149,375,375,0,0,46,38,169,5ea5bf90e421fcad571c097c22b4aa5fa4cfc8c0eb589aeb9d6f9afe130bf336
gf2^6_mult,373_1,150,375,375,0,0,47,45,169,2776c6ee168752be328c35f67479a9864f35f2b60df50c2707d4e298bf77a7af
gf2^6_mult,373_1,151,375,375,0,0,50,4349,169,5ea5bf90e421fcad571c097c22b4aa5fa4cfc8c0eb589aeb9d6f9afe130bf336
gf2^6_mult,373_1,152,375,375,0,0,65,4409,169,d55c5be882da3fb1f8a8539f580cd157d40bb81a794600a1f36d37cfe823b8c1
gf2^6_mult,373_1,153,375,375,0,0,60,1470,169,919374c65cb2eacc8115f23f5b9c46a057176f81ad14aab8ae67ee9fd159b5ae
gf2^6_mult,373_1,154,375,374,-1,1,48,4368,169,9f741cb19f6500f4019bbed4bbddd009bdd9bb3b4fe53418232957adc74bba07
gf2^6_mult,373_1,155,374,375,1,-1,56,812,169,5e0d9b1b0b6a2bc08ac4b46d99db7aee7761d89612b548df23dbcc0ad1c55f1e
gf2^6_mult,373_1,156,375,374,-1,1,58,813,168,78091f27322741cf98d551523dc3ac43b1bde3dd6642ddadf67ddf26e0794062
gf2^6_mult,373_1,157,374,374,0,0,121,4370,169,5e0d9b1b0b6a2bc08ac4b46d99db7aee7761d89612b548df23dbcc0ad1c55f1e
gf2^6_mult,373_1,158,374,374,0,0,19,4370,169,03ce673e5bb902b04e6077fa0d2cb6fc64d1fb6975ec396c4f0a1f58cb3b3085
gf2^6_mult,373_1,159,374,376,2,-2,53,42,169,29c9a61def8c82e622819c7b3a64cc7c038e815fef61ea597beba1fc5245f2b1
gf2^6_mult,373_1,160,376,374,-2,2,50,41,171,bb6879a42fb0f38e1bd720606d7d14a0b8f0af6dbf7b96cf3432c526efd93469
gf2^6_mult,373_1,161,374,374,0,0,50,4385,169,29c9a61def8c82e622819c7b3a64cc7c038e815fef61ea597beba1fc5245f2b1
gf2^6_mult,373_1,162,374,374,0,0,58,4358,169,4207ba60e5ad2b73c2afbb7a9eb1b45e58fcb601a072f662aaf24c2e9811a33e
gf2^6_mult,373_1,163,374,374,0,0,51,4385,169,31b456992b6a39eb47b336f42c803fc933e9164a62279bf2feee5eecb724e351
gf2^6_mult,373_1,164,374,375,1,-1,109,3429,169,528a534efab6d466099e9de4e67f49a268d6bf5653cbaef6a1e23d71bf35d560
gf2^6_mult,373_1,165,375,374,-1,1,94,3432,171,71760c6f83cd9643e870d4a9bd5ba7a93d84221977cafac96aae379787e5518d
gf2^6_mult,373_1,166,374,374,0,0,60,1565,169,528a534efab6d466099e9de4e67f49a268d6bf5653cbaef6a1e23d71bf35d560
gf2^6_mult,373_1,167,374,374,0,0,50,4349,169,67d600a0c439183f1927f35bb7d64a7c8e930eafad1e13837cc24652a5266047
gf2^6_mult,373_1,168,374,374,0,0,51,4370,169,b44ea7d7eeb963877022b79c0e1ee4fcfc987bb2e5a1718c7f12c9fe1e244ccb
gf2^6_mult,373_1,169,374,374,0,0,104,4370,169,67d600a0c439183f1927f35bb7d64a7c8e930eafad1e13837cc24652a5266047
gf2^6_mult,373_1,170,374,374,0,0,67,4397,169,ace9ec66ece4e8f3c73ebc4ab965cd277ddb615f2b8c698bab4cc57a6367289f
gf2^6_mult,373_1,171,374,375,1,-1,75,940,169,9d6aa96876848e67601ca3a54ff737c6ce4a5deb02ce0240393009ca5fc8516b
gf2^6_mult,373_1,172,375,376,1,-1,30,3423,173,947f07365c240a5071c71fe878947c0feaafc49fdceb31456d5e20bc710b849a
gf2^6_mult,373_1,173,376,375,-1,1,101,1483,172,7f6ce05bdbac9207a3ff013f1be6d4326442a029c92ff42a0050b87eab42a241
gf2^6_mult,373_1,174,375,375,0,0,35,121,170,1c4151cf534a4e3879af3910529cc7f7984dd9f03dfaf799daa1dfa2f2ab2e98
gf2^6_mult,373_1,175,375,375,0,0,59,4370,170,100ce83c24be7e1691ee51204babc53ed252b065710f3ea1f40b20cc80d4d485
gf2^6_mult,373_1,176,375,375,0,0,30,4397,170,f2a73818230a48c2dc4b17e3d2f7ceb54db52fb2290b8b36dc380a01acebc74a
gf2^6_mult,373_1,177,375,375,0,0,36,1534,170,a6df8c377ebd3b13891dd4a7205a5b1016daaf3275670c2afe6f88838b9f4309
gf2^6_mult,373_1,178,375,373,-2,2,42,4664,170,c0269f8e770dd1b7eb6511f5e4c69a769d6b35428805425df7a65a2ea21cfcc2
gf2^6_mult,374_2,0,375,377,2,-2,57,36,166,3d884c60fe2ba470085d087db322932b77f8cb8588944c0661e1244c1ca29715
gf2^6_mult,374_2,1,377,375,-2,2,61,37,166,b0f8f2b063e0583dfbe340b2f1db0d51507ccd65c1c3367cf5eeea4000f0f38c
gf2^6_mult,374_2,2,375,375,0,0,43,4349,166,3d884c60fe2ba470085d087db322932b77f8cb8588944c0661e1244c1ca29715
gf2^6_mult,374_2,3,375,375,0,0,94,4382,166,8c2e5ea4e47dba7d4e3e5768ad3afce520076474c5a6bfb4768c74f4d578fdd8
gf2^6_mult,374_2,4,375,375,0,0,56,4385,166,4353da2e733d748348757a4b6321c0155909ae01b6c3fccb3283f313e2be5288
gf2^6_mult,374_2,5,375,375,0,0,55,4385,166,8ab165db029d9e7c9d2d61306fdebdc620ee216b60673a7649513b272228c02b
gf2^6_mult,374_2,6,375,377,2,-2,47,42,166,4353da2e733d748348757a4b6321c0155909ae01b6c3fccb3283f313e2be5288
gf2^6_mult,374_2,7,377,375,-2,2,45,41,166,9b50d03f0d1547b7175371a9b90b42a11dc0fd2085593853993d64e0768e351c
gf2^6_mult,374_2,8,375,375,0,0,53,1564,166,4353da2e733d748348757a4b6321c0155909ae01b6c3fccb3283f313e2be5288
gf2^6_mult,374_2,9,375,375,0,0,38,4358,167,05a00673137f95e24ec57500076ebf06bd958fa22c849b0c3adcf70c9d1c5430
gf2^6_mult,374_2,10,375,375,0,0,53,1565,167,2e962e4b0ea6111dc2cf8f9a29d9df14e9971e9879ecd870f682ebaa9ceff80b
gf2^6_mult,374_2,11,375,375,0,0,45,4397,166,685c128acead7e0066652244cd5d5a39f25c127d54531ccd06320506c8c6f0b3
gf2^6_mult,374_2,12,375,375,0,0,50,4409,165,66eeef276910ad9b0b2d0b75047ad63dcfd9e4173c6e42cfce1e6132a88da6f7
gf2^6_mult,374_2,13,375,375,0,0,127,4385,165,d4d1f63190abd6e67f10d061873f14cdde2510a0b8d6f8f91229d35414ff6820
gf2^6_mult,374_2,14,375,375,0,0,52,120,165,de568e8d4e8341edb6841ecea723be1cad0e51abd01c1e9a0263e688ccbcfa9e
gf2^6_mult,374_2,15,375,375,0,0,67,1535,165,85565b4a028a68092fc19273afea22b6d3c17054e5185f215a6571c2081e2d74
gf2^6_mult,374_2,16,375,375,0,0,94,4385,165,30cf6341404502eaa14b40d0f508dbb6f23280af96c0d53163fa5f2fc01d428b
gf2^6_mult,374_2,17,375,375,0,0,127,4385,165,e6c08dd71f540a597fcf75c410d64b4b65de2fd63649798ca4c247284038e889
gf2^6_mult,374_2,18,375,375,0,0,94,4385,165,30cf6341404502eaa14b40d0f508dbb6f23280af96c0d53163fa5f2fc01d428b
gf2^6_mult,374_2,19,375,377,2,-2,55,42,165,e6c08dd71f540a597fcf75c410d64b4b65de2fd63649798ca4c247284038e889
gf2^6_mult,374_2,20,377,375,-2,2,55,43,165,53c8cd773e50fd67ef107a418fc18f7b312788ea18366681a61cdce7327860ef
gf2^6_mult,374_2,21,375,375,0,0,127,4373,165,e6c08dd71f540a597fcf75c410d64b4b65de2fd63649798ca4c247284038e889
gf2^6_mult,374_2,22,375,375,0,0,116,4385,165,30cf6341404502eaa14b40d0f508dbb6f23280af96c0d53163fa5f2fc01d428b
gf2^6_mult,374_2,23,375,375,0,0,94,4385,164,f1ab6f6072621d6c905910d833b1a2f77faf47387ba7aa111c707eb4bd16ccc4
gf2^6_mult,374_2,24,375,375,0,0,113,4349,164,701ca1b47a0a101e59458598c8c3a30573c73c8b15891821c1ef82ea7c0c665b
gf2^6_mult,374_2,25,375,376,1,-1,120,4408,165,e6c08dd71f540a597fcf75c410d64b4b65de2fd63649798ca4c247284038e889
gf2^6_mult,374_2,26,376,375,-1,1,112,4404,166,6c759c8627ec2ccd934d08634cea746f9ede72758d6b7053d024c45074d41039
gf2^6_mult,374_2,27,375,375,0,0,118,4370,164,919126b7ecb490263abc225d4b2fad82fd3d3656d7c5d5aa13b3225a1faa60f7
gf2^6_mult,374_2,28,375,375,0,0,58,4397,164,ae3c4d1841abb757b09553abb8a3abab338b46305775716f3ce3f77da20bcdba
gf2^6_mult,374_2,29,375,375,0,0,123,4349,163,9298094b1169dc9cb145454b0c5ddc8bba3094e6b9ccf9128794ccaa5bdcd182
gf2^6_mult,374_2,30,375,377,2,-2,114,40,163,d5193b615a76d807dde3a546dd601bb77a12d7198621dea3dd6fdd9251e7616c
gf2^6_mult,374_2,31,377,375,-2,2,109,43,164,51c1c8d5fdf0f63db90ed4ba3fb678acba6babb9b1eb2d88de9088cd808509d0
gf2^6_mult,374_2,32,375,375,0,0,97,4349,163,d5193b615a76d807dde3a546dd601bb77a12d7198621dea3dd6fdd9251e7616c
gf2^6_mult,374_2,33,375,375,0,0,124,4349,163,9298094b1169dc9cb145454b0c5ddc8bba3094e6b9ccf9128794ccaa5bdcd182
gf2^6_mult,374_2,34,375,375,0,0,97,4346,163,d5193b615a76d807dde3a546dd601bb77a12d7198621dea3dd6fdd9251e7616c
gf2^6_mult,374_2,35,375,375,0,0,124,4385,163,9298094b1169dc9cb145454b0c5ddc8bba3094e6b9ccf9128794ccaa5bdcd182
gf2^6_mult,374_2,36,375,375,0,0,97,4373,163,d5193b615a76d807dde3a546dd601bb77a12d7198621dea3dd6fdd9251e7616c
gf2^6_mult,374_2,37,375,375,0,0,124,4385,163,9298094b1169dc9cb145454b0c5ddc8bba3094e6b9ccf9128794ccaa5bdcd182
gf2^6_mult,374_2,38,375,375,0,0,97,4382,163,d5193b615a76d807dde3a546dd601bb77a12d7198621dea3dd6fdd9251e7616c
gf2^6_mult,374_2,39,375,375,0,0,57,4385,163,9298094b1169dc9cb145454b0c5ddc8bba3094e6b9ccf9128794ccaa5bdcd182
gf2^6_mult,374_2,40,375,375,0,0,46,4370,162,59d63d153a628652d995ea6916c284c04ba03ef52a66f4c200dd6a2719982153
gf2^6_mult,374_2,41,375,375,0,0,78,1535,162,c02f449f3d3cf25d6c3dcd4ddb7f593252f6a1ad9a92af05e0439f955fbb696b
gf2^6_mult,374_2,42,375,375,0,0,23,1497,165,56b9556c20cbc5fe5edbd0aac353d11b6a8100b1e64858e7bb9339b2881389ee
gf2^6_mult,374_2,43,375,375,0,0,46,4346,165,92587901b0dc209008dcebf5f3b43ce513bf530bbdf8832ccf3b02651c5684b7
gf2^6_mult,374_2,44,375,375,0,0,123,4385,165,ad3ab0138c751dcc9624da1e3da7cbc4c37222f1f3fe6917e0aed32ffe58afed
gf2^6_mult,374_2,45,375,375,0,0,96,4349,165,2df8443a774e83b745fa20d07e4c735614a1bc1fbd75e357125c077ba8643f3b
gf2^6_mult,374_2,46,375,375,0,0,123,4349,165,ad3ab0138c751dcc9624da1e3da7cbc4c37222f1f3fe6917e0aed32ffe58afed
gf2^6_mult,374_2,47,375,375,0,0,96,4382,165,2df8443a774e83b745fa20d07e4c735614a1bc1fbd75e357125c077ba8643f3b
gf2^6_mult,374_2,48,375,375,0,0,123,4349,165,ad3ab0138c751dcc9624da1e3da7cbc4c37222f1f3fe6917e0aed32ffe58afed
gf2^6_mult,374_2,49,375,375,0,0,111,4349,165,2df8443a774e83b745fa20d07e4c735614a1bc1fbd75e357125c077ba8643f3b
gf2^6_mult,374_2,50,375,375,0,0,96,4346,165,a05a67a7ff23e549bb15a16bce9a0de68c9646c5112a46baf6f09fa94140775d
gf2^6_mult,374_2,51,375,375,0,0,126,4370,165,8427703c898103d0f03f8cc0c6bdce7c0c5b47d6a1e82a35a299b7ccf793a666
gf2^6_mult,374_2,52,375,375,0,0,117,4358,165,a05a67a7ff23e549bb15a16bce9a0de68c9646c5112a46baf6f09fa94140775d
gf2^6_mult,374_2,53,375,375,0,0,61,39,165,9b1f481dcb1487af541bdf2b301f4d0d78fedbae7bd0e327e080ec3284cb234a
gf2^6_mult,374_2,54,375,375,0,0,50,4382,165,96bfec682b08140533afa4cb6ee10556f78bfbd7d2c9bea8a02b62c3dd4ed439
gf2^6_mult,374_2,55,375,375,0,0,98,4385,165,97c19365eaf4fc34fb4cf181248c2723c025ec29636a4d0444902edd608b9253
gf2^6_mult,374_2,56,375,375,0,0,125,4346,165,9d8e70cf4c93859684b62885cab8150ae95e2cf5aba0f6fd53d1ea73d2a494f3
gf2^6_mult,374_2,57,375,375,0,0,117,4358,165,97c19365eaf4fc34fb4cf181248c2723c025ec29636a4d0444902edd608b9253
gf2^6_mult,374_2,58,375,375,0,0,117,4397,165,76600be787994e789273d92359c41e2801cbeec6ef1e2a544a01b3372ee046aa
gf2^6_mult,374_2,59,375,375,0,0,53,45,165,2740493532175b5932afce23d00f14f6e5fe943c1810627da09e8cd67a18b90b
gf2^6_mult,374_2,60,375,375,0,0,91,4349,165,24ee7188fc7973dd7615246eb238af87d6578d9e06a2c33f95657cfce84a80fb
gf2^6_mult,374_2,61,375,375,0,0,117,4385,165,7177c61c83f618bf754aad10e58b343257d3514fc25cd2f440b385e3a44ea762
gf2^6_mult,374_2,62,375,375,0,0,91,4349,165,24ee7188fc7973dd7615246eb238af87d6578d9e06a2c33f95657cfce84a80fb
gf2^6_mult,374_2,63,375,375,0,0,63,4370,165,7177c61c83f618bf754aad10e58b343257d3514fc25cd2f440b385e3a44ea762
gf2^6_mult,374_2,64,375,375,0,0,117,4346,166,2e45ad123ec030a649714e8578b58229ea0195777844316ed68422399d33ef51
gf2^6_mult,374_2,65,375,376,1,-1,38,940,166,1aa2f1fa567480cfb404539bc5d0f41f79e765fe577ceda77c534e677f337353
gf2^6_mult,374_2,66,376,378,2,-2,63,42,168,7c6e1b7191f597761ab5868c2592368e3ec9a7318e42bcceccdeaa6f1a512b4a
gf2^6_mult,374_2,67,378,376,-2,2,58,41,170,1f31fdb6207daca95127308fc7d6fceeefd347e605320047a68a563aa9bf71bd
gf2^6_mult,374_2,68,376,378,2,-2,63,40,168,7c6e1b7191f597761ab5868c2592368e3ec9a7318e42bcceccdeaa6f1a512b4a
gf2^6_mult,374_2,69,378,376,-2,2,58,43,170,1f31fdb6207daca95127308fc7d6fceeefd347e605320047a68a563aa9bf71bd
gf2^6_mult,374_2,70,376,375,-1,1,72,945,168,7c6e1b7191f597761ab5868c2592368e3ec9a7318e42bcceccdeaa6f1a512b4a
gf2^6_mult,374_2,71,375,375,0,0,108,4382,166,1aa2f1fa567480cfb404539bc5d0f41f79e765fe577ceda77c534e677f337353
gf2^6_mult,374_2,72,375,375,0,0,63,4358,166,c2062ef8d13d204709fcfe6b238e66e8e58f87db9ce45297b3650aec0d2f308c
gf2^6_mult,374_2,73,375,375,0,0,106,4385,166,4e60e48a987b2102801b14da55436443a1f5d0372861543529788662cbf6f01a
gf2^6_mult,374_2,74,375,375,0,0,91,4382,166,44bb363f53d8fe3d9424455f088dd22a831e6c4e510d1ef16ab78eca1e962846
gf2^6_mult,374_2,75,375,375,0,0,53,121,166,44260594267453c9514ad20edce79aa04b2436930557ae639c5483c6ab7da03a
gf2^6_mult,374_2,76,375,375,0,0,116,4382,166,6c55dbefe4a98084e437396ab0e869f70b571ce03f4fabf1ad21bd99c9a5fde8
gf2^6_mult,374_2,77,375,375,0,0,91,45,166,58192505318b0e85792c1951a3e8fb737d3b325a58456cf3ecabd7b8365ac3d1
gf2^6_mult,374_2,78,375,377,2,-2,63,40,166,13e36d0c112c03e66113ea052a827a8d4d9e6e0a8d9ea49c86082e76f4e11211
gf2^6_mult,374_2,79,377,375,-2,2,56,43,166,7397ef58a9cf639bd9985a2a9a8fff76e7c794cdc1b8ad1e2e49fbda9ddcb505
gf2^6_mult,374_2,80,375,375,0,0,72,38,166,13e36d0c112c03e66113ea052a827a8d4d9e6e0a8d9ea49c86082e76f4e11211
gf2^6_mult,374_2,81,375,375,0,0,91,39,166,58192505318b0e85792c1951a3e8fb737d3b325a58456cf3ecabd7b8365ac3d1
gf2^6_mult,374_2,82,375,375,0,0,72,38,166,13e36d0c112c03e66113ea052a827a8d4d9e6e0a8d9ea49c86082e76f4e11211
gf2^6_mult,374_2,83,375,375,0,0,104,4361,166,58192505318b0e85792c1951a3e8fb737d3b325a58456cf3ecabd7b8365ac3d1
gf2^6_mult,374_2,84,375,375,0,0,85,4349,166,aa84ec671eaff95017d4d04d619b7aa21695318b71c9b5b47f850594ef6f4fbc
gf2^6_mult,374_2,85,375,375,0,0,118,4385,165,8d044255a3b5ac3494dbd2e417228bc488fec9b30cc03f828588dc10e6296154
gf2^6_mult,374_2,86,375,375,0,0,114,4361,165,10dfce78a77ad7bf6545e556e1ada799a734796e998e49970b4252d32b3468ae
gf2^6_mult,374_2,87,375,375,0,0,97,4406,165,cef333fca93e5e9fc7a06a829d5824e2752a700f8e9bdbe0064dffd4f166f505
gf2^6_mult,374_2,88,375,375,0,0,98,4385,165,10dfce78a77ad7bf6545e556e1ada799a734796e998e49970b4252d32b3468ae
gf2^6_mult,374_2,89,375,375,0,0,122,4346,165,2aa2afdcd2bac8660fd06f4ab2a45f2422927a040223e32a4932eb62aa36fed6
gf2^6_mult,374_2,90,375,376,1,-1,34,3416,165,10dfce78a77ad7bf6545e556e1ada799a734796e998e49970b4252d32b3468ae
gf2^6_mult,374_2,91,376,376,0,0,29,44,166,1ed3408550f6a268321f176f58a7a27246361e74b8b0915860efa5bacd42b16e
gf2^6_mult,374_2,92,376,375,-1,1,27,819,166,7863827d39ac3f6835af91efdf53f9e74df89cff4aefaef5958cf40f5867a4d3
gf2^6_mult,374_2,93,375,375,0,0,95,4385,165,d1da0a4e6f136153a41967c569072252284ea8d4ca11ca74524b836bd11aac04
gf2^6_mult,374_2,94,375,376,1,-1,71,3422,165,a876b5400537eba324311ab2da182a6a5accb4f26d52b73a6f5b31d0b9c1afa1
gf2^6_mult,374_2,95,376,375,-1,1,70,813,165,57dafc04f94d09e1eeb56b02ac70643474036fd1a7954894163d8d1c1d53fa1d
gf2^6_mult,374_2,96,375,375,0,0,39,4373,165,a876b5400537eba324311ab2da182a6a5accb4f26d52b73a6f5b31d0b9c1afa1
gf2^6_mult,374_2,97,375,375,0,0,119,4349,165,da677543594af122d43403196a554f3cb603ef00660e7cc900e469a7d3a86ef2
gf2^6_mult,374_2,98,375,375,0,0,95,4349,165,17fad0690770daef4345568fdcba97edaf520272e3893d53a2b78f043d08a1c8
gf2^6_mult,374_2,99,375,375,0,0,119,4385,165,da677543594af122d43403196a554f3cb603ef00660e7cc900e469a7d3a86ef2
gf2^6_mult,374_2,100,375,375,0,0,112,4382,165,17fad0690770daef4345568fdcba97edaf520272e3893d53a2b78f043d08a1c8
gf2^6_mult,374_2,101,375,375,0,0,59,4394,165,ac748ec64c671e70e524d9ca2462b1e0363bcf3f74100f6111b6a36c7243edab
gf2^6_mult,374_2,102,375,375,0,0,13,4409,166,8a8e2452dbc1a92866d2e1abf7ddf6a77c310a786a703f54952cc1c1cef6f0de
gf2^6_mult,374_2,103,375,375,0,0,95,4349,166,611b9c19d974f28b176ec1764420ea24982e3daa5dd1551e2777d65e176d1094
gf2^6_mult,374_2,104,375,375,0,0,121,4349,166,02ca6450135f37a7d333238857f7bc265f19fa2ad28ae3b9c0e3b13269d196f1
gf2^6_mult,374_2,105,375,375,0,0,95,4370,166,611b9c19d974f28b176ec1764420ea24982e3daa5dd1551e2777d65e176d1094
gf2^6_mult,374_2,106,375,375,0,0,121,4385,166,02ca6450135f37a7d333238857f7bc265f19fa2ad28ae3b9c0e3b13269d196f1
gf2^6_mult,374_2,107,375,375,0,0,62,4397,166,611b9c19d974f28b176ec1764420ea24982e3daa5dd1551e2777d65e176d1094
gf2^6_mult,374_2,108,375,375,0,0,116,4409,165,d397f53e9b78eace3d246e7b5a0ffc041d6b009662dc2e5356cba0bdc35523bc
gf2^6_mult,374_2,109,375,375,0,0,46,4394,165,42ab55000c6a55271df25f2192d2eb95f69c97f90c0e01f95d0268b1482193ea
gf2^6_mult,374_2,110,375,375,0,0,89,4382,165,ba3aa41d95dbf7b4d722916f20ca47ce6bf15de8123f10f2f6ee982fdb0986bb
gf2^6_mult,374_2,111,375,375,0,0,112,4349,165,658629429bab6e5bc5a7206d2841b85c476324d30737545c0545b7acf6931960
gf2^6_mult,374_2,112,375,375,0,0,48,38,165,ba3aa41d95dbf7b4d722916f20ca47ce6bf15de8123f10f2f6ee982fdb0986bb
gf2^6_mult,374_2,113,375,375,0,0,93,4385,165,c95b0596b1609521c167a233f84a9ce877e3bbf0b3a211886129bbbd8f83424a
gf2^6_mult,374_2,114,375,375,0,0,53,4358,166,ee4978dac45da6f28f0364d910d4b7c4fe27b5e8d00c4d414e3e2b44994601f4
gf2^6_mult,374_2,115,375,375,0,0,113,4409,166,f051bf1c4e29a1f82ca34bd152244a5fb17c47cbf4e13a48abda7c87acda79b7
gf2^6_mult,374_2,116,375,375,0,0,116,4409,166,b1ab63af96860aa72f0635f63cd247eca782e294e704690c6adcca6687db31cd
gf2^6_mult,374_2,117,375,375,0,0,86,4349,167,60228960a88c609c86ec0bea52160726573574535fe8175b1dfb16524b850d04
gf2^6_mult,374_2,118,375,375,0,0,115,4346,166,02bae908682e6ab776f31ba172214ac1a60ca6ed16cd22e0f8c3883dc6f06b18
gf2^6_mult,374_2,119,375,375,0,0,113,4361,167,d3a4494442d417345dcdeebb062b38bc9a3a5edd44e90ee6f21f4da2c1c6e87e
gf2^6_mult,374_2,120,375,375,0,0,99,4373,166,d8684b11845bf92b1d8d7999457c0687f55d37696f28a82fa135017691074acb
gf2^6_mult,374_2,121,375,375,0,0,93,4373,167,2ecb68e406211dda71d507802b88d4dd2055368dd082c609bbc53122ad33b806
gf2^6_mult,374_2,122,375,377,2,-2,89,42,167,8e5a8fa4688b9d8737d0c3f77ca196b59ba846af21f682e8041f2bb30088d9e6
gf2^6_mult,374_2,123,377,377,0,0,108,4385,169,d245ec515ef3df1823248316ed7ed018f81830ab321f5b4ef17d0577c9179e7d
gf2^6_mult,374_2,124,377,375,-2,2,77,43,169,e0d6265cfb3712065dc30800694908eec19c8422e60a014e8aacd5f05b8ece09
gf2^6_mult,374_2,125,375,375,0,0,122,4385,166,893ef8f0669ea8d5cc32aa8c2185073240793057afc98c2f660f39692211c51b
gf2^6_mult,374_2,126,375,375,0,0,111,4385,166,d8684b11845bf92b1d8d7999457c0687f55d37696f28a82fa135017691074acb
gf2^6_mult,374_2,127,375,377,2,-2,83,40,165,bfaf13f85db4affa5012dc80644da3861d201646dfa5629a9bbdcea619773214
gf2^6_mult,374_2,128,377,375,-2,2,76,41,167,7e97f6e7f53474b6eedc7210aaf138a66751c2288b3a767aa15ed675d8ab0f2a
gf2^6_mult,374_2,129,375,375,0,0,95,4349,165,bfaf13f85db4affa5012dc80644da3861d201646dfa5629a9bbdcea619773214
gf2^6_mult,374_2,130,375,375,0,0,123,4373,165,63ff7889bf88b80dbe3d157d9b9888c089c71afd1220331ab0193fe1b4c30ac8
gf2^6_mult,374_2,131,375,375,0,0,95,39,165,bfaf13f85db4affa5012dc80644da3861d201646dfa5629a9bbdcea619773214
gf2^6_mult,374_2,132,375,375,0,0,110,4409,165,704159f6b29d15f535f6a522d1313d6de9aa7ba05519842d62d4dce33b357ef7
gf2^6_mult,374_2,133,375,375,0,0,47,4394,166,747659f636de7190b900502e52542bfec247c8d51f4d67570f2c7896dee498e7
gf2^6_mult,374_2,134,375,375,0,0,110,4385,166,a52e5f24955feda93a12e5cbc3924a177886c9494aab9d2a359fbcbc93eb57fd
gf2^6_mult,374_2,135,375,377,2,-2,29,42,167,c22b90a24ff885ea4ef93a2e7e16892024a0666fd40dd9ed9d666b2acd507426
gf2^6_mult,374_2,136,377,379,2,-2,86,42,167,17802999b9169e31a0b81d742423df7e72ebeba83ac3183f23b3404d32a816bc
gf2^6_mult,374_2,137,379,377,-2,2,78,41,169,83e22c0764ce40b6b739b184257c09bb809cfa4a1e8972d44ed26fa7ba994b85
gf2^6_mult,374_2,138,377,375,-2,2,29,43,167,17802999b9169e31a0b81d742423df7e72ebeba83ac3183f23b3404d32a816bc
gf2^6_mult,374_2,139,375,375,0,0,46,4406,167,c22b90a24ff885ea4ef93a2e7e16892024a0666fd40dd9ed9d666b2acd507426
gf2^6_mult,374_2,140,375,375,0,0,99,4358,167,0a7b9b3961a9d82b9416d52f1176c132c5ec6f2152565b8becab7c794a61b635
gf2^6_mult,374_2,141,375,375,0,0,104,4349,166,203a9c4aa1a84e7d717d6af713771caa41ca84ea70f340968efe1c89559fd3ff
gf2^6_mult,374_2,142,375,375,0,0,82,4385,165,b5b37960e38c063d9700edf14049f8583d4398193e367e71802491d636e57fa5
gf2^6_mult,374_2,143,375,375,0,0,51,4349,165,ae3c9dcdf3a671a58fbc7221bc605603442b9b80da35fafc5f298c9aeb3cd740
gf2^6_mult,374_2,144,375,375,0,0,50,4385,165,71d92b086c54b680a133deba2ca93c79670ed4339a70c50cbd827880fa75d829
gf2^6_mult,374_2,145,375,375,0,0,108,4349,165,ae3c9dcdf3a671a58fbc7221bc605603442b9b80da35fafc5f298c9aeb3cd740
gf2^6_mult,374_2,146,375,375,0,0,101,4373,165,b5b37960e38c063d9700edf14049f8583d4398193e367e71802491d636e57fa5
gf2^6_mult,374_2,147,375,375,0,0,108,4409,166,7933361a1f58646b0e0f117c9e2f02327ed46990bac5983679918527fcf5ddc7
gf2^6_mult,374_2,148,375,375,0,0,51,4385,167,5a43f977f79725d424b35d4fbe5f54b8e872de9402f7f3d07c1a11e4e8280734
gf2^6_mult,374_2,149,375,375,0,0,100,4409,167,49067c83e7ece51bff390c533b000211f183224ba2bf58efdc3794c625310f97
gf2^6_mult,374_2,150,375,375,0,0,72,44,166,b0a71333d1619c7ff0f5e70a9173ea0c78f96ffde45c0c53d22c099c57cc60f2
gf2^6_mult,374_2,151,375,375,0,0,93,4385,166,cd8b29d73d71f731466243253de679009c97f3288e80145eecb373d8837bb8bb
gf2^6_mult,374_2,152,375,375,0,0,121,4385,166,901ac6387699f2d047d0e79007f7c889309212f396f99403e3b5791cb60e01aa
gf2^6_mult,374_2,153,375,375,0,0,115,4409,166,cd8b29d73d71f731466243253de679009c97f3288e80145eecb373d8837bb8bb
gf2^6_mult,374_2,154,375,375,0,0,86,4349,166,771033050eba434aab929376526f87ec58fefa0ae6ab462842640d689cc20b6b
gf2^6_mult,374_2,155,375,375,0,0,120,4385,166,c8e9608d5f7178951c030b837755b01f3bee2f1a8c25249e7adbd285c2cdbe4e
gf2^6_mult,374_2,156,375,376,1,-1,74,3429,166,771033050eba434aab929376526f87ec58fefa0ae6ab462842640d689cc20b6b
gf2^6_mult,374_2,157,376,376,0,0,80,4385,167,cd5d8f855d9bead28d1fc57c52b3657f029c51fe56655c56b204cab31ad5d0bb
gf2^6_mult,374_2,158,376,376,0,0,77,4385,168,43f20e973a386c471b017d8dd81f0fc2623801543429ba5d8e20749ca8ea6c07
gf2^6_mult,374_2,159,376,375,-1,1,71,3424,167,cd5d8f855d9bead28d1fc57c52b3657f029c51fe56655c56b204cab31ad5d0bb
gf2^6_mult,374_2,160,375,377,2,-2,63,42,166,771033050eba434aab929376526f87ec58fefa0ae6ab462842640d689cc20b6b
gf2^6_mult,374_2,161,377,375,-2,2,63,41,166,f8fbbfb9871758f776c9bd8c1134b8c0250f74cc2f3ffce08b747f4265559441
gf2^6_mult,374_2,162,375,375,0,0,40,121,166,771033050eba434aab929376526f87ec58fefa0ae6ab462842640d689cc20b6b
gf2^6_mult,374_2,163,375,375,0,0,77,4409,166,469be8202aa9202051e79222a00f214e269bb215d3fba5cc63e7e659adfd481e
gf2^6_mult,374_2,164,375,375,0,0,117,4385,164,2ae7867582288b687b31f5c55f52f357d873f5b47012a1f02ef4121a6cf5afa4
gf2^6_mult,374_2,165,375,375,0,0,51,120,163,c00da4a7d36fed29aec7e01c0155179ae402d509d10715a4bc2803f4e49606e8
gf2^6_mult,374_2,166,375,375,0,0,88,45,163,39a4a681e4e966945a3c80a43187f9b1ac2b2e35f32c756a93e4b07ab6cbd33e
gf2^6_mult,374_2,167,375,375,0,0,89,4397,163,139e7d271d117ff334ee6affb85ee842e2a2f71f442421aece2ce06671b35863
gf2^6_mult,374_2,168,375,375,0,0,51,121,164,22539a6b7daa7bcda568b09f4cfb10372b1a0bf84c177e7ffc2b9647b1af30bd
gf2^6_mult,374_2,169,375,375,0,0,44,38,164,deced9c76a302f20e6087181d149d8936b9e270474a886832a0ebab50a092b64
gf2^6_mult,374_2,170,375,375,0,0,50,4346,164,8b9040dc691562876a072df2bcbe031425f0490d448414999fff50f95c7a915c
gf2^6_mult,374_2,171,375,375,0,0,69,38,164,d1c29148fee4ada9883852d1f4de99ec8b70fde8631ebb7c8932945c9efc5c1a
gf2^6_mult,374_2,172,375,375,0,0,114,4358,164,74b2bfbd4acea348ecf4e405f49daa8fe2483da50d57695b7c13d557da2047a9
gf2^6_mult,374_2,173,375,375,0,0,51,4373,164,a85ea0ec57eeb2243e52351fd699be95703aa279705194b653aa66a23e6a1da7
gf2^6_mult,374_2,174,375,375,0,0,50,4382,164,7497095218420a1924a7501abde0b6e918c18e2c57b01d2dbc27ac2041124cdf
gf2^6_mult,374_2,175,375,375,0,0,51,121,164,a85ea0ec57eeb2243e52351fd699be95703aa279705194b653aa66a23e6a1da7
gf2^6_mult,374_2,176,375,375,0,0,83,4385,164,ce37e1ebc66d1b439009995fb46743362cfef3cf715d9bd441649b6eccb177e1
gf2^6_mult,374_2,177,375,376,1,-1,48,4411,164,b7fabe7c97e44226c03b2f160078a96438da8a0b92af7ca333b490593b89bef1
gf2^6_mult,374_2,178,376,376,0,0,53,4346,164,18fd25a3d59bef0cb7608057813984cd502b932046101a4b95266a41c8df49a1
gf2^6_mult,374_2,179,376,375,-1,1,39,4368,164,ae63aa534f5dc3c6180e2025b1629f02c4116879ae66f4060e57d25f059feb76
gf2^6_mult,374_2,180,375,375,0,0,120,4385,164,c1091bb6e36e57c8405f957afeb74569a10442697125fa1244747e4656d9af03
gf2^6_mult,374_2,181,375,375,0,0,40,4394,164,6df35805eddfb84c92858175f3814f69fa8f31c4325be318baedd8c234499909
gf2^6_mult,374_2,182,375,375,0,0,49,4394,164,13c3b023158a7901584d1aeac82585906ddd3006cc715e54b04d7e688c3e3e54
gf2^6_mult,374_2,183,375,375,0,0,50,4358,165,6b3c690993de182deb8a56ac1b7d76c270edbb1eae1534e034857aca3a35450b
gf2^6_mult,374_2,184,375,376,1,-1,33,3417,162,a02d4e41e8e0d64ec0fdb8f9c05ef8ebbb033444fa8a6c10e7654b104c8f6c8b
gf2^6_mult,374_2,185,376,377,1,-1,39,808,162,5d8fdc821ce66773b2bfa5f0387fe7dc1bafa92ceb568e30d7db53eb6bbce842
gf2^6_mult,374_2,186,377,377,0,0,42,4358,162,22bcdbebbd7a0a60c07a902e2bd5261c260a150a7923029673a4e3f4ba17023f
gf2^6_mult,374_2,187,377,377,0,0,41,4361,162,021f85de4c901adfd95d8d14c8dfc5525b7ea4ceb68735d8d618f1a53431ccf1
gf2^6_mult,374_2,188,377,377,0,0,42,4361,162,22bcdbebbd7a0a60c07a902e2bd5261c260a150a7923029673a4e3f4ba17023f
gf2^6_mult,374_2,189,377,377,0,0,37,4385,162,021f85de4c901adfd95d8d14c8dfc5525b7ea4ceb68735d8d618f1a53431ccf1
gf2^6_mult,374_2,190,377,377,0,0,36,4382,161,cf09337c9c14bf740778eb734dd6043d132cb010a04db8261468b147b33f5bef
gf2^6_mult,374_2,191,377,377,0,0,30,4394,162,021f85de4c901adfd95d8d14c8dfc5525b7ea4ceb68735d8d618f1a53431ccf1
gf2^6_mult,374_2,192,377,376,-1,1,30,823,161,7e58592e5d167090e0ba85a6ca978d7f31cc8ea5b36b15cd32535ad6ce6b5520
gf2^6_mult,374_2,193,376,376,0,0,42,4409,161,d3e42143649a3b89f8431365c9bf3587a3fa3e307f9c2635d1e14368de7a90fa
gf2^6_mult,374_2,194,376,376,0,0,31,44,162,53d5d7209dc485cdf0c66295e202530c3c2d8b6d2f67f841878426fabd39c1f4
gf2^6_mult,374_2,195,376,376,0,0,30,1559,162,2c85c8861875fa6075b9f74166ed64e3035676e4adf8b4af7961d09af0f2d3b3
gf2^6_mult,374_2,196,376,376,0,0,45,4385,162,58ada8e0b9e893630dba2fc2474fe62d4e419274005c14f453df256dc6d3c474
gf2^6_mult,374_2,197,376,376,0,0,43,4349,161,d6548117b0fa734241a5a275fd31bea576c4b7cfe5f286cdb4e53af6052cf54b
gf2^6_mult,374_2,198,376,376,0,0,31,1558,162,58ada8e0b9e893630dba2fc2474fe62d4e419274005c14f453df256dc6d3c474
gf2^6_mult,374_2,199,376,376,0,0,31,3824,162,2c85c8861875fa6075b9f74166ed64e3035676e4adf8b4af7961d09af0f2d3b3
gf2^6_mult,374_2,200,376,376,0,0,45,4385,162,58ada8e0b9e893630dba2fc2474fe62d4e419274005c14f453df256dc6d3c474
gf2^6_mult,374_2,201,376,376,0,0,43,4394,161,d6548117b0fa734241a5a275fd31bea576c4b7cfe5f286cdb4e53af6052cf54b
gf2^6_mult,374_2,202,376,376,0,0,50,4373,165,5a9e659b68c9bcf8335b8bbae40db3ee8ecda2e77ff043c727e11d19d93db0ca
gf2^6_mult,374_2,203,376,376,0,0,41,4385,164,d156d71f6645e046564b2ffa38552fb40e968aab3e6fd2f3f68877e4b22ff966
gf2^6_mult,374_2,204,376,376,0,0,36,39,165,5a9e659b68c9bcf8335b8bbae40db3ee8ecda2e77ff043c727e11d19d93db0ca
gf2^6_mult,374_2,205,376,377,1,-1,36,812,165,46248fe4014b829b0ed03a78d0eb1ba93f26281644de53608aa4e8f03e5fcaaf
gf2^6_mult,374_2,206,377,376,-1,1,35,3424,164,05b3364cfcf41484359edd6a0bf1cd3b381bae51bebc60b7d63ea9e490928e40
gf2^6_mult,374_2,207,376,376,0,0,45,4346,165,46248fe4014b829b0ed03a78d0eb1ba93f26281644de53608aa4e8f03e5fcaaf
gf2^6_mult,374_2,208,376,375,-1,1,34,4403,164,60ffb0a1a96fdcae8d6347753f619e819e8507ef02d2e4d8a216741b4a3bc94f
gf2^6_mult,374_2,209,375,375,0,0,110,4358,163,85a4f42aeaa4cb166b857dbde8e7cb15b817f23e28b644f62657176eaecf47c1
gf2^6_mult,374_2,210,375,375,0,0,76,4382,163,b18a42f74d11e07ce5543f024ecf756ab0f0d5604839103b64e5a2d2eb17ad3b
gf2^6_mult,374_2,211,375,375,0,0,113,4370,163,ecade858232be2940b23efc987e458946a1614490f0c17a36fa1649ea9742054
gf2^6_mult,374_2,212,375,375,0,0,108,4394,163,b18a42f74d11e07ce5543f024ecf756ab0f0d5604839103b64e5a2d2eb17ad3b
gf2^6_mult,374_2,213,375,375,0,0,76,4373,163,7ed6a33dd676cda4dd4ab0f20e6872c42b153d0daf49255939777595cd73d682
gf2^6_mult,374_2,214,375,375,0,0,60,1496,163,2d60143b39c5731edcfd317e01bf923a69aac25c9ae9bef23a0c57b5ca6a497c
gf2^6_mult,374_2,215,375,375,0,0,81,4358,163,29828aba8f8fb942d769b981c96e28a0666331a76e28ea227e4042763df1842a
gf2^6_mult,374_2,216,375,375,0,0,54,4385,162,62156a0e2c4a050ada098cd7b4ef243358467950b56f9480879516f7e8f02c63
gf2^6_mult,374_2,217,375,375,0,0,58,4382,162,74989b459c9532dce3dc5c965bc7d609fdeb09653febd5b65cfc13532ff1f723
gf2^6_mult,374_2,218,375,375,0,0,54,4349,162,62156a0e2c4a050ada098cd7b4ef243358467950b56f9480879516f7e8f02c63
gf2^6_mult,374_2,219,375,375,0,0,58,4385,162,74989b459c9532dce3dc5c965bc7d609fdeb09653febd5b65cfc13532ff1f723
gf2^6_mult,374_2,220,375,375,0,0,98,4349,162,62156a0e2c4a050ada098cd7b4ef243358467950b56f9480879516f7e8f02c63
gf2^6_mult,374_2,221,375,375,0,0,63,4358,163,e58c64e708468797814f7de0daedb1bfe980bf999bb304c9e7e4263d14a41258
gf2^6_mult,374_2,222,375,375,0,0,112,4349,163,be8db201f4203b7ed382ce3e9cd0deba7ba49b709c60165031e00e0a28968539
gf2^6_mult,374_2,223,375,375,0,0,37,4358,163,893b2dd56c8b9889a8324cd2a6d118a8b5adaeba0ed906033bd8243ed1e639e0
gf2^6_mult,374_2,224,375,375,0,0,76,4385,164,acbb37af93355597ab5036d47dead66c1fd401bb831a8533508c1572a0ac57ea
gf2^6_mult,374_2,225,375,375,0,0,48,4385,164,e063e8f60db06eda94cd88187c16d0775bdfb7aaa2bbf71a434d6ea50cb7f045
gf2^6_mult,374_2,226,375,375,0,0,111,4373,164,571434d08899a69e0e5357a5ecad7db62e93c380e22d4bbc48a56f652dc22690
gf2^6_mult,374_2,227,375,375,0,0,52,4385,164,e007ee33430667f1b96ba2c4b365674b94e5cd6d0afc95cb0029584cbf4927ef
gf2^6_mult,374_2,228,375,375,0,0,74,4397,164,779ce2c2759e0f9ce14513919ec4ba6e7a054917e2c057a63a36055507efe05e
gf2^6_mult,374_2,229,375,375,0,0,102,39,164,47fb00d7be030f043f88268de840fc8329690461a74061fd6fac17e4f59cd93a
gf2^6_mult,374_2,230,375,375,0,0,74,4370,164,ba32b9d03b8e3e094a502313f2ebd75f902ffb93ff9cc6b2d1fd669c89d5dfdd
gf2^6_mult,374_2,231,375,375,0,0,98,4406,165,e6581764eb4e808ad99f488338629d5ce0b61f501253684aebc3b70c57b7dd27
gf2^6_mult,374_2,232,375,374,-1,1,75,3556,165,5405159d6b9d625cb78bf193a818d11ccb18a9c77f80f03ae76c9350ced30857
gf2^6_mult,375_0,0,376,377,1,-1,82,3417,164,340d45aa40abb350a41e1aa2bb2dd82ece93d0159fac0ee7256788431ee94302
gf2^6_mult,375_0,1,377,377,0,0,106,4397,163,2cd1413a5abc2e350aede74da7145501febe4e3075b13ef4e5940d5becfee60f
gf2^6_mult,375_0,2,377,377,0,0,52,4373,164,608b8f961eea1c9cdc7888a5d9cf65ff27d4d82f63e47eb81cfca4341890b6e8
gf2^6_mult,375_0,3,377,378,1,-1,50,940,163,6002924d6424c968ee8481b51924c35a19afe0817bc6dde31a3729f75a7ab6a4
gf2^6_mult,375_0,4,378,378,0,0,60,4385,164,d3f5063f8d14acb39167a01fa74deed4998b8e4442af59dd41882f3fd03afbb1
gf2^6_mult,375_0,5,378,379,1,-1,53,938,163,5fbb05a87040634dfc82456bee239849f56acc4e17a895c62f333eeb836eacc3
gf2^6_mult,375_0,6,379,379,0,0,51,4349,165,085a23789e84fd73f2ae059ba674c000e8573ee375a4e33a40c036bf9fcc48b8
gf2^6_mult,375_0,7,379,377,-2,2,55,4676,164,2dabbdd2a75786d03621c7cd32fadcd5c74f130ee870b92e994aa90f03d88240
gf2^6_mult,375_0,8,377,378,1,-1,71,3422,162,5dc9a9c8b8c83728ef3c2306909af441b2e3b3e014a86101493f9b141b46e8e5
gf2^6_mult,375_0,9,378,377,-1,1,77,957,163,6294fbea874f7b29905f1c94169b801211af502703067abc01a1b9b45ad1d3a3
gf2^6_mult,375_0,10,377,379,2,-2,50,40,162,1f2d01330c281f1556d2973750b18bac830bf5826f85b60b25283985bd7fdd02
gf2^6_mult,375_0,11,379,380,1,-1,50,1578,164,18e819f5f4319a63bdddbc0e9fe1736f0c5582ba8975ad81ed3dafa3a5ce1b44
gf2^6_mult,375_0,12,380,379,-1,1,50,1579,164,a0acb18bdac460cccd943fa8374e5e1c4a73f519a3dcf6f4bc7321d29b2ea955
gf2^6_mult,375_0,13,379,379,0,0,39,3842,164,18e819f5f4319a63bdddbc0e9fe1736f0c5582ba8975ad81ed3dafa3a5ce1b44
gf2^6_mult,375_0,14,379,379,0,0,53,1479,164,423e8d642247508c0d8d8d1123b65b916140f16085733a99db9a488e1a5e9189
gf2^6_mult,375_0,15,379,377,-2,2,46,43,164,18e819f5f4319a63bdddbc0e9fe1736f0c5582ba8975ad81ed3dafa3a5ce1b44
gf2^6_mult,375_0,16,377,377,0,0,104,4385,162,1f2d01330c281f1556d2973750b18bac830bf5826f85b60b25283985bd7fdd02
gf2^6_mult,375_0,17,377,377,0,0,66,45,161,9ca9a7a4b7ead00256ca73eb8e5e8e5d9607685d8e5fceebaf26b4ab05ec79be
gf2^6_mult,375_0,18,377,377,0,0,108,4385,161,4284eac928ff5f54eda4f11d93d6fadeb11ef520cdd7e11b1f6b9c3e69130672
gf2^6_mult,375_0,19,377,377,0,0,112,4385,161,e724475e075648efe077271c02638f32c4d774af465e18d5a9392b4a5aa72236
gf2^6_mult,375_0,20,377,377,0,0,110,4385,162,74586bb11ff9a12b656010de10a87afc764c9dac5cf59a14b86f25bf6f8802b4
gf2^6_mult,375_0,21,377,377,0,0,102,4358,163,29722d6877d08429c67db08e5f974388f35d837b4542f4400d39a4e322b74b46
gf2^6_mult,375_0,22,377,377,0,0,105,4349,164,93841a4a22c8fd03011022b3ddeed7689457ad970f01c651926fbc17c671588b
gf2^6_mult,375_0,23,377,377,0,0,84,4385,163,461759f62091dbda4abe0d9661eb08059681974fccf08d6f63b7786ec82fc5c0
gf2^6_mult,375_0,24,377,377,0,0,111,4349,163,b421d71be28ce2c53af6a7e5b538d23239fcbe086e0523cfabd10430dfcc5276
gf2^6_mult,375_0,25,377,377,0,0,52,44,164,15843b87c2d3f5826c1393938059239b7f714253ec42c0a0adda8bf155a8aac2
gf2^6_mult,375_0,26,377,377,0,0,50,4373,164,56f05bba9164dd9d2363bddc91d7cb60aba5defcf0ece04ac4b522980dac3a78
gf2^6_mult,375_0,27,377,377,0,0,53,4409,164,3900c5ea9d3dcc0133664d0b2f2b2d6fdefb78ba13dff2fe0511ea3553588584
gf2^6_mult,375_0,28,377,377,0,0,83,4406,164,7ab6429bf77a4c844a1e6a03337d889f63a3f453e1fa6bbf0045d9c1a58b3f29
gf2^6_mult,375_0,29,377,376,-1,1,61,4436,163,26bbea6e07ca10e05c1c6a6c6855ced1ad3ebb25773a56785736fdfe8c6cfa7a
gf2^6_mult,375_0,30,376,376,0,0,65,4409,164,58c36f35d05be5c887e9d517a3681f4e7906a2a59a6deacd021be4b4c761459b
gf2^6_mult,375_0,31,376,376,0,0,57,4385,160,f323a90e931990268b9ed2b2a4274fb3312df04159874cea28363962a9fe84ff
gf2^6_mult,375_0,32,376,376,0,0,63,4394,160,bfefe1966011446bf5e6c86ecd3927ea0b2e9912ff9c4a5917ccb8b880ec4a06
gf2^6_mult,375_0,33,376,376,0,0,55,4385,161,31bd4d80dfacf72f6ccddbbfc8b63eded09e7c1359e93c1067768d056a153260
gf2^6_mult,375_0,34,376,376,0,0,56,4373,161,8d2ecfbac9d4c58cda305d4c62b58806cd81db7c61a58787d90816e8fe223704
gf2^6_mult,375_0,35,376,376,0,0,53,4373,161,ea28b5854d294a06d1c2c4133c906e408f67d65b4276f55a95fa4b853cb8e9da
gf2^6_mult,375_0,36,376,376,0,0,65,4406,161,8d2ecfbac9d4c58cda305d4c62b58806cd81db7c61a58787d90816e8fe223704
gf2^6_mult,375_0,37,376,376,0,0,63,4361,160,f323a90e931990268b9ed2b2a4274fb3312df04159874cea28363962a9fe84ff
gf2^6_mult,375_0,38,376,376,0,0,51,1497,161,8d2ecfbac9d4c58cda305d4c62b58806cd81db7c61a58787d90816e8fe223704
gf2^6_mult,375_0,39,376,376,0,0,52,1565,161,0e6af188af15556036ddaff73a6858f4bdd63ff885b2e5d45320c1507b726d7e
gf2^6_mult,375_0,40,376,376,0,0,51,4373,162,67ea42835e5a03b44c88843c13240afc54855d91d98d5c465572f3d0ed1f9f4e
gf2^6_mult,375_0,41,376,376,0,0,118,4346,161,d6df10c87bf1bde1ec93f8988fa1d276c77178cecd2ad3639b63297536c45d55
gf2^6_mult,375_0,42,376,377,1,-1,54,816,161,c720a378b96c2b7b82c3f2004a5bcf8c89895ce4c48137c6724ef7d7b5f5420d
gf2^6_mult,375_0,43,377,376,-1,1,53,817,162,92b5674068dd9fe8b44d91b924d4913d9fc62a302988617d92bbaa6ed8d473eb
gf2^6_mult,375_0,44,376,376,0,0,51,1564,161,c720a378b96c2b7b82c3f2004a5bcf8c89895ce4c48137c6724ef7d7b5f5420d
gf2^6_mult,375_0,45,376,376,0,0,66,4358,162,b58a97908154134e2afca769aa57c7133bcff3b816370134175877370783191b
gf2^6_mult,375_0,46,376,376,0,0,62,4373,164,cbe5e29769be76f871fc35acaf056b53ce60b621239b082e318b7141724ae520
gf2^6_mult,375_0,47,376,376,0,0,42,38,164,d5780eb487482639e0fb03fc3e09bcc8238ee903b502ab1c1c6b392f6d621887
gf2^6_mult,375_0,48,376,376,0,0,51,1565,163,15b5ebeb5cd0ab4d1a3cb1c563863a4cd3883f0fc465f000700b3e10f6d3b81b
gf2^6_mult,375_0,49,376,378,2,-2,112,42,162,cbd6d0e132961d6c34ab40996615f82ea22023428e1ceeb08e05f1b6e25e80a4
gf2^6_mult,375_0,50,378,376,-2,2,100,41,164,a1a151bc2f7012db18edd0b94adb66ba00e7be5af9d35721a3952886aca948cb
gf2^6_mult,375_0,51,376,377,1,-1,56,808,162,cbd6d0e132961d6c34ab40996615f82ea22023428e1ceeb08e05f1b6e25e80a4
gf2^6_mult,375_0,52,377,377,0,0,53,38,162,22358878580e9823d64ccafba60daa3ffd4bd22d6126ccbf9aff59b2d1edbdea
gf2^6_mult,375_0,53,377,376,-1,1,67,3430,161,fde630425e2ad7f52d9dea7ff00f0e8f3bd23ab31a9a4a00dd76a0e6cbe35e2e
gf2^6_mult,375_0,54,376,376,0,0,64,4349,159,c09afe3d7ce5c6726a188b8cbda69b004e09bc1a885c24cfb2e93649655591aa
gf2^6_mult,375_0,55,376,376,0,0,60,4370,160,234a9fbc0704f7cc458de0492faa3ac80dfa15b138eb8abf89a5665a61b59b9a
gf2^6_mult,375_0,56,376,376,0,0,62,120,159,c09afe3d7ce5c6726a188b8cbda69b004e09bc1a885c24cfb2e93649655591aa
gf2^6_mult,375_0,57,376,376,0,0,64,4349,159,23e920f20bd48967fed3ce8bb313f747b8681aeca1608b12b1d916b8a8c4b7cb
gf2^6_mult,375_0,58,376,378,2,-2,65,42,160,7805df84ad12a5751b77598a9231179ee0eb4c672c3b59235ac6467e72c1ccf3
gf2^6_mult,375_0,59,378,376,-2,2,58,41,162,78e6f902d7277767b29a276848bc631020a83072ca1063d228e1b296cb1a4454
gf2^6_mult,375_0,60,376,376,0,0,93,4373,160,7805df84ad12a5751b77598a9231179ee0eb4c672c3b59235ac6467e72c1ccf3
gf2^6_mult,375_0,61,376,376,0,0,59,1496,161,d0ee5375d781733badc5cdf254f4aad9ca93896c59fcd95942da0601db808d4e
gf2^6_mult,375_0,62,376,376,0,0,61,4406,164,821d6cd87b6863fa32161e1a222e9edb22f1299c69b0cc2ec0f5e522d27648ef
gf2^6_mult,375_0,63,376,376,0,0,44,38,164,8b7e4d4c844867f8b89c49228c3c7f004a2d49edb4ed0c7eeb4d41cdb9d39cad
gf2^6_mult,375_0,64,376,376,0,0,43,4385,165,ea60ba217eacd4cedcbdc32d1d7f0589d3edf5b22f589fb2424ee049fb1120c0
gf2^6_mult,375_0,65,376,376,0,0,34,4349,165,b180d2ccaff232a71db50b8968546d63f355dbc9859dcfa29534facdf5419e8f
gf2^6_mult,375_0,66,376,378,2,-2,53,42,168,6528c4fe2c740a9be75924ca48b7a26345e9e01fa5c2866922a5ea180279aff2
gf2^6_mult,375_0,67,378,376,-2,2,51,43,170,f02b4998e398bcbf7c2ee56d92d1a72810f4ae9c9bc5a0f03c229b2d4c11b7bd
gf2^6_mult,375_0,68,376,378,2,-2,53,42,168,6528c4fe2c740a9be75924ca48b7a26345e9e01fa5c2866922a5ea180279aff2
gf2^6_mult,375_0,69,378,376,-2,2,51,41,170,f02b4998e398bcbf7c2ee56d92d1a72810f4ae9c9bc5a0f03c229b2d4c11b7bd
gf2^6_mult,375_0,70,376,377,1,-1,32,822,168,6528c4fe2c740a9be75924ca48b7a26345e9e01fa5c2866922a5ea180279aff2
gf2^6_mult,375_0,71,377,377,0,0,53,4409,170,27f7018f7789486c832b29417c5a1bd8f7580c636533e47384a9967ff8ef5fe5
gf2^6_mult,375_0,72,377,376,-1,1,49,817,169,b47614f79d0603f38c6e2857e066dd8ca6354209873f89132f9857743afbe2ac
gf2^6_mult,375_0,73,376,376,0,0,52,4382,168,6528c4fe2c740a9be75924ca48b7a26345e9e01fa5c2866922a5ea180279aff2
gf2^6_mult,375_0,74,376,376,0,0,38,4382,165,b180d2ccaff232a71db50b8968546d63f355dbc9859dcfa29534facdf5419e8f
gf2^6_mult,375_0,75,376,376,0,0,57,4373,165,ea60ba217eacd4cedcbdc32d1d7f0589d3edf5b22f589fb2424ee049fb1120c0
gf2^6_mult,375_0,76,376,376,0,0,33,4385,165,15f29d06a887b8e326d5d95e13d20ec4b3174cdb9a4397fd6e3aee838a091208
gf2^6_mult,375_0,77,376,376,0,0,53,4370,166,19baaf28f68cf21e812ddffa1a712aafef839f228cab46c2a94ed1d059fc0e67
gf2^6_mult,375_0,78,376,376,0,0,71,38,165,15f29d06a887b8e326d5d95e13d20ec4b3174cdb9a4397fd6e3aee838a091208
gf2^6_mult,375_0,79,376,378,2,-2,51,42,165,3fca35464dbd7d88b5b6faec2571c554468d4e609b61f2848450f06d9feb9269
gf2^6_mult,375_0,80,378,377,-1,1,41,1575,167,63f4a7be10392c59b89e53b0643e32abb9bc730d8020c4dd3d08db5b3f3c7e9b
gf2^6_mult,375_0,81,377,377,0,0,50,4358,165,3c2266bd4b153e55c6432a82c1220d49cd07d9ad20f9fbcdb0efd5ffce8cee1d
gf2^6_mult,375_0,82,377,377,0,0,33,4346,165,ed4230866716c210fbff3fe59bd4189b6c61eacff559556ae9d49adca10fbd2e
gf2^6_mult,375_0,83,377,377,0,0,51,4385,166,56eb2fd7d3aa85e9fdcf94b77117edc9aa813ccdc9103085af062bcd740f9af4
gf2^6_mult,375_0,84,377,377,0,0,51,4373,166,a7e70046a045e4df53a93d86d76f38a0ef55fa3659412ac2fda910aba6b574c9
gf2^6_mult,375_0,85,377,377,0,0,42,4349,165,b2c37f0c12a89d5d40d5ce7014133718e4d7e42e1f06f795494732f66101627e
gf2^6_mult,375_0,86,377,377,0,0,51,4346,166,a7e70046a045e4df53a93d86d76f38a0ef55fa3659412ac2fda910aba6b574c9
gf2^6_mult,375_0,87,377,377,0,0,42,4382,165,b2c37f0c12a89d5d40d5ce7014133718e4d7e42e1f06f795494732f66101627e
gf2^6_mult,375_0,88,377,377,0,0,49,4409,166,a7e70046a045e4df53a93d86d76f38a0ef55fa3659412ac2fda910aba6b574c9
gf2^6_mult,375_0,89,377,377,0,0,51,4349,166,277a67ae66671529f13a32b72e2ce001c6fa44d6d9c4e0fa4a48e77c7f04c78a
gf2^6_mult,375_0,90,377,377,0,0,50,4373,166,c4fa3fcb571c61ec7a8ee098adda7df096dd9ea4ee01e4e9d51b6acbf0f6b80c
gf2^6_mult,375_0,91,377,377,0,0,45,4397,166,277a67ae66671529f13a32b72e2ce001c6fa44d6d9c4e0fa4a48e77c7f04c78a
gf2^6_mult,375_0,92,377,377,0,0,57,4409,166,4b5d19e3764c23dd305a0f742ae9f42b98201ebaab2d11f6f5cf4a825bcb287f
gf2^6_mult,375_0,93,377,376,-1,1,51,3418,166,277a67ae66671529f13a32b72e2ce001c6fa44d6d9c4e0fa4a48e77c7f04c78a
gf2^6_mult,375_0,94,376,377,1,-1,45,810,166,443827b6ee8bfdbff80c6f82a41b74739379ea389a8c125bf9371c8f3def9dd2
gf2^6_mult,375_0,95,377,376,-1,1,57,3430,167,7ffa49ebc474878cccf09d480935ba8ef433b31d9050e0d0e7a17d775f5c90ca
gf2^6_mult,375_0,96,376,377,1,-1,45,3429,166,443827b6ee8bfdbff80c6f82a41b74739379ea389a8c125bf9371c8f3def9dd2
gf2^6_mult,375_0,97,377,376,-1,1,49,3424,168,75b7db061175f714e7a909bd186e5e4101f4c4cdbf0f57e6f5685e8903cde0f9
gf2^6_mult,375_0,98,376,376,0,0,54,1564,166,443827b6ee8bfdbff80c6f82a41b74739379ea389a8c125bf9371c8f3def9dd2
gf2^6_mult,375_0,99,376,376,0,0,49,4409,167,9fcfcca3f8563885cae9f1e23b076548f829785cd4498913f29ab4f5e78a9412
gf2^6_mult,375_0,100,376,377,1,-1,51,816,167,d84614562f43cc5a0813f804c336d925429a4f81b882ea1187e27a6f14dd9b7c
gf2^6_mult,375_0,101,377,376,-1,1,48,817,168,9502c069551d7fc25c97e0c4394d492d625c44c08c451536da655e9036c0f237
gf2^6_mult,375_0,102,376,377,1,-1,51,808,167,d84614562f43cc5a0813f804c336d925429a4f81b882ea1187e27a6f14dd9b7c
gf2^6_mult,375_0,103,377,377,0,0,57,4370,167,3fc8d04911f12ad225d14a66aa4c37ce97189455874130031373c9633eb09005
gf2^6_mult,375_0,104,377,377,0,0,53,1565,167,8f78c808004c204f58d1cf2d36e49da2573051b3b02c424710195c797e67dc56
gf2^6_mult,375_0,105,377,376,-1,1,52,823,166,442d77eda87ee00624a542ecef44cd9ec45b128429c379937e31d5e0f8dbeb9d
gf2^6_mult,375_0,106,376,377,1,-1,54,3422,166,6b1d5e545cfd78abba2b5e3b9f4c8ca633e90117538e884f959e0546e62adad3
gf2^6_mult,375_0,107,377,376,-1,1,51,3424,166,f7d36bb43a6ee33a49f77dee5dfee625726b7273965ab540ed6d076051cbd1c9
gf2^6_mult,375_0,108,376,376,0,0,54,1564,166,6b1d5e545cfd78abba2b5e3b9f4c8ca633e90117538e884f959e0546e62adad3
gf2^6_mult,375_0,109,376,376,0,0,54,1565,167,d84614562f43cc5a0813f804c336d925429a4f81b882ea1187e27a6f14dd9b7c
gf2^6_mult,375_0,110,376,376,0,0,45,4385,166,6b1d5e545cfd78abba2b5e3b9f4c8ca633e90117538e884f959e0546e62adad3
gf2^6_mult,375_0,111,376,377,1,-1,49,3422,166,cc389889feaff0a20c4dbe7ce24b1816ad6e24360d0dd5c9d55b94c19d9cfb2f
gf2^6_mult,375_0,112,377,376,-1,1,54,3424,168,19242f4e705560a166ede9911f3986036c893171a136c98d3eeff4d4e6671bbd
gf2^6_mult,375_0,113,376,377,1,-1,53,808,166,cc389889feaff0a20c4dbe7ce24b1816ad6e24360d0dd5c9d55b94c19d9cfb2f
gf2^6_mult,375_0,114,377,377,0,0,52,4385,165,74d099cc1f8fad1dbfe09985f3f958c95d3c7b60c7fcfb4f9dbba692e224b534
gf2^6_mult,375_0,115,377,377,0,0,43,4370,164,abffe9e5bd6ffcef569ca05a34932c3ff9123a4565d7d7ffae898a5ada80ccf7
gf2^6_mult,375_0,116,377,377,0,0,39,4382,164,9d4e9344d59e9655a7715237c2c956c3ae43021421937e1ff6091044fae8f1f6
gf2^6_mult,375_0,117,377,378,1,-1,40,4387,164,abffe9e5bd6ffcef569ca05a34932c3ff9123a4565d7d7ffae898a5ada80ccf7
gf2^6_mult,375_0,118,378,377,-1,1,45,4355,164,322cdf989ebf67b688c95fb7cf3b8ddcfd3e11232cd147b9da6ee79bd77d538f
gf2^6_mult,375_0,119,377,377,0,0,40,4385,164,a024d935edf9aa5805e8b1d6a4a9e664ba8b58dedf6a5c1a665df34b8dbb265e
gf2^6_mult,375_0,120,377,376,-1,1,43,823,164,833c68e8b565b8fe539d471f2b57ae5bf7cb61b66ce0ea325502ea6df303e1fb
gf2^6_mult,375_0,121,376,376,0,0,54,120,165,b75a246ad7332f950c4761e4046608f3a7cbb1532a2380a8bfa6f244662460d0
gf2^6_mult,375_0,122,376,376,0,0,61,1593,165,452caabb3f77926480af34e696108d8b7395f02ccfe0ec7a58276f5b924f9cc1
gf2^6_mult,375_0,123,376,376,0,0,53,4373,167,9b567da4f960d53a8ed890e37bfb557b558ee3650e4417d44976894b045cc16b
gf2^6_mult,375_0,124,376,377,1,-1,63,816,167,0ccf9e13cb7c3ff0a661bee20cb8bc2088021f3dade14a5aecd3cfad42a5459c
gf2^6_mult,375_0,125,377,376,-1,1,50,3420,167,e3db03821bef779820de3a31263405c82d92c8bbc90dd82410182022fee0be97
gf2^6_mult,375_0,126,376,377,1,-1,63,822,167,0ccf9e13cb7c3ff0a661bee20cb8bc2088021f3dade14a5aecd3cfad42a5459c
gf2^6_mult,375_0,127,377,376,-1,1,50,823,166,855e1aed2e667cdd7daa650d4f80806c81bb36529c7ed09bb31fd0e1c4b67af9
gf2^6_mult,375_0,128,376,376,0,0,45,4361,167,0ccf9e13cb7c3ff0a661bee20cb8bc2088021f3dade14a5aecd3cfad42a5459c
gf2^6_mult,375_0,129,376,377,1,-1,63,3416,168,c44d5bf836929f486465be1b08486f8b45ac124cce9321f263d3ff868c034d96
gf2^6_mult,375_0,130,377,376,-1,1,54,815,168,9a7b33e62d532b83a36d5f00a64f02fe8403eea2776195ccc5391f67e0d49a66
gf2^6_mult,375_0,131,376,377,1,-1,63,3435,168,c44d5bf836929f486465be1b08486f8b45ac124cce9321f263d3ff868c034d96
gf2^6_mult,375_0,132,377,377,0,0,51,121,168,1ae5c5a6b7263f2db245ac66574cb84845fad501087c983572158a210fd11008
gf2^6_mult,375_0,133,377,377,0,0,51,120,168,ed9c990cbdbcd9582a0df8506d10885cef5e98db72a7f0480d65024aabcbdfe5
gf2^6_mult,375_0,134,377,377,0,0,51,121,168,1ae5c5a6b7263f2db245ac66574cb84845fad501087c983572158a210fd11008
gf2^6_mult,375_0,135,377,377,0,0,51,120,168,ed9c990cbdbcd9582a0df8506d10885cef5e98db72a7f0480d65024aabcbdfe5
gf2^6_mult,375_0,136,377,377,0,0,51,121,168,1ae5c5a6b7263f2db245ac66574cb84845fad501087c983572158a210fd11008
gf2^6_mult,375_0,137,377,379,2,-2,51,42,168,ed9c990cbdbcd9582a0df8506d10885cef5e98db72a7f0480d65024aabcbdfe5
gf2^6_mult,375_0,138,379,377,-2,2,49,43,170,bfd474b14bfbdd99529c18fdee4ab5c2f759611619c2b013f2549b10f5789f65
gf2^6_mult,375_0,139,377,377,0,0,50,1496,168,ed9c990cbdbcd9582a0df8506d10885cef5e98db72a7f0480d65024aabcbdfe5
gf2^6_mult,375_0,140,377,377,0,0,44,4349,167,256a9736d8c5d198c4a1502c5d02b6a1c65d2057cb215fc25d2b798e215831f4
gf2^6_mult,375_0,141,377,377,0,0,53,1497,167,7202ca5d83eeb4231ec7e9c38956db28c0b2f1be5773fa6c328b6daa021e58ce
gf2^6_mult,375_0,142,377,377,0,0,51,120,168,7864b25d4c87cba3c8068fb526da34b7fb81b7d77002f308561d78649e51c9da
gf2^6_mult,375_0,143,377,377,0,0,47,4373,168,3aeb33fda83cf6935033d51fb28ac7611c2ba693353241eeda999246d2ea32cc
gf2^6_mult,375_0,144,377,377,0,0,55,4346,169,493ed0a8fee7aa9ec92e6b9aa88b15cc8b60670254e15486eff480c2ea7cea23
gf2^6_mult,375_0,145,377,377,0,0,47,4346,168,3aeb33fda83cf6935033d51fb28ac7611c2ba693353241eeda999246d2ea32cc
gf2^6_mult,375_0,146,377,377,0,0,55,4385,169,493ed0a8fee7aa9ec92e6b9aa88b15cc8b60670254e15486eff480c2ea7cea23
gf2^6_mult,375_0,147,377,377,0,0,47,4349,168,3aeb33fda83cf6935033d51fb28ac7611c2ba693353241eeda999246d2ea32cc
gf2^6_mult,375_0,148,377,377,0,0,55,3842,169,493ed0a8fee7aa9ec92e6b9aa88b15cc8b60670254e15486eff480c2ea7cea23
gf2^6_mult,375_0,149,377,377,0,0,51,120,168,7864b25d4c87cba3c8068fb526da34b7fb81b7d77002f308561d78649e51c9da
gf2^6_mult,375_0,150,377,377,0,0,47,4385,168,3aeb33fda83cf6935033d51fb28ac7611c2ba693353241eeda999246d2ea32cc
gf2^6_mult,375_0,151,377,377,0,0,55,4385,169,493ed0a8fee7aa9ec92e6b9aa88b15cc8b60670254e15486eff480c2ea7cea23
gf2^6_mult,375_0,152,377,377,0,0,47,4349,168,3aeb33fda83cf6935033d51fb28ac7611c2ba693353241eeda999246d2ea32cc
gf2^6_mult,375_0,153,377,376,-1,1,48,817,169,493ed0a8fee7aa9ec92e6b9aa88b15cc8b60670254e15486eff480c2ea7cea23
gf2^6_mult,375_0,154,376,376,0,0,68,4349,169,31831b9fea33f01fe9029ba2b0069357f8474b91ce8d78300fc279772cc93255
gf2^6_mult,375_0,155,376,376,0,0,97,39,169,93664b24b33bc08f34ede38c8afd215ef505bf64abe7f3f2a7183ecf4fa13ef6
gf2^6_mult,375_0,156,376,377,1,-1,53,3416,169,d3b771fde1f0bf75ce8b1c6782fa06e40c994817a51e68e1fde53afb28832569
gf2^6_mult,375_0,157,377,376,-1,1,62,3418,168,4b340998cfc9ace499990f26aa99cf2f44b4d00af5a0583d642e21e9dc782878
gf2^6_mult,375_0,158,376,378,2,-2,60,42,169,d3b771fde1f0bf75ce8b1c6782fa06e40c994817a51e68e1fde53afb28832569
gf2^6_mult,375_0,159,378,376,-2,2,60,41,171,afb7c54e534b243ba3e89577ae57dd5ecf3ec17246c6d00b31062636fe77a891
gf2^6_mult,375_0,160,376,376,0,0,58,4385,169,d3b771fde1f0bf75ce8b1c6782fa06e40c994817a51e68e1fde53afb28832569
gf2^6_mult,375_0,161,376,376,0,0,44,340,168,13fae9ce3fb002ccd00a4d52581bac8aec0936f75c26c6569e6d90617b6d9f14
gf2^6_mult,375_0,162,376,377,1,-1,63,3417,168,42160a29036d228410d764cbf88b5e8a0fca9b57c5b0e515477d9b850e076642
gf2^6_mult,375_0,163,377,376,-1,1,50,3420,168,2f8097aab9399276129238083a1c1df60c60af069533307da5390ec8b1250f8c
gf2^6_mult,375_0,164,376,378,2,-2,43,42,168,42160a29036d228410d764cbf88b5e8a0fca9b57c5b0e515477d9b850e076642
gf2^6_mult,375_0,165,378,376,-2,2,43,43,168,1366f762a60655f3307bcf10d975b82f5cff6107c787281d6cb357be7a233e9d
gf2^6_mult,375_0,166,376,377,1,-1,63,816,168,42160a29036d228410d764cbf88b5e8a0fca9b57c5b0e515477d9b850e076642
gf2^6_mult,375_0,167,377,376,-1,1,50,817,168,2f8097aab9399276129238083a1c1df60c60af069533307da5390ec8b1250f8c
gf2^6_mult,375_0,168,376,376,0,0,72,38,168,42160a29036d228410d764cbf88b5e8a0fca9b57c5b0e515477d9b850e076642
gf2^6_mult,375_0,169,376,376,0,0,60,4349,168,914e150a5bfe16d7dcf2a66648e796374fdfe0ca703ecb820a05cd32b9a04e28
gf2^6_mult,375_0,170,376,377,1,-1,53,816,168,5f86b97a10b65432a611c7fade5e21b0492642ffdc593be8836a09f9e326e3a8
gf2^6_mult,375_0,171,377,376,-1,1,62,817,169,f9d0798d0085b8f3cb12e8ee993bd7d8a8cfa0e1082bea14e9b4223cebe4a5a1
gf2^6_mult,375_0,172,376,377,1,-1,53,808,168,5f86b97a10b65432a611c7fade5e21b0492642ffdc593be8836a09f9e326e3a8
gf2^6_mult,375_0,173,377,376,-1,1,62,823,168,4aefd173edfc18d16648744f6c397ac73ccb36e336b6ce4adef2c2ad067a744a
gf2^6_mult,375_0,174,376,376,0,0,61,1497,168,5f86b97a10b65432a611c7fade5e21b0492642ffdc593be8836a09f9e326e3a8
gf2^6_mult,375_0,175,376,377,1,-1,57,3417,165,d95d96f8ac16dcd8a1989315e76681c283890b043c8e2fc35b39b3f384363203
gf2^6_mult,375_0,176,377,376,-1,1,52,3420,165,0e14060d81566ac7ba4b5047356d22dadb79932746fb1a3bcfa3167fbd41a0eb
gf2^6_mult,375_0,177,376,378,2,-2,48,42,165,d95d96f8ac16dcd8a1989315e76681c283890b043c8e2fc35b39b3f384363203
gf2^6_mult,375_0,178,378,376,-2,2,48,43,165,db818e7a8d2a363614e5f880c8dca0e727273cd6b5d39d1183fab02736361281
gf2^6_mult,375_0,179,376,376,0,0,63,4409,165,d95d96f8ac16dcd8a1989315e76681c283890b043c8e2fc35b39b3f384363203
gf2^6_mult,375_0,180,376,375,-1,1,48,815,165,b6f966ab2f4bcbef0b50e2b681c876ca17379d1941cd30d58742e8470847deed
gf2^6_mult,376_0,0,379,380,1,-1,91,3428,157,24a7459e35f2032f2405b83790b85ec81e299ef98d2f7e305731c2c94c27afb1
gf2^6_mult,376_0,1,380,380,0,0,73,4370,159,29d3d8c8e8bbb2ec2d8e874a136fb92a3062778cb1ecab6362beb0dde87b8659
gf2^6_mult,376_0,2,380,380,0,0,80,4373,159,da0a369270cbb13422bb3fe0bda2e71e53aa880ae52be2de27a2ddd1e7e1a503
gf2^6_mult,376_0,3,380,380,0,0,101,4397,159,29d3d8c8e8bbb2ec2d8e874a136fb92a3062778cb1ecab6362beb0dde87b8659
gf2^6_mult,376_0,4,380,381,1,-1,83,3566,158,20c31d5d301dd5f2ba58d17fba62059cb4f1b24c19fd325bf2e7904dae60a0ce
gf2^6_mult,376_0,5,381,380,-1,1,80,945,160,161d158bb747a9078e52c58a3be89961363774f36112fc20b70c9a5a9c015e01
gf2^6_mult,376_0,6,380,380,0,0,71,4346,158,20c31d5d301dd5f2ba58d17fba62059cb4f1b24c19fd325bf2e7904dae60a0ce
gf2^6_mult,376_0,7,380,381,1,-1,48,1482,159,65d7f6ad6c17815b75ec7e0a43daf94ff93d0f080beb0ff94f4d341b55907ddf
gf2^6_mult,376_0,8,381,380,-1,1,50,941,160,a0dcf872eda5bb39400fd7ab8303e4e3b9bdfdf67a1c5bd1990427236e3afbf1
gf2^6_mult,376_0,9,380,382,2,-2,46,42,159,0f3ca39d37188d0f6f46b872224475f2d1d8ac60d586383409504c2e8b7e4d1a
gf2^6_mult,376_0,10,382,380,-2,2,44,41,161,f4a85c65517776c2f38bd8110e232a2e063fe8cf76825ad40dfff9da98761530
gf2^6_mult,376_0,11,380,381,1,-1,94,3423,159,0f3ca39d37188d0f6f46b872224475f2d1d8ac60d586383409504c2e8b7e4d1a
gf2^6_mult,376_0,12,381,381,0,0,91,4370,159,49801532b93634f6026cc4fb5516c6cb41ffa15dadda38a6fbb51f7c169529c2
gf2^6_mult,376_0,13,381,381,0,0,91,4385,159,abfc15596867384dce94f1acb0be4afdf1cf08d7d2921021c88ceb3ec268a419
gf2^6_mult,376_0,14,381,381,0,0,70,4358,159,49801532b93634f6026cc4fb5516c6cb41ffa15dadda38a6fbb51f7c169529c2
gf2^6_mult,376_0,15,381,381,0,0,78,4382,159,d7fcec0d68b715b1598c35e911f0efa4c357dd871be690adc943663b878ae919
gf2^6_mult,376_0,16,381,381,0,0,87,45,159,5fee6d511c0bee1e8cc3be9ad70337d1bcb1d3dc74a96ddeef124fbd4f6bf3c1
gf2^6_mult,376_0,17,381,381,0,0,90,4358,159,d3a2d5033bbd9083f1a1e8989128201f595f1c7958f46f296f244d8939bd3027
gf2^6_mult,376_0,18,381,381,0,0,45,4397,159,3e06b1d346d5b9bf5c85465ade9c78be4741a6e2dbaab472a6733a7a58e46939
gf2^6_mult,376_0,19,381,382,1,-1,73,3422,158,ef8336d8fd0982f84434f4e96660a240ddd23356f1a1b1e3a6055979da4cdf66
gf2^6_mult,376_0,20,382,381,-1,1,67,3424,158,6d147be2bfa5e216c65f3b376713c65f136652a7a80a19094c4b8e361900f410
gf2^6_mult,376_0,21,381,381,0,0,95,4361,158,ef8336d8fd0982f84434f4e96660a240ddd23356f1a1b1e3a6055979da4cdf66
gf2^6_mult,376_0,22,381,381,0,0,82,39,158,da046c8a283ae389c229fca393df7b3f42b73a3992a39a4a1923a2ba9834cc5c
gf2^6_mult,376_0,23,381,381,0,0,55,4409,158,f56406c7316532424a882d4aecf9bc655ded865fb80b8e62b4ac4a00a99b27ca
gf2^6_mult,376_0,24,381,381,0,0,46,38,158,1d66964eae7d8fbd81a421eb10bee79a23d0476d8775a66bbfb23227cbdd61eb
gf2^6_mult,376_0,25,381,382,1,-1,68,1482,158,2b8a00c9c0da0b9a91e033fc094996a0a2862f290339f82dd7e4c6abf7fbf7e6
gf2^6_mult,376_0,26,382,382,0,0,81,39,159,fc6bb33cb1dbc501bd938f614c7d63b541ccb7e3ea5d2a69f986502dd9c4337d
gf2^6_mult,376_0,27,382,381,-1,1,85,941,159,e712ac55afc4ca4ac7bda89d39031de112768334fc138e1be65e8a3ba73f41a6
gf2^6_mult,376_0,28,381,381,0,0,48,38,157,002c305919ebbc8edbc851bb0cce162b7160420555e5aadb2c48988ca5e55dd2
gf2^6_mult,376_0,29,381,381,0,0,72,4382,157,40f238a3bca808e6c02e1c283aba2521ffa83f7041eefb5cfd084f425db7759e
gf2^6_mult,376_0,30,381,381,0,0,45,4397,157,e7feadcee6d25d1483e9badd9ff025388756eebb2471c09f04cff33d434a8fb7
gf2^6_mult,376_0,31,381,383,2,-2,49,42,157,8e62258031500eb46953d7e357a476456dcc637b517d3114bc61793c51c86667
gf2^6_mult,376_0,32,383,381,-2,2,48,41,157,07d6193c4e3955aab6cd3e82846b3f1788a12f5bb582b7604c3e8e9b39f00bdd
gf2^6_mult,376_0,33,381,382,1,-1,63,1482,157,8e62258031500eb46953d7e357a476456dcc637b517d3114bc61793c51c86667
gf2^6_mult,376_0,34,382,381,-1,1,85,3568,160,5166fab7271fe55532144d41dfd3e7f47d1b76c8490a29e5f5b593b94f2ddfea
gf2^6_mult,376_0,35,381,381,0,0,73,44,159,2ea5281a494e1656a7a13289f6888023ca17cd66df915202f69c6158498dc58a
gf2^6_mult,376_0,36,381,381,0,0,68,4370,159,9fa9249afd9959dfd5e96a120d1c7d7bfc35c60ecb2a99e1129012682ae1a3bc
gf2^6_mult,376_0,37,381,381,0,0,63,4397,159,3c76aab691967a40a921085e2a94bf6f55c0b225c0e2f04ba41b246a1bd4c926
gf2^6_mult,376_0,38,381,382,1,-1,49,3566,159,fc429627af5b209f0a4f596fb260caf5e37a60caa6cfb4ebfef0adc9ecbdd78d
gf2^6_mult,376_0,39,382,381,-1,1,61,1483,159,44101dea1dbe91a8d125960f750dea6ac46c798aeb7644714dafe9aeac9c28f1
gf2^6_mult,376_0,40,381,381,0,0,55,4397,159,0a58e4ca246c0efd982b049dceaabfe6def3e039c6faf9575b398ea9d6420e23
gf2^6_mult,376_0,41,381,381,0,0,69,38,159,0e4026b6600a609a52ab19377911f8fbd9fd855b75f3080bff2b277b02fa8dda
gf2^6_mult,376_0,42,381,381,0,0,82,4349,158,09c7c6e3ba82109df3f16920d75a0a4050ce76a9b6d1a6ee97d57c578e8f2828
gf2^6_mult,376_0,43,381,381,0,0,119,4385,158,d89fc00363c440fca4f87d79dd24baaffb4b34d229e2d8739c53dded9e642751
gf2^6_mult,376_0,44,381,381,0,0,48,44,158,3311725f54b479908569ceeb3fb759b5dffef83402b09402bbcbc336ab780cfa
gf2^6_mult,376_0,45,381,381,0,0,91,4385,158,28d24770872690828f4e0c38d9055b2c410511b397854b3df8ecd2d0a5c0e410
gf2^6_mult,376_0,46,381,380,-1,1,78,3432,158,aecd57cf9b0450078ad6de299be31857b5818dd3f5d8cdc6fb0d6edd07ab4a25
gf2^6_mult,376_0,47,380,381,1,-1,82,944,157,7282b04405e35d6e49613d0aaef0d14e6835a30354960671d105eb38473d767c
gf2^6_mult,376_0,48,381,380,-1,1,74,941,159,f50f686b290230d2250bc9d577935bfe638854dfb0b5d9811f6e8b6d278aeda0
gf2^6_mult,376_0,49,380,381,1,-1,48,3566,157,7282b04405e35d6e49613d0aaef0d14e6835a30354960671d105eb38473d767c
gf2^6_mult,376_0,50,381,380,-1,1,39,3568,159,9882df104145c9fb2870e8c9d12994b4527d60ad9ae160dc32914cc22c6fa7c9
gf2^6_mult,376_0,51,380,382,2,-2,59,42,157,7282b04405e35d6e49613d0aaef0d14e6835a30354960671d105eb38473d767c
gf2^6_mult,376_0,52,382,380,-2,2,54,41,157,967832e2948fbbf49257fe63197faa8b85a258f519afc44ec12976d28a1a42e2
gf2^6_mult,376_0,53,380,380,0,0,50,39,157,7282b04405e35d6e49613d0aaef0d14e6835a30354960671d105eb38473d767c
gf2^6_mult,376_0,54,380,380,0,0,49,38,157,a8c1581b87d720140700bb90e61b757606ef165d597590aa3f7a3377a3d0ea59
gf2^6_mult,376_0,55,380,380,0,0,50,39,157,7282b04405e35d6e49613d0aaef0d14e6835a30354960671d105eb38473d767c
gf2^6_mult,376_0,56,380,380,0,0,49,38,157,a8c1581b87d720140700bb90e61b757606ef165d597590aa3f7a3377a3d0ea59
gf2^6_mult,376_0,57,380,380,0,0,74,4349,157,7282b04405e35d6e49613d0aaef0d14e6835a30354960671d105eb38473d767c
gf2^6_mult,376_0,58,380,381,1,-1,42,3416,157,44fc62cf1c051388bb920fcb8e35eba8ca733d0478542b491dc339cf641047aa
gf2^6_mult,376_0,59,381,383,2,-2,108,132,159,e247f75d8fa9cf2d9182beafd63fed424f733d0f435f33897260e73038032e4b
gf2^6_mult,376_0,60,383,381,-2,2,126,133,161,33836ff6a69264c2e94df4425bb8f534e51b6d9c9639558eb282a7c905758942
gf2^6_mult,376_0,61,381,383,2,-2,22,40,159,e247f75d8fa9cf2d9182beafd63fed424f733d0f435f33897260e73038032e4b
gf2^6_mult,376_0,62,383,381,-2,2,20,41,161,2b286babd6d2b4324043fb239bca592fb4dcd71d7bbbe762608226986ea3c081
gf2^6_mult,376_0,63,381,380,-1,1,62,815,159,e247f75d8fa9cf2d9182beafd63fed424f733d0f435f33897260e73038032e4b
gf2^6_mult,376_0,64,380,380,0,0,107,4394,157,44fc62cf1c051388bb920fcb8e35eba8ca733d0478542b491dc339cf641047aa
gf2^6_mult,376_0,65,380,379,-1,1,49,817,157,3e535d4abee85440cdf648f2606b254b12e6accfb1c2a1dc3e88d49e8f53da45
gf2^6_mult,376_0,66,379,381,2,-2,51,40,157,7344d579cb242d59e269ab9c12a359f5e56bb01d334b1c4748fb1f1932f7bfef
gf2^6_mult,376_0,67,381,379,-2,2,50,41,159,14328b063bdf9c33bf6aa163db4a7677afd3507853bbff462ba224ca1231ab6d
gf2^6_mult,376_0,68,379,379,0,0,36,44,157,7344d579cb242d59e269ab9c12a359f5e56bb01d334b1c4748fb1f1932f7bfef
gf2^6_mult,376_0,69,379,381,2,-2,45,42,157,acaa232125b7292802e28deff54e6161bb17613c9c6b7b765cfdf6972a683d08
gf2^6_mult,376_0,70,381,379,-2,2,45,41,157,cca8984feaa67d3fb83eef09242937d6fc9e8ddeec88d5ff014461cc125521b4
gf2^6_mult,376_0,71,379,381,2,-2,79,36,157,acaa232125b7292802e28deff54e6161bb17613c9c6b7b765cfdf6972a683d08
gf2^6_mult,376_0,72,381,379,-2,2,90,37,159,0edc96042e0335091ee954e1d9c7fa937284d02420dc7ce4ebe40d4bdfd84620
gf2^6_mult,376_0,73,379,379,0,0,22,4409,157,acaa232125b7292802e28deff54e6161bb17613c9c6b7b765cfdf6972a683d08
gf2^6_mult,376_0,74,379,380,1,-1,45,944,155,ad1ac20867dbf64a5c919126e290a95647d88f61dcb2c1f824d2c8c088d83986
gf2^6_mult,376_0,75,380,379,-1,1,61,941,155,0d50b8dd10f31ae16d61de11f8634f1df86ebe83125b68e0d9980a52a43ee3ab
gf2^6_mult,376_0,76,379,379,0,0,64,1593,155,ad1ac20867dbf64a5c919126e290a95647d88f61dcb2c1f824d2c8c088d83986
gf2^6_mult,376_0,77,379,379,0,0,41,4358,157,a1e120031c45e71277ac064aac3a863e77d11f8fef58ad06dbe10ddbe4e29da8
gf2^6_mult,376_0,78,379,378,-1,1,67,943,157,daac5d249028fc6d55315c221758268a80f7ded7c6a81123e73974f12d23e9c4
gf2^6_mult,376_0,79,378,378,0,0,49,1535,157,1a312732c2c326902656973ad56d0987472e59521febf4f55e838fee9936586e
gf2^6_mult,376_0,80,378,380,2,-2,72,42,157,5c37ccef38c2c7c6cee48fe766b9c03d475f7afd31d1165b02f1935666c52d3a
gf2^6_mult,376_0,81,380,378,-2,2,71,41,160,299e455a21911d5d715cf67e940b971994d9175704a547ba1d6384b4faa53061
gf2^6_mult,376_0,82,378,380,2,-2,100,36,157,5c37ccef38c2c7c6cee48fe766b9c03d475f7afd31d1165b02f1935666c52d3a
gf2^6_mult,376_0,83,380,378,-2,2,121,37,159,d4b7832803124bac507af4dbfcff6418d796e10f722eab0127f247bbdfe9e4d0
gf2^6_mult,376_0,84,378,379,1,-1,41,1482,157,5c37ccef38c2c7c6cee48fe766b9c03d475f7afd31d1165b02f1935666c52d3a
gf2^6_mult,376_0,85,379,379,0,0,63,1496,159,807578010dee60f49fd14cf1498d773e35cb4b4758ec842702b97680f160d226
gf2^6_mult,376_0,86,379,378,-1,1,44,941,159,ac26abebb88b3457166922ac31f2933d9b9f625fc0e220b345fee5be85b64f5e
gf2^6_mult,376_0,87,378,378,0,0,48,4358,157,a7e02638ca4258aedb4aeaec2fa682857856773db9d2be3f97c34caf6e6a62d8
gf2^6_mult,376_0,88,378,378,0,0,52,1497,157,61627647248d813b59afe92bdf2b1a15d9d6c7817869f27c469c1c39249b3ee1
gf2^6_mult,376_0,89,378,379,1,-1,59,3416,157,96d1441b659b72e4c86d25dcb76158cd19fef2cfbb0e044cce72e60209433e13
gf2^6_mult,376_0,90,379,379,0,0,48,44,157,da518344a6e4cad71d70bd10320c63d6bf2b171eecdc9fa4fce0856cc2367ce8
gf2^6_mult,376_0,91,379,378,-1,1,65,819,158,ccabb981a2105c3baf1b9ba3597b9804c5a8af57d5afef575862c87b1c836956
gf2^6_mult,376_0,92,378,378,0,0,52,4349,158,1fbd98542dd18008d2f5e48576a8a6dd10f4dd225a4909f0990c00db357566ee
gf2^6_mult,376_0,93,378,378,0,0,91,4409,157,0b0f76f4c1979ce5f1fbe76e369f5ec64acd66bef6661e939731e293f580e7c4
gf2^6_mult,376_0,94,378,378,0,0,57,4385,157,3a1c95b858895dc067cd5682aaee6af79e33ffe73a2ccc2e9fc822db2c3eedb5
gf2^6_mult,376_0,95,378,379,1,-1,36,940,158,42cad7a686013399224f0a88eee09169e4cde5288308725461aee200865943b0
gf2^6_mult,376_0,96,379,379,0,0,42,39,159,de5372dc019b3a91a85fd6f2f84127fb5027a8d8154518ff90f473e4d29b8796
gf2^6_mult,376_0,97,379,379,0,0,35,38,159,779130185e3d181c5455ebb3ce8da4eec3817c4e9839403f9f8d7b611f8a4ab5
gf2^6_mult,376_0,98,379,378,-1,1,42,3568,159,de5372dc019b3a91a85fd6f2f84127fb5027a8d8154518ff90f473e4d29b8796
gf2^6_mult,376_0,99,378,378,0,0,63,4409,158,42cad7a686013399224f0a88eee09169e4cde5288308725461aee200865943b0
gf2^6_mult,376_0,100,378,378,0,0,64,4370,158,24110757b3c42323c718683aee0a49915c47261e2043b553ffacd446c14c1e56
gf2^6_mult,376_0,101,378,378,0,0,76,4409,157,7cd6bdf42ce5e231c20e88155ce332c986697d4e4c220ae161d5fb5060d507aa
gf2^6_mult,376_0,102,378,376,-2,2,92,4664,157,df22420599c340b74a8973f8b4a10bd769ead2f76ebf00fcd0e802a2728a5e94
gf2^6_mult,377_2,0,379,381,2,-2,62,36,163,2d7a9ad90e3e3088fc0190b177edc74c1a0a8ade6959eb0736c748bf93c89a00
gf2^6_mult,377_2,1,381,379,-2,2,73,37,165,5eafbec64b9e9cc8de81fcd5afbe2c5992aae43c4979bb74648b62d157ec191f
gf2^6_mult,377_2,2,379,380,1,-1,96,810,163,2d7a9ad90e3e3088fc0190b177edc74c1a0a8ade6959eb0736c748bf93c89a00
gf2^6_mult,377_2,3,380,380,0,0,94,4382,163,a2fbd4eb14699341b294a750cfb9c0960f54f6b565fd3a6e79bd8f9296aafcb9
gf2^6_mult,377_2,4,380,380,0,0,94,4349,163,bc9019329bc4495f8ef2ac533c135a2c57edd2d4e09d0fc4286d8051777d87e2
gf2^6_mult,377_2,5,380,380,0,0,94,4385,163,a2fbd4eb14699341b294a750cfb9c0960f54f6b565fd3a6e79bd8f9296aafcb9
gf2^6_mult,377_2,6,380,381,1,-1,94,956,163,bc9019329bc4495f8ef2ac533c135a2c57edd2d4e09d0fc4286d8051777d87e2
gf2^6_mult,377_2,7,381,380,-1,1,83,3424,165,bf04b2565d9e504471c1cf3ff9da424ac2e2a781035b03b638ebe455afca4644
gf2^6_mult,377_2,8,380,380,0,0,63,4358,163,4c9aa2141d1ba5b6b6386a45e14e8749f8032a538d20feb969143a923563f1d0
gf2^6_mult,377_2,9,380,380,0,0,39,1535,159,f8716bc873e493852f779d4f15b4ab26991c615cef0b8c71c96222234e0ae286
gf2^6_mult,377_2,10,380,380,0,0,93,4382,159,30cb572350fe2d67fb28ef9c13cd784bd98303ae1878a93f9d13a7e9ba0123f7
gf2^6_mult,377_2,11,380,380,0,0,81,38,159,7450e0ed8c191caf7fcb41f5b7e41f1b15306e61f611c077cd126d6dde14803d
gf2^6_mult,377_2,12,380,380,0,0,93,4382,159,3e344b3b957636d239800181e64667c724593471722da744cd10645c7eecc42a
gf2^6_mult,377_2,13,380,380,0,0,93,4349,159,6523409ce54a6c03ca6a29f87bf13f190f1253100376ee670eb9ed95923b7596
gf2^6_mult,377_2,14,380,380,0,0,93,4346,159,3e344b3b957636d239800181e64667c724593471722da744cd10645c7eecc42a
gf2^6_mult,377_2,15,380,380,0,0,93,4358,159,6523409ce54a6c03ca6a29f87bf13f190f1253100376ee670eb9ed95923b7596
gf2^6_mult,377_2,16,380,380,0,0,81,4394,159,3212b3516db366b4552a520738ad34217121cba05d1f9e596fd3c8817d55d044
gf2^6_mult,377_2,17,380,380,0,0,93,39,159,6523409ce54a6c03ca6a29f87bf13f190f1253100376ee670eb9ed95923b7596
gf2^6_mult,377_2,18,380,380,0,0,64,4409,159,30cb572350fe2d67fb28ef9c13cd784bd98303ae1878a93f9d13a7e9ba0123f7
gf2^6_mult,377_2,19,380,380,0,0,75,4397,159,0086d6c8c64d3ee02066a4bd0de982c23c025c3940499a392acdaf50d7bc5f21
gf2^6_mult,377_2,20,380,380,0,0,90,4346,156,c29c40e54c209b126874c9cf7fe4e52978d1e0e340745be23fd04ce3ff81ff47
gf2^6_mult,377_2,21,380,380,0,0,79,4385,156,e8306a5cb6f2bd58221e168429cc97b97ab538be56ba21054c34d4342bb4a501
gf2^6_mult,377_2,22,380,380,0,0,91,4385,156,c29c40e54c209b126874c9cf7fe4e52978d1e0e340745be23fd04ce3ff81ff47
gf2^6_mult,377_2,23,380,380,0,0,93,4394,156,e8306a5cb6f2bd58221e168429cc97b97ab538be56ba21054c34d4342bb4a501
gf2^6_mult,377_2,24,380,378,-2,2,80,4664,156,3c5cdab53a65f6af74c448e86c4dc1d18c1e3f42c4f0a2ca5ae2e48bc121228a
gf2^6_mult,377_2,25,378,378,0,0,49,4370,156,6952b26a4e9d795fe982d877e4fdbc47920d9ee3a1b689831dcafb5f1b220e26
gf2^6_mult,377_2,26,378,378,0,0,57,45,156,6b7b20b4b0afc778f501c7843e9225063f0093d0390ecb663a637036da4ebef3
gf2^6_mult,377_2,27,378,378,0,0,79,45,156,a3e6256e7c9459184491776e9a23a81feb62011da1352e8b348ef857b5d32eec
gf2^6_mult,377_2,28,378,378,0,0,73,4394,156,9f749fbcf9dda5141c81e293b8270e38903fca4436bc50ee9c3a8fe3d9e58397
gf2^6_mult,377_2,29,378,378,0,0,54,1535,156,51cfee78770d8370b07cde161794b5581075b1ed17f4d42c28aa2794cc2185dd
gf2^6_mult,377_2,30,378,378,0,0,87,4409,156,48953d1bd314e368cd3cae7d6fbc729e8fdc3692baf41e9637f1e998ff9016f4
gf2^6_mult,377_2,31,378,379,1,-1,84,1608,156,65a4d6cd55cbc5b4206623e9c4ea1d87ed449a9fd3d61d7b231b31b4a7c8ec02
gf2^6_mult,377_2,32,379,378,-1,1,44,941,156,a715c02955da70d9bb78600371d1ea680e378ef4617e27661d2a681ee53f4f8b
gf2^6_mult,377_2,33,378,378,0,0,64,4406,156,faabdb6761666243e3399bfa7a35e9217d8e3d656039fe71bb86f0946e182cc5
gf2^6_mult,377_2,34,378,379,1,-1,91,3417,156,c25312905637c241876c6e5d02870b5544bb7a3725eb13a452bdbe191d3754df
gf2^6_mult,377_2,35,379,378,-1,1,70,817,156,f75f6c9b2ba64e0f22b756615d3ff2933d20c919bf5d465702688cf07c2112b7
gf2^6_mult,377_2,36,378,377,-1,1,76,817,156,5004dfbdac949c9dc367ccd026cf2069dd5d597dba28555490ef8608b4fe7af0
gf2^6_mult,378_0,0,379,380,1,-1,91,3428,157,24a7459e35f2032f2405b83790b85ec81e299ef98d2f7e305731c2c94c27afb1
gf2^6_mult,378_0,1,380,380,0,0,73,4370,159,29d3d8c8e8bbb2ec2d8e874a136fb92a3062778cb1ecab6362beb0dde87b8659
gf2^6_mult,378_0,2,380,380,0,0,80,4373,159,da0a369270cbb13422bb3fe0bda2e71e53aa880ae52be2de27a2ddd1e7e1a503
gf2^6_mult,378_0,3,380,380,0,0,101,4397,159,29d3d8c8e8bbb2ec2d8e874a136fb92a3062778cb1ecab6362beb0dde87b8659
gf2^6_mult,378_0,4,380,381,1,-1,83,3566,158,20c31d5d301dd5f2ba58d17fba62059cb4f1b24c19fd325bf2e7904dae60a0ce
gf2^6_mult,378_0,5,381,380,-1,1,80,945,160,161d158bb747a9078e52c58a3be89961363774f36112fc20b70c9a5a9c015e01
gf2^6_mult,378_0,6,380,380,0,0,71,4346,158,20c31d5d301dd5f2ba58d17fba62059cb4f1b24c19fd325bf2e7904dae60a0ce
gf2^6_mult,378_0,7,380,381,1,-1,48,1482,159,65d7f6ad6c17815b75ec7e0a43daf94ff93d0f080beb0ff94f4d341b55907ddf
gf2^6_mult,378_0,8,381,380,-1,1,50,941,160,a0dcf872eda5bb39400fd7ab8303e4e3b9bdfdf67a1c5bd1990427236e3afbf1
gf2^6_mult,378_0,9,380,382,2,-2,46,42,159,0f3ca39d37188d0f6f46b872224475f2d1d8ac60d586383409504c2e8b7e4d1a
gf2^6_mult,378_0,10,382,380,-2,2,44,41,161,f4a85c65517776c2f38bd8110e232a2e063fe8cf76825ad40dfff9da98761530
gf2^6_mult,378_0,11,380,381,1,-1,94,3423,159,0f3ca39d37188d0f6f46b872224475f2d1d8ac60d586383409504c2e8b7e4d1a
gf2^6_mult,378_0,12,381,381,0,0,91,4370,159,49801532b93634f6026cc4fb5516c6cb41ffa15dadda38a6fbb51f7c169529c2
gf2^6_mult,378_0,13,381,381,0,0,91,4385,159,abfc15596867384dce94f1acb0be4afdf1cf08d7d2921021c88ceb3ec268a419
gf2^6_mult,378_0,14,381,381,0,0,70,4358,159,49801532b93634f6026cc4fb5516c6cb41ffa15dadda38a6fbb51f7c169529c2
gf2^6_mult,378_0,15,381,381,0,0,78,4382,159,d7fcec0d68b715b1598c35e911f0efa4c357dd871be690adc943663b878ae919
gf2^6_mult,378_0,16,381,381,0,0,87,45,159,5fee6d511c0bee1e8cc3be9ad70337d1bcb1d3dc74a96ddeef124fbd4f6bf3c1
gf2^6_mult,378_0,17,381,381,0,0,90,4358,159,d3a2d5033bbd9083f1a1e8989128201f595f1c7958f46f296f244d8939bd3027
gf2^6_mult,378_0,18,381,381,0,0,45,4397,159,3e06b1d346d5b9bf5c85465ade9c78be4741a6e2dbaab472a6733a7a58e46939
gf2^6_mult,378_0,19,381,382,1,-1,73,3422,158,ef8336d8fd0982f84434f4e96660a240ddd23356f1a1b1e3a6055979da4cdf66
gf2^6_mult,378_0,20,382,381,-1,1,67,3424,158,6d147be2bfa5e216c65f3b376713c65f136652a7a80a19094c4b8e361900f410
gf2^6_mult,378_0,21,381,381,0,0,95,4361,158,ef8336d8fd0982f84434f4e96660a240ddd23356f1a1b1e3a6055979da4cdf66
gf2^6_mult,378_0,22,381,381,0,0,82,39,158,da046c8a283ae389c229fca393df7b3f42b73a3992a39a4a1923a2ba9834cc5c
gf2^6_mult,378_0,23,381,381,0,0,55,4409,158,f56406c7316532424a882d4aecf9bc655ded865fb80b8e62b4ac4a00a99b27ca
gf2^6_mult,378_0,24,381,381,0,0,46,38,158,1d66964eae7d8fbd81a421eb10bee79a23d0476d8775a66bbfb23227cbdd61eb
gf2^6_mult,378_0,25,381,382,1,-1,68,1482,158,2b8a00c9c0da0b9a91e033fc094996a0a2862f290339f82dd7e4c6abf7fbf7e6
gf2^6_mult,378_0,26,382,382,0,0,81,39,159,fc6bb33cb1dbc501bd938f614c7d63b541ccb7e3ea5d2a69f986502dd9c4337d
gf2^6_mult,378_0,27,382,381,-1,1,85,941,159,e712ac55afc4ca4ac7bda89d39031de112768334fc138e1be65e8a3ba73f41a6
gf2^6_mult,378_0,28,381,381,0,0,48,38,157,002c305919ebbc8edbc851bb0cce162b7160420555e5aadb2c48988ca5e55dd2
gf2^6_mult,378_0,29,381,381,0,0,72,4382,157,40f238a3bca808e6c02e1c283aba2521ffa83f7041eefb5cfd084f425db7759e
gf2^6_mult,378_0,30,381,381,0,0,45,4397,157,e7feadcee6d25d1483e9badd9ff025388756eebb2471c09f04cff33d434a8fb7
gf2^6_mult,378_0,31,381,383,2,-2,49,42,157,8e62258031500eb46953d7e357a476456dcc637b517d3114bc61793c51c86667
gf2^6_mult,378_0,32,383,381,-2,2,48,41,157,07d6193c4e3955aab6cd3e82846b3f1788a12f5bb582b7604c3e8e9b39f00bdd
gf2^6_mult,378_0,33,381,382,1,-1,63,1482,157,8e62258031500eb46953d7e357a476456dcc637b517d3114bc61793c51c86667
gf2^6_mult,378_0,34,382,381,-1,1,85,3568,160,5166fab7271fe55532144d41dfd3e7f47d1b76c8490a29e5f5b593b94f2ddfea
gf2^6_mult,378_0,35,381,381,0,0,73,44,159,2ea5281a494e1656a7a13289f6888023ca17cd66df915202f69c6158498dc58a
gf2^6_mult,378_0,36,381,381,0,0,68,4370,159,9fa9249afd9959dfd5e96a120d1c7d7bfc35c60ecb2a99e1129012682ae1a3bc
gf2^6_mult,378_0,37,381,381,0,0,63,4397,159,3c76aab691967a40a921085e2a94bf6f55c0b225c0e2f04ba41b246a1bd4c926
gf2^6_mult,378_0,38,381,382,1,-1,49,3566,159,fc429627af5b209f0a4f596fb260caf5e37a60caa6cfb4ebfef0adc9ecbdd78d
gf2^6_mult,378_0,39,382,381,-1,1,61,1483,159,44101dea1dbe91a8d125960f750dea6ac46c798aeb7644714dafe9aeac9c28f1
gf2^6_mult,378_0,40,381,381,0,0,55,4397,159,0a58e4ca246c0efd982b049dceaabfe6def3e039c6faf9575b398ea9d6420e23
gf2^6_mult,378_0,41,381,381,0,0,69,38,159,0e4026b6600a609a52ab19377911f8fbd9fd855b75f3080bff2b277b02fa8dda
gf2^6_mult,378_0,42,381,381,0,0,82,4349,158,09c7c6e3ba82109df3f16920d75a0a4050ce76a9b6d1a6ee97d57c578e8f2828
gf2^6_mult,378_0,43,381,381,0,0,119,4385,158,d89fc00363c440fca4f87d79dd24baaffb4b34d229e2d8739c53dded9e642751
gf2^6_mult,378_0,44,381,381,0,0,48,44,158,3311725f54b479908569ceeb3fb759b5dffef83402b09402bbcbc336ab780cfa
gf2^6_mult,378_0,45,381,381,0,0,91,4385,158,28d24770872690828f4e0c38d9055b2c410511b397854b3df8ecd2d0a5c0e410
gf2^6_mult,378_0,46,381,380,-1,1,78,3432,158,aecd57cf9b0450078ad6de299be31857b5818dd3f5d8cdc6fb0d6edd07ab4a25
gf2^6_mult,378_0,47,380,381,1,-1,82,944,157,7282b04405e35d6e49613d0aaef0d14e6835a30354960671d105eb38473d767c
gf2^6_mult,378_0,48,381,380,-1,1,74,941,159,f50f686b290230d2250bc9d577935bfe638854dfb0b5d9811f6e8b6d278aeda0
gf2^6_mult,378_0,49,380,381,1,-1,48,3566,157,7282b04405e35d6e49613d0aaef0d14e6835a30354960671d105eb38473d767c
gf2^6_mult,378_0,50,381,380,-1,1,39,3568,159,9882df104145c9fb2870e8c9d12994b4527d60ad9ae160dc32914cc22c6fa7c9
gf2^6_mult,378_0,51,380,382,2,-2,59,42,157,7282b04405e35d6e49613d0aaef0d14e6835a30354960671d105eb38473d767c
gf2^6_mult,378_0,52,382,380,-2,2,54,41,157,967832e2948fbbf49257fe63197faa8b85a258f519afc44ec12976d28a1a42e2
gf2^6_mult,378_0,53,380,380,0,0,50,39,157,7282b04405e35d6e49613d0aaef0d14e6835a30354960671d105eb38473d767c
gf2^6_mult,378_0,54,380,380,0,0,49,38,157,a8c1581b87d720140700bb90e61b757606ef165d597590aa3f7a3377a3d0ea59
gf2^6_mult,378_0,55,380,380,0,0,50,39,157,7282b04405e35d6e49613d0aaef0d14e6835a30354960671d105eb38473d767c
gf2^6_mult,378_0,56,380,380,0,0,49,38,157,a8c1581b87d720140700bb90e61b757606ef165d597590aa3f7a3377a3d0ea59
gf2^6_mult,378_0,57,380,380,0,0,74,4349,157,7282b04405e35d6e49613d0aaef0d14e6835a30354960671d105eb38473d767c
gf2^6_mult,378_0,58,380,381,1,-1,42,3416,157,44fc62cf1c051388bb920fcb8e35eba8ca733d0478542b491dc339cf641047aa
gf2^6_mult,378_0,59,381,383,2,-2,108,132,159,e247f75d8fa9cf2d9182beafd63fed424f733d0f435f33897260e73038032e4b
gf2^6_mult,378_0,60,383,381,-2,2,126,133,161,33836ff6a69264c2e94df4425bb8f534e51b6d9c9639558eb282a7c905758942
gf2^6_mult,378_0,61,381,383,2,-2,22,40,159,e247f75d8fa9cf2d9182beafd63fed424f733d0f435f33897260e73038032e4b
gf2^6_mult,378_0,62,383,381,-2,2,20,41,161,2b286babd6d2b4324043fb239bca592fb4dcd71d7bbbe762608226986ea3c081
gf2^6_mult,378_0,63,381,380,-1,1,62,815,159,e247f75d8fa9cf2d9182beafd63fed424f733d0f435f33897260e73038032e4b
gf2^6_mult,378_0,64,380,380,0,0,107,4394,157,44fc62cf1c051388bb920fcb8e35eba8ca733d0478542b491dc339cf641047aa
gf2^6_mult,378_0,65,380,379,-1,1,49,817,157,3e535d4abee85440cdf648f2606b254b12e6accfb1c2a1dc3e88d49e8f53da45
gf2^6_mult,378_0,66,379,381,2,-2,51,40,157,7344d579cb242d59e269ab9c12a359f5e56bb01d334b1c4748fb1f1932f7bfef
gf2^6_mult,378_0,67,381,379,-2,2,50,41,159,14328b063bdf9c33bf6aa163db4a7677afd3507853bbff462ba224ca1231ab6d
gf2^6_mult,378_0,68,379,379,0,0,36,44,157,7344d579cb242d59e269ab9c12a359f5e56bb01d334b1c4748fb1f1932f7bfef
gf2^6_mult,378_0,69,379,381,2,-2,45,42,157,acaa232125b7292802e28deff54e6161bb17613c9c6b7b765cfdf6972a683d08
gf2^6_mult,378_0,70,381,379,-2,2,45,41,157,cca8984feaa67d3fb83eef09242937d6fc9e8ddeec88d5ff014461cc125521b4
gf2^6_mult,378_0,71,379,381,2,-2,79,36,157,acaa232125b7292802e28deff54e6161bb17613c9c6b7b765cfdf6972a683d08
gf2^6_mult,378_0,72,381,379,-2,2,90,37,159,0edc96042e0335091ee954e1d9c7fa937284d02420dc7ce4ebe40d4bdfd84620
gf2^6_mult,378_0,73,379,379,0,0,22,4409,157,acaa232125b7292802e28deff54e6161bb17613c9c6b7b765cfdf6972a683d08
gf2^6_mult,378_0,74,379,380,1,-1,45,944,155,ad1ac20867dbf64a5c919126e290a95647d88f61dcb2c1f824d2c8c088d83986
gf2^6_mult,378_0,75,380,379,-1,1,61,941,155,0d50b8dd10f31ae16d61de11f8634f1df86ebe83125b68e0d9980a52a43ee3ab
gf2^6_mult,378_0,76,379,379,0,0,64,1593,155,ad1ac20867dbf64a5c919126e290a95647d88f61dcb2c1f824d2c8c088d83986
gf2^6_mult,378_0,77,379,379,0,0,41,4358,157,a1e120031c45e71277ac064aac3a863e77d11f8fef58ad06dbe10ddbe4e29da8
gf2^6_mult,378_0,78,379,378,-1,1,67,943,157,daac5d249028fc6d55315c221758268a80f7ded7c6a81123e73974f12d23e9c4
gf2^6_mult,378_2,0,379,381,2,-2,62,36,163,2d7a9ad90e3e3088fc0190b177edc74c1a0a8ade6959eb0736c748bf93c89a00
gf2^6_mult,378_2,1,381,379,-2,2,73,37,165,5eafbec64b9e9cc8de81fcd5afbe2c5992aae43c4979bb74648b62d157ec191f
gf2^6_mult,378_2,2,379,380,1,-1,96,810,163,2d7a9ad90e3e3088fc0190b177edc74c1a0a8ade6959eb0736c748bf93c89a00
gf2^6_mult,378_2,3,380,380,0,0,94,4382,163,a2fbd4eb14699341b294a750cfb9c0960f54f6b565fd3a6e79bd8f9296aafcb9
gf2^6_mult,378_2,4,380,380,0,0,94,4349,163,bc9019329bc4495f8ef2ac533c135a2c57edd2d4e09d0fc4286d8051777d87e2
gf2^6_mult,378_2,5,380,380,0,0,94,4385,163,a2fbd4eb14699341b294a750cfb9c0960f54f6b565fd3a6e79bd8f9296aafcb9
gf2^6_mult,378_2,6,380,381,1,-1,94,956,163,bc9019329bc4495f8ef2ac533c135a2c57edd2d4e09d0fc4286d8051777d87e2
gf2^6_mult,378_2,7,381,380,-1,1,83,3424,165,bf04b2565d9e504471c1cf3ff9da424ac2e2a781035b03b638ebe455afca4644
gf2^6_mult,378_2,8,380,380,0,0,63,4358,163,4c9aa2141d1ba5b6b6386a45e14e8749f8032a538d20feb969143a923563f1d0
gf2^6_mult,378_2,9,380,380,0,0,39,1535,159,f8716bc873e493852f779d4f15b4ab26991c615cef0b8c71c96222234e0ae286
gf2^6_mult,378_2,10,380,380,0,0,93,4382,159,30cb572350fe2d67fb28ef9c13cd784bd98303ae1878a93f9d13a7e9ba0123f7
gf2^6_mult,378_2,11,380,380,0,0,81,38,159,7450e0ed8c191caf7fcb41f5b7e41f1b15306e61f611c077cd126d6dde14803d
gf2^6_mult,378_2,12,380,380,0,0,93,4382,159,3e344b3b957636d239800181e64667c724593471722da744cd10645c7eecc42a
gf2^6_mult,378_2,13,380,380,0,0,93,4349,159,6523409ce54a6c03ca6a29f87bf13f190f1253100376ee670eb9ed95923b7596
gf2^6_mult,378_2,14,380,380,0,0,93,4346,159,3e344b3b957636d239800181e64667c724593471722da744cd10645c7eecc42a
gf2^6_mult,378_2,15,380,380,0,0,93,4358,159,6523409ce54a6c03ca6a29f87bf13f190f1253100376ee670eb9ed95923b7596
gf2^6_mult,378_2,16,380,380,0,0,81,4394,159,3212b3516db366b4552a520738ad34217121cba05d1f9e596fd3c8817d55d044
gf2^6_mult,378_2,17,380,380,0,0,93,39,159,6523409ce54a6c03ca6a29f87bf13f190f1253100376ee670eb9ed95923b7596
gf2^6_mult,378_2,18,380,380,0,0,64,4409,159,30cb572350fe2d67fb28ef9c13cd784bd98303ae1878a93f9d13a7e9ba0123f7
gf2^6_mult,378_2,19,380,380,0,0,75,4397,159,0086d6c8c64d3ee02066a4bd0de982c23c025c3940499a392acdaf50d7bc5f21
gf2^6_mult,378_2,20,380,380,0,0,90,4346,156,c29c40e54c209b126874c9cf7fe4e52978d1e0e340745be23fd04ce3ff81ff47
gf2^6_mult,378_2,21,380,380,0,0,79,4385,156,e8306a5cb6f2bd58221e168429cc97b97ab538be56ba21054c34d4342bb4a501
gf2^6_mult,378_2,22,380,380,0,0,91,4385,156,c29c40e54c209b126874c9cf7fe4e52978d1e0e340745be23fd04ce3ff81ff47
gf2^6_mult,378_2,23,380,380,0,0,93,4394,156,e8306a5cb6f2bd58221e168429cc97b97ab538be56ba21054c34d4342bb4a501
gf2^6_mult,378_2,24,380,378,-2,2,80,4664,156,3c5cdab53a65f6af74c448e86c4dc1d18c1e3f42c4f0a2ca5ae2e48bc121228a
gf2^6_mult,378_3,0,379,380,1,-1,75,4362,157,17df2bfe8a5ee75f95c270dd55e88ec61a2a1bdddc7660f448304fad0f429e31
gf2^6_mult,378_3,1,380,381,1,-1,54,944,157,3d698d66c67e577beb18a5941788790c35fa3b7b1c15872124ce7d69f446709d
gf2^6_mult,378_3,2,381,380,-1,1,58,941,157,3cba5fddd97051765d5cf3e29818f5e382b3d6ff1943f7b0d2e0146be6dcc450
gf2^6_mult,378_3,3,380,379,-1,1,75,4368,157,3d698d66c67e577beb18a5941788790c35fa3b7b1c15872124ce7d69f446709d
gf2^6_mult,378_3,4,379,378,-1,1,81,3564,157,66c73d3a90d347ed8df2c95146e4ecbcab16e1024bc95cc34c2c237356b46241
gf2^6_mult,378_4,0,379,379,0,0,64,4397,152,3a29996b809284514d74318baef937e0a9a6f20d5d4c3ba0a9d7aedb6b790004
gf2^6_mult,378_4,1,379,379,0,0,78,4394,152,3cf10b395f13fb2f5466087fd8b24d5f176d46804e9239531dd9a01ff0695a87
gf2^6_mult,378_4,2,379,379,0,0,65,38,152,a0e55760f3b2e77c162503ded7eeea36643dd4fb3e36b426481b03d94be68763
gf2^6_mult,378_4,3,379,379,0,0,87,4385,152,dbafbd86f3657c3fa38e09a45a761dedd3cac396e251d84a82e6532d2bea1f4f
gf2^6_mult,378_4,4,379,380,1,-1,41,1482,153,72055fa3eb94c5e07dff5c107d1ce2ccf5762021b1e3a3bafcb2011a16b7669a
gf2^6_mult,378_4,5,380,379,-1,1,50,941,157,f7197bf73402ea2dbec7449a8d2cd8c7cc4b80b5dfb6fbccc463fef20633e91b
gf2^6_mult,378_4,6,379,379,0,0,93,4358,156,37494237e99eaf56f1211f4df75600576839c3db7f56f40d5d9cc8eefafc9818
gf2^6_mult,378_4,7,379,379,0,0,90,39,156,7b93f5dfc3fadd17cca03559a497ad32ba6c49bdb0bf83bc7198742f321b1051
gf2^6_mult,378_4,8,379,379,0,0,107,4385,156,0396c746a3f7fc1ccfd8a537ce8121dace5bc701ae1a1bc9293a7ffbcc0dce16
gf2^6_mult,378_4,9,379,380,1,-1,28,3561,156,e6f9e3c548c176bf976991ade5439cdafaf70c0767e23aad3ed1cf62a2047471
gf2^6_mult,378_4,10,380,379,-1,1,41,3564,156,ff9adf24a49ff2b37f691cc594d22392976fa019425cbcf22d5cc4ae45112a81
gf2^6_mult,378_4,11,379,380,1,-1,54,1468,156,e6f9e3c548c176bf976991ade5439cdafaf70c0767e23aad3ed1cf62a2047471
gf2^6_mult,378_4,12,380,380,0,0,52,44,157,f7ac49cfa4aa31615ba198fb194c22a99f38dd404418ab64ea1483212f8245ef
gf2^6_mult,378_4,13,380,380,0,0,63,39,157,c3c50ef87b9f3bd7d40fc867330e2de8541b2082cda5616c8bf6573555af7336
gf2^6_mult,378_4,14,380,380,0,0,52,44,157,f7ac49cfa4aa31615ba198fb194c22a99f38dd404418ab64ea1483212f8245ef
gf2^6_mult,378_4,15,380,380,0,0,57,4358,157,c3c50ef87b9f3bd7d40fc867330e2de8541b2082cda5616c8bf6573555af7336
gf2^6_mult,378_4,16,380,380,0,0,63,39,157,8240baa969ee81684f3631f1c703793c522566a3d03f1fce1d4cb7a38a00288d
gf2^6_mult,378_4,17,380,380,0,0,52,38,157,7dcd7226669c6830af344eaa35b5eae61165db710cbcbacd3b8e11b15020ab91
gf2^6_mult,378_4,18,380,380,0,0,63,39,157,8240baa969ee81684f3631f1c703793c522566a3d03f1fce1d4cb7a38a00288d
gf2^6_mult,378_4,19,380,379,-1,1,68,1469,157,7dcd7226669c6830af344eaa35b5eae61165db710cbcbacd3b8e11b15020ab91
gf2^6_mult,378_4,20,379,379,0,0,49,4397,156,ee3f3f0d038d2800a0442374833258d28511c7f3765c5cc799c88a032f3ec08b
gf2^6_mult,378_4,21,379,379,0,0,38,1593,157,c35c1a155f28d16703cbbd6374c73b4d9a767b8218d1979dd7078705732e55f0
gf2^6_mult,378_4,22,379,379,0,0,106,39,156,7a36270eb28e9fe62147f03a55a6462f730e4c0c796a10065b70d7d02fe5bf56
gf2^6_mult,378_4,23,379,380,1,-1,54,1482,156,c4397304246d89a10538af7dece9cb09cf45f53bef955575785415736af50c33
gf2^6_mult,378_4,24,380,379,-1,1,59,941,158,298f50f95073731c9f53179f25fbb1048d45f8d98214149ede45479c73594be3
gf2^6_mult,378_4,25,379,379,0,0,110,4346,153,0e2c830ac2af12c8fee1760cf28f5178aa4b98e35fcceb5f04329cec1c2c775e
gf2^6_mult,378_4,26,379,379,0,0,91,4406,154,21fe4e8a60ccec82d84dfad4a01114df1e65253f74a7dbcf51207309535435ad
gf2^6_mult,378_4,27,379,379,0,0,55,4358,154,3f8f0bb2a84ee0865a919ad348c007731dbefdadc8308ee4aa55beca717a325f
gf2^6_mult,378_4,28,379,379,0,0,53,4406,162,432b5684e83ace0de0c0b2c84b6db9caed0a02f1e85d1ab5c4e11b2529e81d0b
gf2^6_mult,378_4,29,379,379,0,0,86,4409,162,ab83ebd41ec17880330670111153049d96e5cbc505c8fd91bb63520b39a1f4ef
gf2^6_mult,378_4,30,379,380,1,-1,78,4410,162,5d89a0630b64af9eef7a8796b1d90a21b1b25f04277bd2d14aa643ee37f92bf3
gf2^6_mult,378_4,31,380,379,-1,1,76,4368,162,dad678e3d5d8fb8797e9ec522001042eb6b4043ea5b26b5ed8e5ed8f792d7997
gf2^6_mult,378_4,32,379,379,0,0,51,4385,162,70bab19e6a71e4e41e970b83667d80566b6ce665f2f48850be286c514925d64b
gf2^6_mult,378_4,33,379,378,-1,1,82,817,163,c09abeed82e1065a6299b0d4f5e10463f5e57fe09a0e45ac9acf371e78d6c7f6
gf2^6_mult,378_5,0,379,379,0,0,37,4358,159,4514453f1181392e878e7c0a7f78fcbc1939d7f7c54dc06b33139f2035f650c2
gf2^6_mult,378_5,1,379,380,1,-1,77,4360,159,8ec3d83563577b0656435e215264ea041e1a7f6f96a9433e64dc24a223dc4311
gf2^6_mult,378_5,2,380,379,-1,1,58,4368,159,a72b31be0c48b41369f2c5824564b424eb50d21ad280c0a37b4f766a1ab3103c
gf2^6_mult,378_5,3,379,379,0,0,32,4406,158,c29295ea5881460dcfaf631cc644b82fd74857f597d07f0cd54b1daac91c2f92
gf2^6_mult,378_5,4,379,380,1,-1,74,3422,158,be2608728d6ebd5f459163df1a3a91673054a46210280121b970674d3eb905ea
gf2^6_mult,378_5,5,380,379,-1,1,74,3424,159,c4abb856413649ee736b8cf302238303439e0d7dea0e9d1c8e69da7e230eac3f
gf2^6_mult,378_5,6,379,381,2,-2,74,132,158,be2608728d6ebd5f459163df1a3a91673054a46210280121b970674d3eb905ea
gf2^6_mult,378_5,7,381,379,-2,2,99,133,158,25a9186f7de0b43d1bf938b631e34f301d4d6b7bf7b8b54872f5ff1c7259c96a
gf2^6_mult,378_5,8,379,380,1,-1,46,822,158,be2608728d6ebd5f459163df1a3a91673054a46210280121b970674d3eb905ea
gf2^6_mult,378_5,9,380,381,1,-1,67,3566,159,583001f453f97ef22a30a128ae62954b82cb4e7ee6a4546d2412818c74f8a5b5
gf2^6_mult,378_5,10,381,380,-1,1,50,823,160,a65a06f646ce0fa31fe89a8ced5d31418dd40a776b47b619e346101e51b9de19
gf2^6_mult,378_5,11,380,381,1,-1,62,3434,159,688d96cdbf760368b0ebd1c90d4c65b501eef094a5332cf3a8459b0c2ef1a60b
gf2^6_mult,378_5,12,381,380,-1,1,78,815,160,a4d11e1e4b84d8e9950bd7288b17bfb8e9cc1a96a53e2a1b36217f6b4c89d6d3
gf2^6_mult,378_5,13,380,380,0,0,49,4397,159,688d96cdbf760368b0ebd1c90d4c65b501eef094a5332cf3a8459b0c2ef1a60b
gf2^6_mult,378_5,14,380,380,0,0,49,38,160,1e6a25e55b292209d616fd8671510fd758444bfe5451d2c373fde6bcd44d1d0e
gf2^6_mult,378_5,15,380,382,2,-2,72,40,160,6423729d108773239bce5c6fafdea46145ba2dc5a10b08c453d5e5a41c108468
gf2^6_mult,378_5,16,382,380,-2,2,70,41,162,a266fca2348fc1ad8e8e692423722f58c1bc5a9e2edd465065ca5a3584908e52
gf2^6_mult,378_5,17,380,380,0,0,69,4409,160,6423729d108773239bce5c6fafdea46145ba2dc5a10b08c453d5e5a41c108468
gf2^6_mult,378_5,18,380,380,0,0,115,4385,160,d6dca847faf3b11894e019f8ad84c6eef966811b1ef472052c4ddb0c4332fc32
gf2^6_mult,378_5,19,380,381,1,-1,36,1482,160,6fb80abc82f3b15575e2a592190a67d2be2eadb99c733913e779a3cec29bbd48
gf2^6_mult,378_5,20,381,380,-1,1,57,941,160,9b2bb44e6f4768e1fdaa4bc336c837ac4afe51800d75d91d9a1bfe7c4dd0dbf7
gf2^6_mult,378_5,21,380,382,2,-2,50,42,159,37e54ea3d6004041126963c660b3773802a220afd4a0f4414ca623fabbe5fed1
gf2^6_mult,378_5,22,382,380,-2,2,48,41,161,e76ec336b4d2dd81fe51978397506cce77e32369e28187e3ad7623985138e4f8
gf2^6_mult,378_5,23,380,379,-1,1,78,941,159,37e54ea3d6004041126963c660b3773802a220afd4a0f4414ca623fabbe5fed1
gf2^6_mult,378_5,24,379,380,1,-1,46,3435,158,253e02859a905d9f4b024ddf16bcf79140df7630078b6186a35050c0c6e89b00
gf2^6_mult,378_5,25,380,380,0,0,50,4397,158,97a1eeae9b07bea6e6f508d0d660ba0a4fe045a71e79d51c165140fcc9d04fc1
gf2^6_mult,378_5,26,380,379,-1,1,43,823,158,623bdf6f8f746b9007f63928998c04fc2ba71ce0bf693092370653782f5a0908
gf2^6_mult,378_5,27,379,378,-1,1,72,817,158,253e02859a905d9f4b024ddf16bcf79140df7630078b6186a35050c0c6e89b00
gf2^6_mult,379_0,0,380,381,1,-1,47,4371,157,fcbda5d068b6a35f67298df814b38423bb7df2976907a55882ae0ff2d054bd45
gf2^6_mult,379_0,1,381,381,0,0,51,4409,157,326d530f4659ba65b91a16d29d22717965f7cd9e9a8b1d8d23cebfd9dc8f344e
gf2^6_mult,379_0,2,381,381,0,0,38,44,156,9a7837a7b1c17fdd5b2eafb415fca48db5941a3c6718a28621bcaf865c5f1941
gf2^6_mult,379_0,3,381,381,0,0,36,1592,156,63cefc9088ff523eff94bfb285c094220039e0e3d1f4107c11170378fa6483b2
gf2^6_mult,379_0,4,381,381,0,0,52,4358,156,d9c277e4f7030813c904c008efa68d652ee216cecb98e32a92d6ce90e30cf78f
gf2^6_mult,379_0,5,381,381,0,0,52,120,156,bf9ba312835a2e21fa73b13da0fdf0a543fae26a2c9b4f3f5669505e40de6f76
gf2^6_mult,379_0,6,381,379,-2,2,52,41,156,d6a5f5387b175ae46bf876d321f2d0707ae9b0198cc5156b3917fae4c5d5c914
gf2^6_mult,379_3,0,380,380,0,0,59,4361,163,307946dcc3dabf332838393a443a87af875b8aa8198b80f257af6315b37159b7
gf2^6_mult,379_3,1,380,381,1,-1,66,4396,164,258074e3a2a4de0e4a558db7d5fbc91e7f4284753fd74e204ff0a7aa2673d918
gf2^6_mult,379_3,2,381,380,-1,1,76,4368,165,06a96593cf70408b8f0cac02f308d99d1402e5fe67e2ef355a081fcf772574c8
gf2^6_mult,379_3,3,380,380,0,0,59,4406,165,94db5f91039278153fab52991cf7f45865a4e15a2050502cd196268ea144bb0e
gf2^6_mult,379_3,4,380,381,1,-1,19,3417,164,9a9c74cf71d314672696c4332ffaa9fa9d74e00a43fa00cb11986a75dcbad354
gf2^6_mult,379_3,5,381,382,1,-1,101,810,165,48c506c86695906957f497c1b5fa362dded5f5419c1c958f00b0e2d5a54e06fb
gf2^6_mult,379_3,6,382,382,0,0,97,4358,165,6695e5d3ec9fa8753e073ffc0dbc73ffd7696976507d2abcdce97e3bd67a16c0
gf2^6_mult,379_3,7,382,382,0,0,100,4406,165,6265074df4c5859e5406eacb8f607a063f52a4531234ed378ba0dfc1f453c08f
gf2^6_mult,379_3,8,382,382,0,0,33,4358,165,b3e86ddad334e9245874e3c1db225d19bc4e5d358717304bf899e3eaf4be2e88
gf2^6_mult,379_3,9,382,384,2,-2,26,42,165,4f6a2305ff5157ccaae2cdaae26129e387e5e13b73121b2de0916c021f455e2a
gf2^6_mult,379_3,10,384,382,-2,2,22,41,167,e16750880cf28dad25fa435ada4cd597629fae1672cf41ea77f2e71d8b10d6a2
gf2^6_mult,379_3,11,382,382,0,0,102,1593,165,4f6a2305ff5157ccaae2cdaae26129e387e5e13b73121b2de0916c021f455e2a
gf2^6_mult,379_3,12,382,380,-2,2,109,4694,165,a5dbbd1584f88ebc65b4b4b01c938b76cb048fc31b4b224a36482632287ebdb1
gf2^6_mult,379_3,13,380,381,1,-1,64,4396,165,9a93af7f14c17d38ce49ef8e44f400bb2ee12da8292444b9d16985f39e905ec2
gf2^6_mult,379_3,14,381,383,2,-2,56,42,166,96f68fe844f5e30dcb1419d79871869e2254cc98991d740f4f08e2aad4edcfe8
gf2^6_mult,379_3,15,383,381,-2,2,56,41,168,40f45561762d06b5bc60ffd6daa0303e162bd30bd6b30d9677284db538f9949d
gf2^6_mult,379_3,16,381,381,0,0,60,4414,166,96f68fe844f5e30dcb1419d79871869e2254cc98991d740f4f08e2aad4edcfe8
gf2^6_mult,379_3,17,381,380,-1,1,60,4368,166,3a45f4d9825eb6484e64f9d279cc0b335b9afaf95c9b9b91dabfb6f198066ebe
gf2^6_mult,379_3,18,380,379,-1,1,19,817,165,9a93af7f14c17d38ce49ef8e44f400bb2ee12da8292444b9d16985f39e905ec2
gf2^6_mult,379_4,0,380,382,2,-2,50,36,158,3b97c41ff89ebef4fd6dd8c3ce54e1fb9b821b73b68b845afe784febaaa8e541
gf2^6_mult,379_4,1,382,380,-2,2,61,37,158,76a09b6b9dfa4e958b2af05b2827f936dd31d4933e8ce31b5f1d3f2d2ed7475f
gf2^6_mult,379_4,2,380,380,0,0,41,4346,158,3b97c41ff89ebef4fd6dd8c3ce54e1fb9b821b73b68b845afe784febaaa8e541
gf2^6_mult,379_4,3,380,380,0,0,110,4370,158,5eb6a336e67af3645feddfc51fb8458e7648d6ec937eb9e4f2195fbe016977ef
gf2^6_mult,379_4,4,380,380,0,0,75,39,172,8bcbace5618e288103780a2249a6a47d702a7549df96d92776fca45ccb3197fd
gf2^6_mult,379_4,5,380,380,0,0,56,1497,172,0a6db90195fb20833d63b1044a895e26183d608f769a694dac02453c7640c083
gf2^6_mult,379_4,6,380,380,0,0,54,4373,167,3441c9c6d2df3f0c81ba6a74321033833b103335a0f461cfb5b26f5f4d6812b9
gf2^6_mult,379_4,7,380,380,0,0,51,4373,167,bc03f16e9c995a822d02c706c8bb7c17a564ad1d299b78363c044db4c3dcf437
gf2^6_mult,379_4,8,380,380,0,0,58,4370,167,8a500d97096edcaa1b1b08c947eb8f0f45804d263688e16f731c11b29cf80b49
gf2^6_mult,379_4,9,380,381,1,-1,94,818,167,b407555b78168c0ba84e4c548fc754183af4110ba6f9277b0e4424a7c51fd6c0
gf2^6_mult,379_4,10,381,381,0,0,95,39,167,423e8827eb89ae54295a6d303b1c9594b15cdadb4ab6fa1ec47ae4672b59f235
gf2^6_mult,379_4,11,381,381,0,0,57,4409,167,2b6651449a67e433c14b926892f0c8a2bd2429d1a85ce32b36d19bfe1936c819
gf2^6_mult,379_4,12,381,382,1,-1,83,3422,164,19d580965528e8186f001f32ded678d52cfb9c837d9ae99601f49c4f73f7b158
gf2^6_mult,379_4,13,382,381,-1,1,85,813,166,0e12b0e9fcd3ef3649668c16223621fee00bc443acc1ab652ad3d84b0c85afb5
gf2^6_mult,379_4,14,381,381,0,0,76,4358,164,19d580965528e8186f001f32ded678d52cfb9c837d9ae99601f49c4f73f7b158
gf2^6_mult,379_4,15,381,381,0,0,93,4349,156,1a282b8cc64cec163912be954d5987a37f7871dfa92e23b759b483e4e65c5f1c
gf2^6_mult,379_4,16,381,383,2,-2,90,40,158,9a218f9c98caeaeb5de13f7279f4e4a20423fa4a5770fe835bc821bb561290ce
gf2^6_mult,379_4,17,383,381,-2,2,80,43,160,d7ef82fd5a60dd4dfffcd78a8ad01583c09c508c73f9a0cba8e4df95a8c9e6f2
gf2^6_mult,379_4,18,381,381,0,0,82,44,158,9a218f9c98caeaeb5de13f7279f4e4a20423fa4a5770fe835bc821bb561290ce
gf2^6_mult,379_4,19,381,381,0,0,93,4349,157,38fd6c2503503332870181e603200b9e267c36a0faf2995b9e1461d97c80a113
gf2^6_mult,379_4,20,381,381,0,0,96,4349,156,7dbcab9e2b400cc372abf18b439a490ac7597493de77084d5a98b8e8bec4f147
gf2^6_mult,379_4,21,381,382,1,-1,93,4398,157,9eedf383d5d3b852b3778a6a590cac3dda69ef204eab3c22b06296bcae25c0a7
gf2^6_mult,379_4,22,382,381,-1,1,82,4415,158,44e357b2882241391a7d054d04d8422a8a39fde35bcc5622b10f212c459972d2
gf2^6_mult,379_4,23,381,382,1,-1,93,4398,157,9eedf383d5d3b852b3778a6a590cac3dda69ef204eab3c22b06296bcae25c0a7
gf2^6_mult,379_4,24,382,381,-1,1,82,4368,158,44e357b2882241391a7d054d04d8422a8a39fde35bcc5622b10f212c459972d2
gf2^6_mult,379_4,25,381,381,0,0,86,4358,157,990b1233de8e1b0db96eb8c1e4322caee4b8b8190dbfadca6157e1148e5a3771
gf2^6_mult,379_4,26,381,381,0,0,93,4358,157,9eedf383d5d3b852b3778a6a590cac3dda69ef204eab3c22b06296bcae25c0a7
gf2^6_mult,379_4,27,381,381,0,0,86,4358,157,990b1233de8e1b0db96eb8c1e4322caee4b8b8190dbfadca6157e1148e5a3771
gf2^6_mult,379_4,28,381,382,1,-1,93,4398,157,9eedf383d5d3b852b3778a6a590cac3dda69ef204eab3c22b06296bcae25c0a7
gf2^6_mult,379_4,29,382,381,-1,1,82,4368,158,44e357b2882241391a7d054d04d8422a8a39fde35bcc5622b10f212c459972d2
gf2^6_mult,379_4,30,381,379,-2,2,84,4694,157,990b1233de8e1b0db96eb8c1e4322caee4b8b8190dbfadca6157e1148e5a3771
gf2^6_mult,379_5,0,380,380,0,0,40,38,156,cd8be53f3d54fbaa67a4316856bd351644e33629b1315ff263c2036db93cf18d
gf2^6_mult,379_5,1,380,380,0,0,44,4394,155,c516af24c41227a37777e81c5fed6b15ef1fabd961654143c576bdbb7606c1e8
gf2^6_mult,379_5,2,380,381,1,-1,52,1482,155,f1e2dd2bd0950f4ff5b6da1b75dc88ff40cd9f2bbd07698cb485c4eaef75732a
gf2^6_mult,379_5,3,381,380,-1,1,75,941,157,e8d370fe2ffcc00d12ff5a704a6a9f172228e80f5e632cc9d9eddb661c5ad003
gf2^6_mult,379_5,4,380,380,0,0,68,1496,155,1fd5a91f61ede5f96acc8bc0ddd3778142d50cba1ec27e001292b88957848156
gf2^6_mult,379_5,5,380,382,2,-2,50,42,156,bcac0829c00189db5d15f03fb4f8a980f41b58d1c17e4cf19cb6353dead2bbcd
gf2^6_mult,379_5,6,382,380,-2,2,49,41,158,24a6040533ae53b5a6545aa933f09e554a45ba1df259596c46541aac44c8fa33
gf2^6_mult,379_5,7,380,381,1,-1,38,816,156,bcac0829c00189db5d15f03fb4f8a980f41b58d1c17e4cf19cb6353dead2bbcd
gf2^6_mult,379_5,8,381,380,-1,1,41,817,158,f5974d51ea6c145a8ea4a9915f3ac126a52dde55c5b8fe814d47c1da39d9f6f5
gf2^6_mult,379_5,9,380,382,2,-2,47,42,156,bcac0829c00189db5d15f03fb4f8a980f41b58d1c17e4cf19cb6353dead2bbcd
gf2^6_mult,379_5,10,382,380,-2,2,43,41,158,6f7081ced512dc9ae6cb12fa7d6e6c540a4d276c4b3a6fb57542f7b461c87b9f
gf2^6_mult,379_5,11,380,381,1,-1,44,3422,156,bcac0829c00189db5d15f03fb4f8a980f41b58d1c17e4cf19cb6353dead2bbcd
gf2^6_mult,379_5,12,381,382,1,-1,37,1482,155,8a9bba65cddeca5950cd142c0c3edca56685b780d0e09237f5875c8f69938fc7
gf2^6_mult,379_5,13,382,381,-1,1,47,941,157,42ebd4d2e71e1326686f69e97173f9add00cd112fa55f6b9c700243e5092ffdb
gf2^6_mult,379_5,14,381,380,-1,1,37,3424,155,f39a1fd54104b742b1732490ff73c3d14fd26b32d89fc66cf14c43a4dd40fb00
gf2^6_mult,379_5,15,380,381,1,-1,94,820,156,6db49f7e88567d0baea2ca15a7e024222858b250ac8668f2d88d186c99313c36
gf2^6_mult,379_5,16,381,381,0,0,95,4373,156,359c61c11f52525a0d99757bf6d89d4e774a0acc2341d41dae5c3e265f9d222d
gf2^6_mult,379_5,17,381,381,0,0,95,4361,156,ec8719c3b52f4bf70868efb6e09e9849dace421d3f2a28ecfe2168c709c3703c
gf2^6_mult,379_5,18,381,381,0,0,100,4394,156,192cbe2dbd51574a81e3ce0f8eade3c58ea9fc353fc6bed48edf8cd0caf58ddf
gf2^6_mult,379_5,19,381,381,0,0,95,45,156,5ef8299bf12b430e9cd2da34239f7a7b287d5f68d5b04567f9d2824d4ec533b2
gf2^6_mult,379_5,20,381,381,0,0,43,44,156,84504e79a012139998a78b99cef02a8534cbec9d530a719e969d245a50e5f5de
gf2^6_mult,379_5,21,381,381,0,0,56,1497,156,aae9b30b80fcc31948267cae0a74aac077679e538bb4435b4e7289862f5caebf
gf2^6_mult,379_5,22,381,379,-2,2,90,4664,156,2365d06e0227acbe216e7afda6147eecd2399113e3e8c35426c4b5f63c3d4d3a
gf2^6_mult,380_3,0,381,381,0,0,61,4397,158,91a10f49712052d49577683e108703e1aaae0bff77392c6f60d7ae7df7aa106c
gf2^6_mult,380_3,1,381,383,2,-2,64,40,158,03768328d03fc1b0a296b4da220ef463c070128ac3961f56561c8696cf5ce57e
gf2^6_mult,380_3,2,383,381,-2,2,57,41,160,60e673e4c78c616000a027269e3a97f8d3b4adf27e70d331f6d73fa521b531a8
gf2^6_mult,380_3,3,381,382,1,-1,44,944,158,03768328d03fc1b0a296b4da220ef463c070128ac3961f56561c8696cf5ce57e
gf2^6_mult,380_3,4,382,381,-1,1,60,953,160,d675f641742145fe30d4d6a101ae09878ceb971427aab64d9ce9fce9b1548e77
gf2^6_mult,380_3,5,381,382,1,-1,72,944,158,91a10f49712052d49577683e108703e1aaae0bff77392c6f60d7ae7df7aa106c
gf2^6_mult,380_3,6,382,381,-1,1,69,941,160,c18f030f0d2c58c0200217d5c77211ff64bfa0b6cf738e73670a0acc47a2b396
gf2^6_mult,380_3,7,381,382,1,-1,40,3566,158,91a10f49712052d49577683e108703e1aaae0bff77392c6f60d7ae7df7aa106c
gf2^6_mult,380_3,8,382,381,-1,1,35,941,160,5647846407c972a58dd4345cefaa83adfd21968e140a187dc93502e8848ba655
gf2^6_mult,380_3,9,381,381,0,0,49,4406,158,91a10f49712052d49577683e108703e1aaae0bff77392c6f60d7ae7df7aa106c
gf2^6_mult,380_3,10,381,381,0,0,38,340,158,701ebb50a48c2df2e0b62f5177bbc3b769e9c25b7247b682d14ab589dd7c59f0
gf2^6_mult,380_3,11,381,381,0,0,95,4406,158,b729c505dc3c9ea9b15f44ae2e1ec78ca9c988edd2b397b6d1ce880a4e897887
gf2^6_mult,380_3,12,381,381,0,0,57,121,158,18c586a97519df3c0c0d87fda2464832ff5212985b8af4e9b3094e981ac32781
gf2^6_mult,380_3,13,381,383,2,-2,63,42,158,765c5679e9a2548a5f435c29696c1dc5e5f6847cfac7b8baa1fd2140874fd32c
gf2^6_mult,380_3,14,383,381,-2,2,56,41,160,e2b3917ba31a875ca2f90cdce361683cd2ec4a9ceeef802ba645249aa78197c4
gf2^6_mult,380_3,15,381,381,0,0,55,45,158,765c5679e9a2548a5f435c29696c1dc5e5f6847cfac7b8baa1fd2140874fd32c
gf2^6_mult,380_3,16,381,381,0,0,45,121,158,9b13b9b85a56f3433d6ab621b4337538f71ac1ff210f12ceb35b34bd9129ecab
gf2^6_mult,380_3,17,381,381,0,0,66,4358,158,f91efc0cddb34b4080f4e37c49043044c35bf29e84bab239b24cdaee5cfcf1df
gf2^6_mult,380_3,18,381,381,0,0,106,4358,158,85b9d28158024d10d455f87437e0b39054e565928d3f9270f29ccf2b9e4c8a7c
gf2^6_mult,380_3,19,381,382,1,-1,20,3417,159,e026737559bb5a7c0b2f084391a295af38d7639823b82215c8ed3d52d2075c38
gf2^6_mult,380_3,20,382,384,2,-2,24,40,160,7f148980f6287647a9bd5d21c1e8b89fef5ff0f7ca0ec0b6f43ba5eab9170256
gf2^6_mult,380_3,21,384,382,-2,2,22,41,162,92091059d07e39b296906ede05270302c21cd90e1ecf841aec61a30729a7ff9e
gf2^6_mult,380_3,22,382,384,2,-2,24,42,160,7f148980f6287647a9bd5d21c1e8b89fef5ff0f7ca0ec0b6f43ba5eab9170256
gf2^6_mult,380_3,23,384,382,-2,2,22,41,162,92091059d07e39b296906ede05270302c21cd90e1ecf841aec61a30729a7ff9e
gf2^6_mult,380_3,24,382,382,0,0,65,1497,160,7f148980f6287647a9bd5d21c1e8b89fef5ff0f7ca0ec0b6f43ba5eab9170256
gf2^6_mult,380_3,25,382,383,1,-1,32,1468,160,78ed4d160fef56367031f44c340578be0a77bb1bdc571020d99bc118ca7be7f0
gf2^6_mult,380_3,26,383,382,-1,1,34,1469,161,9fd62f5239c832c1b310423f4175882f698d9089ecd63c62ee6e6dac59aba314
gf2^6_mult,380_3,27,382,383,1,-1,127,3423,160,78ed4d160fef56367031f44c340578be0a77bb1bdc571020d99bc118ca7be7f0
gf2^6_mult,380_3,28,383,383,0,0,123,4394,160,d0a1209b2310ac824add402cd07ff5efcd5dcac92d0b0595a241c65845a0b9ac
gf2^6_mult,380_3,29,383,383,0,0,113,4681,160,e6d6a517dddf24db5df261d4fce112a65dbe2173a1b903bfcc495fc037f326d9
gf2^6_mult,380_3,30,383,381,-2,2,113,4688,160,16fd75ec4da3371f5447fef31312c3f72555de6e413ce0559c1b462b04308345
gf2^6_mult,380_3,31,381,380,-1,1,18,817,160,6f4cb91ace37273220980ab0a5f43d5d9fb33334f7164bb7e596d10e19d85243
gf2^6_mult,381_1,0,383,383,0,0,57,121,155,58eb14bc4831f172f36db833ef7288af20a4876b970ca62a0954ca27794e4507
gf2^6_mult,381_1,1,383,383,0,0,57,1592,155,be202dffea3fc067a4a0a2c8d75340413a57cecaead7fe041b7eb1f106596377
gf2^6_mult,381_1,2,383,383,0,0,71,1497,155,a1f8f1b9bd5ea828181779c4bea8454dd28cd7ebed787ad1120915ce18d5871b
gf2^6_mult,381_1,3,383,383,0,0,58,120,156,414b43b7e03f11882f293c92fe4d471586110c7a875fa4acdeff861e3deab2e2
gf2^6_mult,381_1,4,383,383,0,0,58,1564,156,b34972b1316fb9f9d5874bb251ee8cfc047770ac6dc72d393e9941139e77b60f
gf2^6_mult,381_1,5,383,383,0,0,60,38,155,ba40d94d3cbd3cec353a24bae9a4cbe82d797d6daaa3d020ca49a7a6ccb1fcee
gf2^6_mult,381_1,6,383,383,0,0,62,1496,155,3c852554f628ee287ffc4d2449f4c056d445fa37eb8c415a530e1ccc2a8919ee
gf2^6_mult,381_1,7,383,383,0,0,58,4397,154,71c828f5f36a1fc92afa2e9015f43c19b6abfc6ee6c6f38c00914a97e8e4f009
gf2^6_mult,381_1,8,383,383,0,0,99,4397,155,f2105d2ca8c026635fd8e50dc15cc13ad0e12b3a02563ab678487ceee086d182
gf2^6_mult,381_1,9,383,383,0,0,64,4361,155,46b491ada9bdf1e671692be82c62389241f0d7099e7124fcef64678c4d694731
gf2^6_mult,381_1,10,383,383,0,0,75,4409,156,de98e100421391d903f3c84dd093c607d4eb19cf1c5ea6ca32e780147abce478
gf2^6_mult,381_1,11,383,383,0,0,65,4358,156,4d1b4003e63f89b3bbf052a806e9cbd6c32b85433368cdb8d66cc21e864824bb
gf2^6_mult,381_1,12,383,385,2,-2,116,42,156,de98e100421391d903f3c84dd093c607d4eb19cf1c5ea6ca32e780147abce478
gf2^6_mult,381_1,13,385,383,-2,2,111,41,158,6cc4718c5cb217961bfd70207f1e1668835d3f9c7be81652fb9d155104cea7e8
gf2^6_mult,381_1,14,383,384,1,-1,43,1482,156,de98e100421391d903f3c84dd093c607d4eb19cf1c5ea6ca32e780147abce478
gf2^6_mult,381_1,15,384,383,-1,1,54,941,157,318524b3410e4808fdf2acefd48c6fc5ef0405a4cbcbdeabfa053849c4ed03b9
gf2^6_mult,381_1,16,383,384,1,-1,64,4383,156,0521ccc357626dc78c0d45279fcb88b6bd80b8b4c04c98c8bacebfc2ee2e0f86
gf2^6_mult,381_1,17,384,384,0,0,67,4390,156,3136e1828b1a12ba34e2c4cd73bd13645c14f27908537a96d060e401bc8f0875
gf2^6_mult,381_1,18,384,383,-1,1,67,4376,156,2ba23c6bdeeffbf8d4694a44efaee9b99249c5817b866480a8674ed7aa178af8
gf2^6_mult,381_1,19,383,383,0,0,67,4358,156,d362ec5a68b17591af7e60871e8f0ea98fbf1acc2cca447ad772643877acd10e
gf2^6_mult,381_1,20,383,383,0,0,67,4397,159,112ac33c07d92544f10b2a8f252dd2e740008f2ffd0a146c18ad619e5a5a6228
gf2^6_mult,381_1,21,383,382,-1,1,79,817,159,2c0f1255c7ad5f198399ba8bda60933606793f281ba03526e99ed8af55ba050c
gf2^6_mult,381_1,22,382,382,0,0,62,4358,159,732ed13708d2021305cd3c4c4eb44ed285254229db09c0e867d59e3b511422af
gf2^6_mult,381_1,23,382,383,1,-1,47,3434,159,2a7e960af6dd1f3951faf7dbc286c9ba793bbe177a27966cc925821bba20ff22
gf2^6_mult,381_1,24,383,382,-1,1,45,815,159,0137e6383dbf35c3a9e17a6b04694f9a0f5b44b77567735db24e7e37778cf911
gf2^6_mult,381_1,25,382,382,0,0,93,4394,159,2a7e960af6dd1f3951faf7dbc286c9ba793bbe177a27966cc925821bba20ff22
gf2^6_mult,381_1,26,382,382,0,0,37,38,159,31563fcb76deb853d9d7b99ea43c16c512963e10a02c2f80a87009b3a10b0ca2
gf2^6_mult,381_1,27,382,382,0,0,53,4409,159,b0119fb121470f1b3d16e22cee9c5a520b6df6900cf93f58894b067f9c4b4e74
gf2^6_mult,381_1,28,382,382,0,0,84,4394,159,2230e92004ac6ab1e83b4465f469fcaf83585173790ae83c79e90d342b8858ee
gf2^6_mult,381_1,29,382,382,0,0,60,4373,159,96f5363e4fdfba321a5a646de140c560bf4327763f230c9a21acf77f8b44dcba
gf2^6_mult,381_1,30,382,382,0,0,47,121,159,419db6695ccef3aa4e57e5153d09b41c976b44588614d56f9f0e6621dd4489e5
gf2^6_mult,381_1,31,382,383,1,-1,131,814,159,bc72bc753c6a4dde66a802306eaac9ef43f09edecfda9a1901f24a66d7a94df7
gf2^6_mult,381_1,32,383,382,-1,1,93,3418,159,bd65fae2fea48dc14058bea4b8e2a4b0f0d3613ef8f2a1a82fdb95541f817e52
gf2^6_mult,381_1,33,382,382,0,0,80,4349,159,bc72bc753c6a4dde66a802306eaac9ef43f09edecfda9a1901f24a66d7a94df7
gf2^6_mult,381_1,34,382,382,0,0,109,4406,159,86d5b39c7ff22474ab7e195ae1e6535bdb2985ff8b0e4f9fb188a21e777111fb
gf2^6_mult,381_1,35,382,383,1,-1,40,4431,159,6fe99c88d1d3f5171eb78460cdbb2c3cd9f52359d7816831ffb4f6d7a82d9293
gf2^6_mult,381_1,36,383,381,-2,2,52,4682,159,554ea06d1b40d5cdc0971a6e42b3d25ad8636f0846037de95af0fe24f1029f43
gf2^6_mult,382_1,0,384,384,0,0,45,4394,158,80e39e5238ac3eaa9178fabcbe437ac16c8864a51f6508a99aed8dfb8e39eee9
gf2^6_mult,382_1,1,384,384,0,0,53,4370,158,8c30a20f8dfeda2a3f873bc08c63e29ca0ab846622e8de705ff319aa361add9d
gf2^6_mult,382_1,2,384,385,1,-1,34,816,158,4f057e275b10f1493f921432863a949a4394131b12f06a009430b806a6af5594
gf2^6_mult,382_1,3,385,384,-1,1,31,3438,159,37b5e744016334115f0c6525cdfb55f24bf266755573a07963d789c585fffa6d
gf2^6_mult,382_1,4,384,385,1,-1,68,940,158,4f057e275b10f1493f921432863a949a4394131b12f06a009430b806a6af5594
gf2^6_mult,382_1,5,385,384,-1,1,79,3568,158,f661dae5d1c3c477edb55df7acc58738f09a8dcf070c6f5e07e6c3f3f4984c3d
gf2^6_mult,382_1,6,384,385,1,-1,60,4407,158,4f057e275b10f1493f921432863a949a4394131b12f06a009430b806a6af5594
gf2^6_mult,382_1,7,385,384,-1,1,62,4368,160,a222adcbbcc51456dbd87070ce2cc1070c2f83ab9e9cafcecf9315fc0c2ccd76
gf2^6_mult,382_1,8,384,384,0,0,69,1565,158,4f057e275b10f1493f921432863a949a4394131b12f06a009430b806a6af5594
gf2^6_mult,382_1,9,384,384,0,0,96,4394,158,9ea58585f790a271ea50a182eb09edfe7b2e705d732dab09b53b14268724cd73
gf2^6_mult,382_1,10,384,385,1,-1,45,816,160,a977287e5a3f716938bc7b38d165f2c4b0142ff15b78eb40465eab162790f3a9
gf2^6_mult,382_1,11,385,385,0,0,47,4406,160,a11984490bb2aca3158ac1b404aa02dba0cd1d3890703afa6edfa5d795300416
gf2^6_mult,382_1,12,385,384,-1,1,42,823,160,2882b1c8870cc801a13dec46e231bf61635a50a86d2bc71fcd88c3f6538eebd5
gf2^6_mult,382_1,13,384,385,1,-1,62,3422,160,a977287e5a3f716938bc7b38d165f2c4b0142ff15b78eb40465eab162790f3a9
gf2^6_mult,382_1,14,385,384,-1,1,48,813,161,e40ccfae70363737116940f5c5f7432b38d1d1d5539045efd078918efdae03d8
gf2^6_mult,382_1,15,384,384,0,0,48,38,160,a977287e5a3f716938bc7b38d165f2c4b0142ff15b78eb40465eab162790f3a9
gf2^6_mult,382_1,16,384,385,1,-1,67,3566,160,be006cf5982d64b6f6a0a40a9e97f898893d07644b69d00fbf38eb125c20d1df
gf2^6_mult,382_1,17,385,384,-1,1,76,941,161,40629060d59df3bb6b0046f89fdd6d64b1e117e87c96fd6d33c3804f92d38942
gf2^6_mult,382_1,18,384,384,0,0,80,4397,160,be006cf5982d64b6f6a0a40a9e97f898893d07644b69d00fbf38eb125c20d1df
gf2^6_mult,382_1,19,384,386,2,-2,57,40,158,57266094970b41f7be3573eeea65c75d469de11ae634ed41b840f0aecee3d282
gf2^6_mult,382_1,20,386,384,-2,2,52,41,160,2213bba1a4c68f5bb7447b62c91137e4f540b8e8369679c306ee9a6afec4a2b6
gf2^6_mult,382_1,21,384,385,1,-1,24,1482,158,57266094970b41f7be3573eeea65c75d469de11ae634ed41b840f0aecee3d282
gf2^6_mult,382_1,22,385,384,-1,1,24,1483,160,28da600c3497b1399762b16f2796daff7ce9cd0b15aaed192b635d20485adeba
gf2^6_mult,382_1,23,384,384,0,0,97,4394,158,57266094970b41f7be3573eeea65c75d469de11ae634ed41b840f0aecee3d282
gf2^6_mult,382_1,24,384,384,0,0,80,4406,160,be006cf5982d64b6f6a0a40a9e97f898893d07644b69d00fbf38eb125c20d1df
gf2^6_mult,382_1,25,384,385,1,-1,45,4430,158,57266094970b41f7be3573eeea65c75d469de11ae634ed41b840f0aecee3d282
gf2^6_mult,382_1,26,385,385,0,0,49,39,158,1af771f99c8eea4ce258704aa92d39a71068ba7267a9d181c7be25b0bde07269
gf2^6_mult,382_1,27,385,386,1,-1,40,3435,158,2e520832ec4c86d60231724894ffcc40a1ef3fa75f34cb925b25e7c771371fdd
gf2^6_mult,382_1,28,386,385,-1,1,45,817,158,ea6c1dbc98c0a6096e23accb9547212ea03c3460ff7269f33fed9623ab287c9b
gf2^6_mult,382_1,29,385,384,-1,1,42,815,158,2e520832ec4c86d60231724894ffcc40a1ef3fa75f34cb925b25e7c771371fdd
gf2^6_mult,382_1,30,384,385,1,-1,46,1542,158,57266094970b41f7be3573eeea65c75d469de11ae634ed41b840f0aecee3d282
gf2^6_mult,382_1,31,385,385,0,0,45,121,159,c165338d85c8e68bb8ab05e58674ec96a11d4c6d56fffe190ebb7ddb50172472
gf2^6_mult,382_1,32,385,386,1,-1,49,4435,159,a153b50f819380d3e1668eea703eb82666d785b2aff6f0fb83d0bf221df5275c
gf2^6_mult,382_1,33,386,384,-2,2,49,3558,159,781ccff67a3de176e7748fe9b9f425ee4b24af686f48aa9efada9b6b74edf958
gf2^6_mult,382_1,34,384,384,0,0,47,4409,155,2f0c19b5c06fcc84731c24c0591360fed6608567161f1f861d5f5ddd624c1c95
gf2^6_mult,382_1,35,384,384,0,0,66,4358,156,96b83f3a30be7ae08e3712bce434f81e4836e7b67a32687c7ff34e0685ba9a17
gf2^6_mult,382_1,36,384,386,2,-2,57,40,156,2bc50729ee9220e581b8d454b87c5ed18c76e3f2e5ebf173d658504daeeb9ba0
gf2^6_mult,382_1,37,386,386,0,0,44,110,158,199120731ca0eb64104407015290da8613c6e0fb6b36a90132ba7fc7bbc28a76
gf2^6_mult,382_1,38,386,386,0,0,46,127,158,5dfe671eef7700f074742165aa7bb260cb2536bd1ca97041779399e5f52d2a39
gf2^6_mult,382_1,39,386,384,-2,2,52,41,158,199120731ca0eb64104407015290da8613c6e0fb6b36a90132ba7fc7bbc28a76
gf2^6_mult,382_1,40,384,384,0,0,64,1565,156,2bc50729ee9220e581b8d454b87c5ed18c76e3f2e5ebf173d658504daeeb9ba0
gf2^6_mult,382_1,41,384,384,0,0,68,4346,156,8fd26e5889001e27bf3a54dfe8fccc7e2e4aefb703c070d8bdd0b99eef449a2c
gf2^6_mult,382_1,42,384,384,0,0,32,1535,156,3fce571379ce68a25e283f7fe14519c450cd4a471a282065c764c82ca8dc83bb
gf2^6_mult,382_1,43,384,384,0,0,51,4358,154,0dc175d4718db7f3696999ac8149af53c9afc800e97532ae4508edaf2ed43d13
gf2^6_mult,382_1,44,384,385,1,-1,70,944,156,6ea81a4cc63d4052ddd1992bbecd6d7aea8a1cd00816fbcc1af92a4fb977731c
gf2^6_mult,382_1,45,385,385,0,0,57,4358,156,3e8a70fdc2e1d85fcfc37348ce94960a731a9c0d9b0ea74f5b20d90e70464290
gf2^6_mult,382_1,46,385,384,-1,1,91,3568,156,aaf3ba329f8738fb593e1a4799999df104cbc9ead85a305f0ff6d25483b1e712
gf2^6_mult,382_1,47,384,386,2,-2,39,36,156,6271d6a5c0453dace4f23f44c020ee610453673656bcb8db68a4bbe96f67338c
gf2^6_mult,382_1,48,386,386,0,0,39,120,158,0225ca3f94cd0c9523d04339e1ccaa3e71555eef11bd93b20e14b515ebc40060
gf2^6_mult,382_1,49,386,386,0,0,39,120,158,d886d1ecdd1e34cb6f9bb1cd1267828379f51397ce2b7ca87553d07621fa3a15
gf2^6_mult,382_1,50,386,384,-2,2,39,37,158,0225ca3f94cd0c9523d04339e1ccaa3e71555eef11bd93b20e14b515ebc40060
gf2^6_mult,382_1,51,384,384,0,0,45,4361,156,6271d6a5c0453dace4f23f44c020ee610453673656bcb8db68a4bbe96f67338c
gf2^6_mult,382_1,52,384,383,-1,1,55,3432,155,e174a691a7c9b99e8553163c5fac9f57e45316ba04d4f1393503cb3b5a021228
gf2^6_mult,382_1,53,383,383,0,0,98,4361,155,58eb14bc4831f172f36db833ef7288af20a4876b970ca62a0954ca27794e4507
gf2^6_mult,382_1,54,383,384,1,-1,85,3429,158,88d7b79091126976711bd2612eede6d7f75d8774f108da526ded13c301c798aa
gf2^6_mult,382_1,55,384,384,0,0,107,4409,161,73fa606fcaa9cac137958a9b0bd8488c5a8e9d896e0a6b789f5af3d4a72e6032
gf2^6_mult,382_1,56,384,384,0,0,109,4373,161,4f06485353bb3bf3684247694fc0835b14011e11adf1523a67fe555d9eee13f4
gf2^6_mult,382_1,57,384,383,-1,1,118,3430,161,309cb9e3b250a2771e17ce53d9ae30d879f2f81c3faa1a91c4217dd3dc5caa0d
gf2^6_mult,382_1,58,383,383,0,0,47,121,158,88d7b79091126976711bd2612eede6d7f75d8774f108da526ded13c301c798aa
gf2^6_mult,382_1,59,383,383,0,0,57,120,158,740aa1d90cbfbe6f22b68507514021b16f29ba604a05dd491bd8ff93f25b8209
gf2^6_mult,382_1,60,383,384,1,-1,49,942,158,ec6a3e7f69ce022c4c20f65184a97edaa8e7561d0cb6b24ef13a9f417fbe79dd
gf2^6_mult,382_1,61,384,383,-1,1,52,943,161,8ecaf4bc5848ffdde93834279aea5b47683e22dd28cd7e14b7c810b9da295fff
gf2^6_mult,382_1,62,383,383,0,0,39,1593,158,ec6a3e7f69ce022c4c20f65184a97edaa8e7561d0cb6b24ef13a9f417fbe79dd
gf2^6_mult,382_1,63,383,384,1,-1,54,944,160,d5cba83fefd46e4de2c29d485ee33e62067bd7b0f268cb0d8d9d5e91277e3331
gf2^6_mult,382_1,64,384,383,-1,1,61,945,163,53344c1d6a30a7b352473407912126cfeb9844b8d4b64d37685da52c3d2128f6
gf2^6_mult,382_1,65,383,384,1,-1,61,3416,160,d5cba83fefd46e4de2c29d485ee33e62067bd7b0f268cb0d8d9d5e91277e3331
gf2^6_mult,382_1,66,384,383,-1,1,50,815,160,39410938883aaceca04434af56656d4f83a0034920b1ee1ac20026bee686823f
gf2^6_mult,382_1,67,383,383,0,0,34,4385,160,d5cba83fefd46e4de2c29d485ee33e62067bd7b0f268cb0d8d9d5e91277e3331
gf2^6_mult,382_1,68,383,384,1,-1,45,942,159,d09cd982a4f33cf237a174a38c5a41f9affe276898053298379a5e34fa526679
gf2^6_mult,382_1,69,384,384,0,0,45,4406,159,0c47e099822c407acf24e4ec6a01672ed25340694199523b32e9919de1ff0229
gf2^6_mult,382_1,70,384,384,0,0,51,4361,159,1e4caa6f66b692381b8752c47c930c1e6163d385ac2809c31fd0ecd5e8620236
gf2^6_mult,382_1,71,384,384,0,0,57,4394,159,d3e3e0414f3afe62c3e4b27cb9104c5fa95d52fa2df1282d7872c1358266ebaf
gf2^6_mult,382_1,72,384,382,-2,2,60,4688,159,aa79b64790e0bb82efc09b8e835d5bbd3d44166db2dda5bb8b0c761b504eabed
gf2^6_mult,382_2,0,384,385,1,-1,36,3435,158,80e39e5238ac3eaa9178fabcbe437ac16c8864a51f6508a99aed8dfb8e39eee9
gf2^6_mult,382_2,1,385,384,-1,1,52,3420,160,0d64aa0adb90dd98d699bf3aca7d3629e0349feca4bb31f3de1774a47f9d94c5
gf2^6_mult,382_2,2,384,384,0,0,97,4358,158,80e39e5238ac3eaa9178fabcbe437ac16c8864a51f6508a99aed8dfb8e39eee9
gf2^6_mult,382_2,3,384,385,1,-1,47,1542,160,c36910bd487ebf91283642f7b739b62db172233e6228e74b8f603755f09e865d
gf2^6_mult,382_2,4,385,385,0,0,45,121,161,57259bcb14d6e2e17e4fef967b03cecb873c4c73788601aef0247fafdf84e2d2
gf2^6_mult,382_2,5,385,384,-1,1,48,3562,161,785aee6ec1c7fa9097ce48421c3b1f0a1925a6d72b412c346459373e9db7502e
gf2^6_mult,382_2,6,384,384,0,0,91,4358,157,34ea39b29b0c05c9d89953e918b836bf8fc9483a306d163523cb33d420c54ab2
gf2^6_mult,382_2,7,384,384,0,0,61,4397,158,6f5ce2dce5bc0e7c9ad089f27e9607b81c75e11a6711a70e52939e7c08ada3fa
gf2^6_mult,382_2,8,384,384,0,0,48,4361,163,af1183aa266d9ef41144ce800df9f4a5140a3e1a0af82007a300bb3808c0d057
gf2^6_mult,382_2,9,384,384,0,0,74,4409,163,6fddce6beba8ce8c7945229b9ae4da696fcbf0b521324b2d9999ac19c1655c00
gf2^6_mult,382_2,10,384,384,0,0,67,4361,164,6202df71b86dfbff9b3df2a81aa0bcc80a96a54738ac5c2b3304cd58b296fa36
gf2^6_mult,382_2,11,384,384,0,0,92,4394,163,a24de381cb6553efa58537f1b1bbfb8291fe90a31cce1c86853375c30d9f2ff6
gf2^6_mult,382_2,12,384,384,0,0,65,4397,164,6202df71b86dfbff9b3df2a81aa0bcc80a96a54738ac5c2b3304cd58b296fa36
gf2^6_mult,382_2,13,384,385,1,-1,44,1482,166,8c8a3479a69f389af4b56337dd8e839622af927b0e7957a67c3a00952dd78851
gf2^6_mult,382_2,14,385,384,-1,1,59,953,167,d398a839314ad01d1841cb6aaa534c21bf247b776cd5c555cdf357ee86dfe884
gf2^6_mult,382_2,15,384,384,0,0,47,4409,166,8c8a3479a69f389af4b56337dd8e839622af927b0e7957a67c3a00952dd78851
gf2^6_mult,382_2,16,384,385,1,-1,60,952,167,f027f9fd99534aff66a52d4d82e5d00ae442aecc23b413644001073a7ba2cbc7
gf2^6_mult,382_2,17,385,386,1,-1,38,942,167,063019c6da4aa113697983c4e303af133779bfe3da24ef894207face75479486
gf2^6_mult,382_2,18,386,384,-2,2,42,4682,167,434f17059655a3530d0afee3156abd2b1aa93f4bf41a56ddaf918aeedf49af83
gf2^6_mult,382_2,19,384,384,0,0,59,120,167,f027f9fd99534aff66a52d4d82e5d00ae442aecc23b413644001073a7ba2cbc7
gf2^6_mult,382_2,20,384,384,0,0,67,4409,167,031f3cc98d6620a0792b2e33e05c15f5a0747ee4d31f7ca5e6949f458d293b73
gf2^6_mult,382_2,21,384,384,0,0,61,4361,166,46090f387169af0c42f18743b6aef1edaeede1941229a678c9cb7da4b30ad6c2
gf2^6_mult,382_2,22,384,384,0,0,92,4361,164,1c1b93d752a71e080c250f8d4bc55f10638043786831bdbac64967e4dee655ec
gf2^6_mult,382_2,23,384,384,0,0,94,4361,165,130ab94e07516eca147b220b068f130cd6810424d26177ed92e4dcdee2608685
gf2^6_mult,382_2,24,384,384,0,0,54,4406,167,e8aa51b82d362403376b0e7b004444a839728c3793909c4ba0345d133cde3b9d
gf2^6_mult,382_2,25,384,384,0,0,56,4358,169,c79c6e2a51f2a3fac32fd9d7d7898ca5751a8ee10697094da112fb5330d12bb9
gf2^6_mult,382_2,26,384,384,0,0,47,4394,170,0192db9c7735a2b56c5d02d31362d3721009449294cc0922df503f9d69388aaa
gf2^6_mult,382_2,27,384,386,2,-2,40,42,170,b2853d8be5e04d7dd7510fa1cf2eb33d415bc868af3621fbca6f1385a641e16e
gf2^6_mult,382_2,28,386,384,-2,2,39,41,172,cc3621175985392b7467a9f8bcc54f5533205058954ea7d01a73b343dd716902
gf2^6_mult,382_2,29,384,384,0,0,75,4406,170,b2853d8be5e04d7dd7510fa1cf2eb33d415bc868af3621fbca6f1385a641e16e
gf2^6_mult,382_2,30,384,386,2,-2,57,42,169,eff32f1be48f57ca8bd381261a2ef98350a3cd38b03a65db46a64721d08ad91e
gf2^6_mult,382_2,31,386,384,-2,2,56,43,169,433cd536e2bbfe8138280d68add693e9f2313ee7d40b6d90f7b047783888d3b1
gf2^6_mult,382_2,32,384,383,-1,1,75,819,169,eff32f1be48f57ca8bd381261a2ef98350a3cd38b03a65db46a64721d08ad91e
gf2^6_mult,382_2,33,383,385,2,-2,106,42,169,60a4bfe1948ed5fb3ff92eed3c32139bd03d8bd91d0fdec177377e14eb6a2be4
gf2^6_mult,382_2,34,385,383,-2,2,99,41,169,a440a332295e7af7a39e67dc299d5380b10caee108bace4bc50133621f1c216f
gf2^6_mult,382_2,35,383,383,0,0,58,4406,169,60a4bfe1948ed5fb3ff92eed3c32139bd03d8bd91d0fdec177377e14eb6a2be4
gf2^6_mult,382_2,36,383,383,0,0,41,4349,169,051b05b097a72fe49d2f612bb01a772c500e656062bd8e1e073b87de86637f2c
gf2^6_mult,382_2,37,383,383,0,0,67,4397,169,41e2dde3807f3260deebfefa41c0cb3ae62884a5844949f171635f00c54b6376
gf2^6_mult,382_2,38,383,383,0,0,105,4349,169,32acaf78552bc001ec9d0cfcf22483856340fa3b237d434aca3fe636bd23b2ef
gf2^6_mult,382_2,39,383,383,0,0,61,4397,168,796ab2b22693e2553e3562a0580ae9687735bca54ab9eb694ed876c4ce92b6aa
gf2^6_mult,382_2,40,383,382,-1,1,44,819,168,5f49dfcbf2cbec6a287a90118e36ebc84cb53eb2ddfe0a59e013980f4db0bca8
gf2^6_mult,383_0,0,384,384,0,0,99,1592,160,3315212002917739c88d2ac704f585b8fb931d8a5953c7f837a047107ec070c4
gf2^6_mult,383_0,1,384,386,2,-2,109,42,158,da4c0628fa11d84725b32b41b1c2d4f9765972b36832f6203af4e4053662aa14
gf2^6_mult,383_0,2,386,384,-2,2,104,41,160,febb4840a0be8e2b1924c7fb133740f2bddba93ad079dc3d9ebf2333c1f76344
gf2^6_mult,383_0,3,384,385,1,-1,56,936,158,da4c0628fa11d84725b32b41b1c2d4f9765972b36832f6203af4e4053662aa14
gf2^6_mult,383_0,4,385,384,-1,1,89,819,158,9b78b89fa1916137bf70f096fbdd37e4c7312d9b73de29e205912c77b151b548
gf2^6_mult,383_0,5,384,386,2,-2,53,40,158,21f94f4bd19840a10e25439dd6ef36be878760b798d8ecd4fb3b1915a640d649
gf2^6_mult,383_0,6,386,386,0,0,52,3842,160,84fee41118f6878145d5a69270b2ba973d7643a5f5caa58efa0ed26a933af6e2
gf2^6_mult,383_0,7,386,386,0,0,55,120,160,51a757e7af1e0e09b56fb861889473125d66305c9844001dc6deb33372b9275e
gf2^6_mult,383_0,8,386,386,0,0,55,121,160,c22f4ff5b7d3fa63fe2edb7dd7398a02f786f45cfd158bd8bddbc97e8fb44cf8
gf2^6_mult,383_0,9,386,385,-1,1,54,4368,160,51a757e7af1e0e09b56fb861889473125d66305c9844001dc6deb33372b9275e
gf2^6_mult,383_0,10,385,387,2,-2,50,40,158,1d99882f03725bd8625f2e1335482e5e78474007f193231fab6434183c1185f1
gf2^6_mult,383_0,11,387,385,-2,2,50,41,160,8656cabc8e8cde1622f88eabb80a9a589485d227e822a76aa7a9e51536951183
gf2^6_mult,383_0,12,385,385,0,0,53,4349,158,1d99882f03725bd8625f2e1335482e5e78474007f193231fab6434183c1185f1
gf2^6_mult,383_0,13,385,386,1,-1,56,810,158,84872d23dd2068d234cc3549c76c95d8b6e9def6dbe05d04c5c4047a3ef9108e
gf2^6_mult,383_0,14,386,385,-1,1,54,3430,159,30ed599dc6e3e11933568304c98629bc74616e88c525f1583aeaea42c9a21a0e
gf2^6_mult,383_0,15,385,387,2,-2,54,42,158,84872d23dd2068d234cc3549c76c95d8b6e9def6dbe05d04c5c4047a3ef9108e
gf2^6_mult,383_0,16,387,385,-2,2,53,41,160,f5ecd8c1ee2a8b325418428df54ed038a9d4c407ad1504046f1693d1dfcac0e7
gf2^6_mult,383_0,17,385,385,0,0,32,1592,158,84872d23dd2068d234cc3549c76c95d8b6e9def6dbe05d04c5c4047a3ef9108e
gf2^6_mult,383_0,18,385,385,0,0,79,1592,156,b000036a061a2ad5053db4f88b5770963a5a8d613b5ca2719311bb9579d4f0c6
gf2^6_mult,383_0,19,385,385,0,0,59,4358,156,17697105013a389f675c03b2738c9c81bf46892199dcbb84cef62c21c482e790
gf2^6_mult,383_0,20,385,385,0,0,52,4346,156,e6d12730730e0af32c7123bc6403c39c122fa8220be48645ec3e9ec16c2b1cd8
gf2^6_mult,383_0,21,385,385,0,0,59,4358,156,d98891a8f4a2de86eca1669e3bb70b98ba74e931251c60c98bda7da68fd0b1ed
gf2^6_mult,383_0,22,385,386,1,-1,60,3434,156,0018161c4d1a733871b97568ed840f8fb01185ccacdf327a72e0bc01cb2c7e1c
gf2^6_mult,383_0,23,386,385,-1,1,59,815,157,819e7896ff077b9420657b798aefb7782350984f3ff4a2d957694f5464ec8b9c
gf2^6_mult,383_0,24,385,387,2,-2,57,42,156,0018161c4d1a733871b97568ed840f8fb01185ccacdf327a72e0bc01cb2c7e1c
gf2^6_mult,383_0,25,387,385,-2,2,53,41,158,029e89347d1197349a4b234eb0bf49b45df62d90a876a11145c5349ca7f9578e
gf2^6_mult,383_0,26,385,385,0,0,57,4409,156,0018161c4d1a733871b97568ed840f8fb01185ccacdf327a72e0bc01cb2c7e1c
gf2^6_mult,383_0,27,385,387,2,-2,94,42,156,48d39fcf79350f3babd143aad6ac4bd2fd7020910cadc4bdb3932a2dfa005043
gf2^6_mult,383_0,28,387,387,0,0,56,110,158,75b5a02282c160db3311a826bd0c3044604650e6fd657d07449d91b0e769bb65
gf2^6_mult,383_0,29,387,387,0,0,94,4699,158,8cdc79d89848fd7fda969d22f25b86df8375375f9e2709da70efc54d1b345ce4
gf2^6_mult,383_0,30,387,385,-2,2,56,4664,158,cf2168c2be15bc77285e01009dc59ac2ea5bd9d6f5f4cb072ff520ab19ccf988
gf2^6_mult,383_0,31,385,385,0,0,59,4394,156,48d39fcf79350f3babd143aad6ac4bd2fd7020910cadc4bdb3932a2dfa005043
gf2^6_mult,383_0,32,385,386,1,-1,60,3416,156,0018161c4d1a733871b97568ed840f8fb01185ccacdf327a72e0bc01cb2c7e1c
gf2^6_mult,383_0,33,386,385,-1,1,59,815,157,819e7896ff077b9420657b798aefb7782350984f3ff4a2d957694f5464ec8b9c
gf2^6_mult,383_0,34,385,386,1,-1,52,1482,156,0018161c4d1a733871b97568ed840f8fb01185ccacdf327a72e0bc01cb2c7e1c
gf2^6_mult,383_0,35,386,385,-1,1,58,1483,158,f2468df52a642f11d896c31749fff3574987d9129aa6c46aa6c9a9f4cf187bba
gf2^6_mult,383_0,36,385,385,0,0,80,1496,156,0018161c4d1a733871b97568ed840f8fb01185ccacdf327a72e0bc01cb2c7e1c
gf2^6_mult,383_0,37,385,385,0,0,49,4385,155,c4d80f4bbc17e301ee930007f1a1ee5303557c7379899d0b81e6d1c989e44e7d
gf2^6_mult,383_0,38,385,386,1,-1,53,1540,155,fada9709c7d2192d74e0516777067cd4a9c31fb3a75309ec4a3f002a55086a69
gf2^6_mult,383_0,39,386,384,-2,2,59,37,156,f89f80fa6cb4bea53d9d369bef72d563ecc47dc26f454479c13b8207132526b7
gf2^6_mult,383_0,40,384,384,0,0,64,4358,155,54766179170bc1818aa461f37aa1fefc384b392ede21af69ea72ee3b7f6deb65
gf2^6_mult,383_0,41,384,385,1,-1,55,4372,155,a27e69b1e512672a651eca7de3e4598016fdde5c3e978e849827f217ddcd7df9
gf2^6_mult,383_0,42,385,383,-2,2,57,4670,155,c508173cc46e9136e02af64690e749cb6b38921d0cf0823d53b94aaa8a3f4e24
gf2^6_mult,383_1,0,384,384,0,0,45,4394,158,80e39e5238ac3eaa9178fabcbe437ac16c8864a51f6508a99aed8dfb8e39eee9
gf2^6_mult,383_1,1,384,384,0,0,53,4370,158,8c30a20f8dfeda2a3f873bc08c63e29ca0ab846622e8de705ff319aa361add9d
gf2^6_mult,383_1,2,384,385,1,-1,34,816,158,4f057e275b10f1493f921432863a949a4394131b12f06a009430b806a6af5594
gf2^6_mult,383_1,3,385,384,-1,1,31,3438,159,37b5e744016334115f0c6525cdfb55f24bf266755573a07963d789c585fffa6d
gf2^6_mult,383_1,4,384,385,1,-1,68,940,158,4f057e275b10f1493f921432863a949a4394131b12f06a009430b806a6af5594
gf2^6_mult,383_1,5,385,384,-1,1,79,3568,158,f661dae5d1c3c477edb55df7acc58738f09a8dcf070c6f5e07e6c3f3f4984c3d
gf2^6_mult,383_1,6,384,385,1,-1,60,4407,158,4f057e275b10f1493f921432863a949a4394131b12f06a009430b806a6af5594
gf2^6_mult,383_1,7,385,384,-1,1,62,4368,160,a222adcbbcc51456dbd87070ce2cc1070c2f83ab9e9cafcecf9315fc0c2ccd76
gf2^6_mult,383_1,8,384,384,0,0,69,1565,158,4f057e275b10f1493f921432863a949a4394131b12f06a009430b806a6af5594
gf2^6_mult,383_1,9,384,384,0,0,96,4394,158,9ea58585f790a271ea50a182eb09edfe7b2e705d732dab09b53b14268724cd73
gf2^6_mult,383_1,10,384,385,1,-1,45,816,160,a977287e5a3f716938bc7b38d165f2c4b0142ff15b78eb40465eab162790f3a9
gf2^6_mult,383_1,11,385,385,0,0,47,4406,160,a11984490bb2aca3158ac1b404aa02dba0cd1d3890703afa6edfa5d795300416
gf2^6_mult,383_1,12,385,384,-1,1,42,823,160,2882b1c8870cc801a13dec46e231bf61635a50a86d2bc71fcd88c3f6538eebd5
gf2^6_mult,383_1,13,384,385,1,-1,62,3422,160,a977287e5a3f716938bc7b38d165f2c4b0142ff15b78eb40465eab162790f3a9
gf2^6_mult,383_1,14,385,384,-1,1,48,813,161,e40ccfae70363737116940f5c5f7432b38d1d1d5539045efd078918efdae03d8
gf2^6_mult,383_1,15,384,384,0,0,48,38,160,a977287e5a3f716938bc7b38d165f2c4b0142ff15b78eb40465eab162790f3a9
gf2^6_mult,383_1,16,384,385,1,-1,67,3566,160,be006cf5982d64b6f6a0a40a9e97f898893d07644b69d00fbf38eb125c20d1df
gf2^6_mult,383_1,17,385,384,-1,1,76,941,161,40629060d59df3bb6b0046f89fdd6d64b1e117e87c96fd6d33c3804f92d38942
gf2^6_mult,383_1,18,384,384,0,0,80,4397,160,be006cf5982d64b6f6a0a40a9e97f898893d07644b69d00fbf38eb125c20d1df
gf2^6_mult,383_1,19,384,386,2,-2,57,40,158,57266094970b41f7be3573eeea65c75d469de11ae634ed41b840f0aecee3d282
gf2^6_mult,383_1,20,386,384,-2,2,52,41,160,2213bba1a4c68f5bb7447b62c91137e4f540b8e8369679c306ee9a6afec4a2b6
gf2^6_mult,383_1,21,384,385,1,-1,24,1482,158,57266094970b41f7be3573eeea65c75d469de11ae634ed41b840f0aecee3d282
gf2^6_mult,383_1,22,385,384,-1,1,24,1483,160,28da600c3497b1399762b16f2796daff7ce9cd0b15aaed192b635d20485adeba
gf2^6_mult,383_1,23,384,384,0,0,97,4394,158,57266094970b41f7be3573eeea65c75d469de11ae634ed41b840f0aecee3d282
gf2^6_mult,383_1,24,384,384,0,0,80,4406,160,be006cf5982d64b6f6a0a40a9e97f898893d07644b69d00fbf38eb125c20d1df
gf2^6_mult,383_1,25,384,385,1,-1,45,4430,158,57266094970b41f7be3573eeea65c75d469de11ae634ed41b840f0aecee3d282
gf2^6_mult,383_1,26,385,385,0,0,49,39,158,1af771f99c8eea4ce258704aa92d39a71068ba7267a9d181c7be25b0bde07269
gf2^6_mult,383_1,27,385,386,1,-1,40,3435,158,2e520832ec4c86d60231724894ffcc40a1ef3fa75f34cb925b25e7c771371fdd
gf2^6_mult,383_1,28,386,385,-1,1,45,817,158,ea6c1dbc98c0a6096e23accb9547212ea03c3460ff7269f33fed9623ab287c9b
gf2^6_mult,383_1,29,385,384,-1,1,42,815,158,2e520832ec4c86d60231724894ffcc40a1ef3fa75f34cb925b25e7c771371fdd
gf2^6_mult,383_1,30,384,385,1,-1,46,1542,158,57266094970b41f7be3573eeea65c75d469de11ae634ed41b840f0aecee3d282
gf2^6_mult,383_1,31,385,385,0,0,45,121,159,c165338d85c8e68bb8ab05e58674ec96a11d4c6d56fffe190ebb7ddb50172472
gf2^6_mult,383_1,32,385,386,1,-1,49,4435,159,a153b50f819380d3e1668eea703eb82666d785b2aff6f0fb83d0bf221df5275c
gf2^6_mult,383_1,33,386,384,-2,2,49,3558,159,781ccff67a3de176e7748fe9b9f425ee4b24af686f48aa9efada9b6b74edf958
gf2^6_mult,383_1,34,384,384,0,0,47,4409,155,2f0c19b5c06fcc84731c24c0591360fed6608567161f1f861d5f5ddd624c1c95
gf2^6_mult,383_1,35,384,384,0,0,66,4358,156,96b83f3a30be7ae08e3712bce434f81e4836e7b67a32687c7ff34e0685ba9a17
gf2^6_mult,383_1,36,384,386,2,-2,57,40,156,2bc50729ee9220e581b8d454b87c5ed18c76e3f2e5ebf173d658504daeeb9ba0
gf2^6_mult,383_1,37,386,386,0,0,44,110,158,199120731ca0eb64104407015290da8613c6e0fb6b36a90132ba7fc7bbc28a76
gf2^6_mult,383_1,38,386,386,0,0,46,127,158,5dfe671eef7700f074742165aa7bb260cb2536bd1ca97041779399e5f52d2a39
gf2^6_mult,383_1,39,386,384,-2,2,52,41,158,199120731ca0eb64104407015290da8613c6e0fb6b36a90132ba7fc7bbc28a76
gf2^6_mult,383_1,40,384,384,0,0,64,1565,156,2bc50729ee9220e581b8d454b87c5ed18c76e3f2e5ebf173d658504daeeb9ba0
gf2^6_mult,383_1,41,384,384,0,0,68,4346,156,8fd26e5889001e27bf3a54dfe8fccc7e2e4aefb703c070d8bdd0b99eef449a2c
gf2^6_mult,383_1,42,384,384,0,0,32,1535,156,3fce571379ce68a25e283f7fe14519c450cd4a471a282065c764c82ca8dc83bb
gf2^6_mult,383_1,43,384,384,0,0,51,4358,154,0dc175d4718db7f3696999ac8149af53c9afc800e97532ae4508edaf2ed43d13
gf2^6_mult,383_1,44,384,385,1,-1,70,944,156,6ea81a4cc63d4052ddd1992bbecd6d7aea8a1cd00816fbcc1af92a4fb977731c
gf2^6_mult,383_1,45,385,385,0,0,57,4358,156,3e8a70fdc2e1d85fcfc37348ce94960a731a9c0d9b0ea74f5b20d90e70464290
gf2^6_mult,383_1,46,385,384,-1,1,91,3568,156,aaf3ba329f8738fb593e1a4799999df104cbc9ead85a305f0ff6d25483b1e712
gf2^6_mult,383_1,47,384,386,2,-2,39,36,156,6271d6a5c0453dace4f23f44c020ee610453673656bcb8db68a4bbe96f67338c
gf2^6_mult,383_1,48,386,386,0,0,39,120,158,0225ca3f94cd0c9523d04339e1ccaa3e71555eef11bd93b20e14b515ebc40060
gf2^6_mult,383_1,49,386,386,0,0,39,120,158,d886d1ecdd1e34cb6f9bb1cd1267828379f51397ce2b7ca87553d07621fa3a15
gf2^6_mult,383_1,50,386,384,-2,2,39,37,158,0225ca3f94cd0c9523d04339e1ccaa3e71555eef11bd93b20e14b515ebc40060
gf2^6_mult,383_1,51,384,384,0,0,45,4361,156,6271d6a5c0453dace4f23f44c020ee610453673656bcb8db68a4bbe96f67338c
gf2^6_mult,383_1,52,384,383,-1,1,55,3432,155,e174a691a7c9b99e8553163c5fac9f57e45316ba04d4f1393503cb3b5a021228
gf2^6_mult,383_2,0,384,385,1,-1,36,3435,158,80e39e5238ac3eaa9178fabcbe437ac16c8864a51f6508a99aed8dfb8e39eee9
gf2^6_mult,383_2,1,385,384,-1,1,52,3420,160,0d64aa0adb90dd98d699bf3aca7d3629e0349feca4bb31f3de1774a47f9d94c5
gf2^6_mult,383_2,2,384,384,0,0,97,4358,158,80e39e5238ac3eaa9178fabcbe437ac16c8864a51f6508a99aed8dfb8e39eee9
gf2^6_mult,383_2,3,384,385,1,-1,47,1542,160,c36910bd487ebf91283642f7b739b62db172233e6228e74b8f603755f09e865d
gf2^6_mult,383_2,4,385,385,0,0,45,121,161,57259bcb14d6e2e17e4fef967b03cecb873c4c73788601aef0247fafdf84e2d2
gf2^6_mult,383_2,5,385,384,-1,1,48,3562,161,785aee6ec1c7fa9097ce48421c3b1f0a1925a6d72b412c346459373e9db7502e
gf2^6_mult,383_2,6,384,384,0,0,91,4358,157,34ea39b29b0c05c9d89953e918b836bf8fc9483a306d163523cb33d420c54ab2
gf2^6_mult,383_2,7,384,384,0,0,61,4397,158,6f5ce2dce5bc0e7c9ad089f27e9607b81c75e11a6711a70e52939e7c08ada3fa
gf2^6_mult,383_2,8,384,384,0,0,48,4361,163,af1183aa266d9ef41144ce800df9f4a5140a3e1a0af82007a300bb3808c0d057
gf2^6_mult,383_2,9,384,384,0,0,74,4409,163,6fddce6beba8ce8c7945229b9ae4da696fcbf0b521324b2d9999ac19c1655c00
gf2^6_mult,383_2,10,384,384,0,0,67,4361,164,6202df71b86dfbff9b3df2a81aa0bcc80a96a54738ac5c2b3304cd58b296fa36
gf2^6_mult,383_2,11,384,384,0,0,92,4394,163,a24de381cb6553efa58537f1b1bbfb8291fe90a31cce1c86853375c30d9f2ff6
gf2^6_mult,383_2,12,384,384,0,0,65,4397,164,6202df71b86dfbff9b3df2a81aa0bcc80a96a54738ac5c2b3304cd58b296fa36
gf2^6_mult,383_2,13,384,385,1,-1,44,1482,166,8c8a3479a69f389af4b56337dd8e839622af927b0e7957a67c3a00952dd78851
gf2^6_mult,383_2,14,385,384,-1,1,59,953,167,d398a839314ad01d1841cb6aaa534c21bf247b776cd5c555cdf357ee86dfe884
gf2^6_mult,383_2,15,384,384,0,0,47,4409,166,8c8a3479a69f389af4b56337dd8e839622af927b0e7957a67c3a00952dd78851
gf2^6_mult,383_2,16,384,385,1,-1,60,952,167,f027f9fd99534aff66a52d4d82e5d00ae442aecc23b413644001073a7ba2cbc7
gf2^6_mult,383_2,17,385,386,1,-1,38,942,167,063019c6da4aa113697983c4e303af133779bfe3da24ef894207face75479486
gf2^6_mult,383_2,18,386,384,-2,2,42,4682,167,434f17059655a3530d0afee3156abd2b1aa93f4bf41a56ddaf918aeedf49af83
gf2^6_mult,383_2,19,384,384,0,0,59,120,167,f027f9fd99534aff66a52d4d82e5d00ae442aecc23b413644001073a7ba2cbc7
gf2^6_mult,383_2,20,384,384,0,0,67,4409,167,031f3cc98d6620a0792b2e33e05c15f5a0747ee4d31f7ca5e6949f458d293b73
gf2^6_mult,383_2,21,384,384,0,0,61,4361,166,46090f387169af0c42f18743b6aef1edaeede1941229a678c9cb7da4b30ad6c2
gf2^6_mult,383_2,22,384,384,0,0,92,4361,164,1c1b93d752a71e080c250f8d4bc55f10638043786831bdbac64967e4dee655ec
gf2^6_mult,383_2,23,384,384,0,0,94,4361,165,130ab94e07516eca147b220b068f130cd6810424d26177ed92e4dcdee2608685
gf2^6_mult,383_2,24,384,384,0,0,54,4406,167,e8aa51b82d362403376b0e7b004444a839728c3793909c4ba0345d133cde3b9d
gf2^6_mult,383_2,25,384,384,0,0,56,4358,169,c79c6e2a51f2a3fac32fd9d7d7898ca5751a8ee10697094da112fb5330d12bb9
gf2^6_mult,383_2,26,384,384,0,0,47,4394,170,0192db9c7735a2b56c5d02d31362d3721009449294cc0922df503f9d69388aaa
gf2^6_mult,383_2,27,384,386,2,-2,40,42,170,b2853d8be5e04d7dd7510fa1cf2eb33d415bc868af3621fbca6f1385a641e16e
gf2^6_mult,383_2,28,386,384,-2,2,39,41,172,cc3621175985392b7467a9f8bcc54f5533205058954ea7d01a73b343dd716902
gf2^6_mult,383_2,29,384,384,0,0,75,4406,170,b2853d8be5e04d7dd7510fa1cf2eb33d415bc868af3621fbca6f1385a641e16e
gf2^6_mult,383_2,30,384,386,2,-2,57,42,169,eff32f1be48f57ca8bd381261a2ef98350a3cd38b03a65db46a64721d08ad91e
gf2^6_mult,383_2,31,386,384,-2,2,56,43,169,433cd536e2bbfe8138280d68add693e9f2313ee7d40b6d90f7b047783888d3b1
gf2^6_mult,383_2,32,384,383,-1,1,75,819,169,eff32f1be48f57ca8bd381261a2ef98350a3cd38b03a65db46a64721d08ad91e
gf2^6_mult,383_5,0,384,385,1,-1,47,1542,158,d8790293aee6e38947f9b4ae12806769d74da40729df8585cb1d42b5900ad488
gf2^6_mult,383_5,1,385,385,0,0,45,1564,159,48c2e4e7e3393f8313d92686304634616a7d3bcb540d5865a07982e799ef9e79
gf2^6_mult,383_5,2,385,384,-1,1,50,943,158,ee2e9129856c5af0baf889d3fb3a864ec0921abf32548fef10a335bdd6121899
gf2^6_mult,383_5,3,384,384,0,0,61,4361,155,b04ea8c2b9496a836faff30d5e964c36d7c25ba8da29dd9d88abe0265e5b510c
gf2^6_mult,383_5,4,384,384,0,0,73,1565,160,603e450ed39611b811caabff542b6901d4848af8712c364b6a19ceb3bf1c1ff1
gf2^6_mult,383_5,5,384,384,0,0,54,4358,160,2ecbb60a83f778a221b57158fd527f90e4f304650dbe43255c4402cb705dafb3
gf2^6_mult,383_5,6,384,385,1,-1,47,1482,162,b21cbcbf9462f067e5d9c6ce1818709047b09d20fea7cbb344ce3937b78a5a7a
gf2^6_mult,383_5,7,385,384,-1,1,58,3568,164,20eeded2539ca8c061e8d504011b64efa264d57ddab4561212e22bd9a32420e8
gf2^6_mult,383_5,8,384,386,2,-2,47,40,162,b4ecf38021930697e7b42cf3635a35745c79205f6507bf5540a42513bcf0ab5f
gf2^6_mult,383_5,9,386,386,0,0,30,4699,164,adeefaded4ccc4e12c882faf39e20b487ab545cb8c37f4141b6a73b9a0d6fe67
gf2^6_mult,383_5,10,386,386,0,0,37,4681,164,dcc4270c08ce03e30a6a5a202a151eb69939bb4d95bfcdc85f34671b524da189
gf2^6_mult,383_5,11,386,384,-2,2,37,4670,164,afaa9fabe512ca0ea8679e20b3b93f544de4f1f601345e57f50aef20bfc0c58c
gf2^6_mult,383_5,12,384,384,0,0,62,1535,162,760bbdfd313f0bca933d91e0d57c00ea404dcd878e247e80f22ea4e8efc6e69f
gf2^6_mult,383_5,13,384,385,1,-1,54,1482,165,9a21ad9cf65284c2f49332dfda0408951794eb98ebb8b2c91e4da46a6aa35531
gf2^6_mult,383_5,14,385,384,-1,1,63,941,167,6181f126cf56800f9f4e046718cdade7d09d26c7578dbd23392f0ddf33940a2a
gf2^6_mult,383_5,15,384,385,1,-1,97,1542,160,02f0c53dafc8a76bef996cce58c93c80443acfea6a8e42f26bfe20b06856ce99
gf2^6_mult,383_5,16,385,385,0,0,97,4409,161,28ccea3320edc305db29d06330bad9f49db07a795b000ba8683a072cbcd4356a
gf2^6_mult,383_5,17,385,385,0,0,93,1564,162,2c55a707f4e0db651cf19d0453484e9e9606dc151327b420319c29bafd30161c
gf2^6_mult,383_5,18,385,385,0,0,87,3284,162,14c08e6a5a3b1101d6ac5931b22613f7f85001bb1ca10964c4586088d8b5cd23
gf2^6_mult,383_5,19,385,386,1,-1,111,818,163,b2660bccedd9d6632d850de27878a2b7321d5fc09fa8e8097da885b69487c6bf
gf2^6_mult,383_5,20,386,385,-1,1,77,819,162,add18eda8482c89f6d9c0744796efe391f6437b90a3f28502fc045398547d2d2
gf2^6_mult,383_5,21,385,386,1,-1,112,3422,163,b2660bccedd9d6632d850de27878a2b7321d5fc09fa8e8097da885b69487c6bf
gf2^6_mult,383_5,22,386,386,0,0,119,4406,163,2b4f3d1bd61c74ed29211b9a7b9ac8f86d8ba38e8cc9070805a5b379d2c496ab
gf2^6_mult,383_5,23,386,386,0,0,92,120,164,1afce500a94977e63e778649c33e277dffc78ab0e922d44c56c2afdc5ea88c67
gf2^6_mult,383_5,24,386,386,0,0,100,4382,164,8c1320b0210ab9e8fcf32a566855860b769f0bba46af8350d1730a564685bbcb
gf2^6_mult,383_5,25,386,385,-1,1,115,819,164,67d7b8b6fcb9659be4de816d732bb97dc8a29148347cf1efbe8dbb64e1276a3c
gf2^6_mult,383_5,26,385,386,1,-1,112,4359,161,9a011df20d3e9661f3dac198d5a0ba603e76d94ca056dc052826c949b0f4de23
gf2^6_mult,383_5,27,386,387,1,-1,114,4387,162,e47484e1fc618fa94afcd0c9f234691ccb56ef6317645396640c9b1350ae013e
gf2^6_mult,383_5,28,387,386,-1,1,104,3418,162,ba41259e18b2d7561943773c554b817cd53d6b32049d7daf1b4cf8263efd75ea
gf2^6_mult,383_5,29,386,386,0,0,91,4668,160,5e348644d60e8cab85892c70cc81466461707a8233a09464c25afc8a399a959b
gf2^6_mult,383_5,30,386,384,-2,2,71,4660,160,d98bbfc498de4a0135bdd55f649b4b54dfc810efa7b5fd78462ceba5706b13b2
gf2^6_mult,383_5,31,384,384,0,0,93,4409,160,8720a06a74328dd980b1f88f6651d2fd8a0e2519b68d172a804104a51dbd2628
gf2^6_mult,383_5,32,384,384,0,0,110,4409,160,c09b6eda1b5658df68ffdfee9c16e446c7574691f4b4ab3494ecd827072042d4
gf2^6_mult,383_5,33,384,384,0,0,106,4358,160,964cc40232140b02c7b0b2c88867c029dc89b1df748d8d1e4c80804a2f3dc622
gf2^6_mult,383_5,34,384,385,1,-1,110,4360,160,c09b6eda1b5658df68ffdfee9c16e446c7574691f4b4ab3494ecd827072042d4
gf2^6_mult,383_5,35,385,384,-1,1,114,4368,162,b25b16edb9d0520946d580ada13449afd0f01ec86cd195df8f4fa17c4dca4cf3
gf2^6_mult,383_5,36,384,384,0,0,106,4397,160,964cc40232140b02c7b0b2c88867c029dc89b1df748d8d1e4c80804a2f3dc622
gf2^6_mult,383_5,37,384,384,0,0,77,121,160,c09b6eda1b5658df68ffdfee9c16e446c7574691f4b4ab3494ecd827072042d4
gf2^6_mult,383_5,38,384,385,1,-1,70,3435,160,a17fdb3d379a8f5cd872300c66ab7f17d18a93c52d2390cbebc73d6c1913897b
gf2^6_mult,383_5,39,385,385,0,0,65,44,160,6c064abc5a17fd40cb9a3ea365b2d901181f494b4e858593731a09ee1c095e5b
gf2^6_mult,383_5,40,385,384,-1,1,68,3564,160,bfa5b3bbca7336a16cba751eb36d72fba10ecb2ce4cdcb60972d1f5843d6e202
gf2^6_mult,383_5,41,384,384,0,0,72,4382,160,a17fdb3d379a8f5cd872300c66ab7f17d18a93c52d2390cbebc73d6c1913897b
gf2^6_mult,383_5,42,384,385,1,-1,64,4372,160,63785802566d56eab03afcb4f7cac6bc0f6bf2582846b443d58a18d1cd3fb895
gf2^6_mult,383_5,43,385,384,-1,1,72,4356,160,d5913bd428b6876b7d7e75bc28643b1352ec20c74308c02912b4bb3b990237e1
gf2^6_mult,383_5,44,384,384,0,0,106,4394,160,a17fdb3d379a8f5cd872300c66ab7f17d18a93c52d2390cbebc73d6c1913897b
gf2^6_mult,383_5,45,384,384,0,0,51,4397,160,bfbbf3e061de36d5a0699f02e9f6a837dc6ef326fc08adf7e0dc4d90750d502f
gf2^6_mult,383_5,46,384,385,1,-1,72,3434,161,a6022fb829620786efa87a60c91b8071fdfa9809460fdcc1ec562031610ff997
gf2^6_mult,383_5,47,385,384,-1,1,70,815,161,61ed07e3af747a533f740c299b88b3c67d794565b1fa8bf0c2ff4272e70b1d63
gf2^6_mult,383_5,48,384,385,1,-1,72,3435,161,a6022fb829620786efa87a60c91b8071fdfa9809460fdcc1ec562031610ff997
gf2^6_mult,383_5,49,385,385,0,0,66,38,161,3179c85855718b1aad4bf74f47b87c08c65ac469900ce2e368e67d74d38d191d
gf2^6_mult,383_5,50,385,384,-1,1,69,3564,161,19e2f60acce7daf405e1d9afd2a60ebd4882dc339a1a7ae342e192453451f534
gf2^6_mult,383_5,51,384,385,1,-1,72,808,161,a6022fb829620786efa87a60c91b8071fdfa9809460fdcc1ec562031610ff997
gf2^6_mult,383_5,52,385,384,-1,1,57,823,162,81e47b712bf7812089e470ca1f13f9cfadcda928044dc14ed18eacc194ed532a
gf2^6_mult,383_5,53,384,385,1,-1,72,822,161,a6022fb829620786efa87a60c91b8071fdfa9809460fdcc1ec562031610ff997
gf2^6_mult,383_5,54,385,385,0,0,80,4394,162,81e47b712bf7812089e470ca1f13f9cfadcda928044dc14ed18eacc194ed532a
gf2^6_mult,383_5,55,385,384,-1,1,60,809,162,d35507db496230abf6d142097b6ba63b002f81ffbb6cd1adf3bbc4d6e0bf29ab
gf2^6_mult,383_5,56,384,384,0,0,100,4358,161,12093eaaf9fdbc39a0aab28df43b3fac92b911e987c077ce28d8d5fdcd451e42
gf2^6_mult,383_5,57,384,384,0,0,67,1496,161,a6022fb829620786efa87a60c91b8071fdfa9809460fdcc1ec562031610ff997
gf2^6_mult,383_5,58,384,384,0,0,85,4358,158,ebf5db8e9482075aaba6fe8d1ceb92bd20355970faf19182cb6219e75c3df91a
gf2^6_mult,383_5,59,384,384,0,0,103,4358,158,aa849493cb6f485e837d738a9fba294cc9c6c1db1c28fa21bdc3d1ec3b815c29
gf2^6_mult,383_5,60,384,384,0,0,67,120,158,ebf5db8e9482075aaba6fe8d1ceb92bd20355970faf19182cb6219e75c3df91a
gf2^6_mult,383_5,61,384,384,0,0,75,120,158,46062c21715bb8c196f19a53c0191a79c825d74776cf174bcb46b0999cdfa879
gf2^6_mult,383_5,62,384,384,0,0,85,4358,158,11693083176930d98cc6b670d9e1c7a74b2f4804f389f37c6cd7c7e966d2f542
gf2^6_mult,383_5,63,384,384,0,0,103,4406,158,e1dc3f8eb8cb63a0799cda121a0333d4a13b53eda292db72cdc9aa601dc2713b
gf2^6_mult,383_5,64,384,384,0,0,85,4358,158,11693083176930d98cc6b670d9e1c7a74b2f4804f389f37c6cd7c7e966d2f542
gf2^6_mult,383_5,65,384,384,0,0,53,4361,158,e1dc3f8eb8cb63a0799cda121a0333d4a13b53eda292db72cdc9aa601dc2713b
gf2^6_mult,383_5,66,384,384,0,0,103,4406,166,aedcc78729ee0b6b57a12791c043206a73de704a212f945128ab1095dc4f9620
gf2^6_mult,383_5,67,384,384,0,0,93,4406,166,030bfcf34c01a9cc456e0ef8e3c840bf5329dcf5108b77dd229a421522c568db
gf2^6_mult,383_5,68,384,384,0,0,104,4358,166,3c753aad6a1a5126bbdaa1f4d43e2431fdeadaf22c3b531953d8f8785733b5fd
gf2^6_mult,383_5,69,384,384,0,0,93,4406,167,cd44b8b8984265690a3537ad878ff997ddad59b753af6a02785c860658d991c7
gf2^6_mult,383_5,70,384,384,0,0,110,4394,166,3c753aad6a1a5126bbdaa1f4d43e2431fdeadaf22c3b531953d8f8785733b5fd
gf2^6_mult,383_5,71,384,386,2,-2,50,36,166,a225d866437c188d1ccb9e1ae1709605a5279c8f8153404f552213f557a90026
gf2^6_mult,383_5,72,386,386,0,0,48,120,168,e529f0ad2ccd7f8b765af1de6ae9ec76f0beed4604612ac329ad27be61ad6d61
gf2^6_mult,383_5,73,386,384,-2,2,54,4664,168,4c376545f33265245b14cd7ae0c25aad8d14381e44efb9e77c5476850fd329a1
gf2^6_mult,383_5,74,384,384,0,0,106,4361,166,a225d866437c188d1ccb9e1ae1709605a5279c8f8153404f552213f557a90026
gf2^6_mult,383_5,75,384,385,1,-1,104,4408,166,3c753aad6a1a5126bbdaa1f4d43e2431fdeadaf22c3b531953d8f8785733b5fd
gf2^6_mult,383_5,76,385,385,0,0,97,4406,168,5716291672034c03003b210b85610fea8a076db4a989f3260965a57ca8aa66c5
gf2^6_mult,383_5,77,385,385,0,0,64,4405,170,8f2f93fc33956faea11c32d359cf3a3dfe05232967c90bac4e7316ecde47dc4a
gf2^6_mult,383_5,78,385,384,-1,1,64,4412,170,c2f3911f481f6f9a02aa4a2a3ec6926f034b5513c3f432a6d63c9d15602be301
gf2^6_mult,383_5,79,384,385,1,-1,48,3566,169,7cfcd8ba303b0fc0f8a1bb4f1651df625608bedf9eb1aaaf03cb6059fd278477
gf2^6_mult,383_5,80,385,384,-1,1,52,941,169,86526c82735e29bd001d477748fb78f884a9e4657f4c2c20dc04994d9d760068
gf2^6_mult,383_5,81,384,385,1,-1,40,1482,169,7cfcd8ba303b0fc0f8a1bb4f1651df625608bedf9eb1aaaf03cb6059fd278477
gf2^6_mult,383_5,82,385,384,-1,1,48,3568,169,4c89214bd2eeace2e1f53b01c379ae4056ca8903f670d6b971f53b23cc814e3d
gf2^6_mult,383_5,83,384,384,0,0,74,4406,168,6d458e00b758058fd26a31f46b704818841e198686ad8333680ec202187bd36a
gf2^6_mult,383_5,84,384,384,0,0,50,4385,169,34e8afb4d6638a3844ae7c5cc5d7794778954a852c673939a623a0afe1546dbe
gf2^6_mult,383_5,85,384,384,0,0,67,1535,170,49564527995cd426e5af23d70048db24cfc7c87ade453515530d9c2f1686afe0
gf2^6_mult,383_5,86,384,384,0,0,68,4397,170,c032d9d6e31627b7a16c67afa31075779d53fe4b34b77985f304510caf783660
gf2^6_mult,383_5,87,384,384,0,0,61,4358,169,258392a9a6d0f8419dc0597bf7700dd3ccf7b9358dbbe59ffbeb35da96be446c
gf2^6_mult,383_5,88,384,383,-1,1,73,819,169,d9518305b08e41e77e768dafc157f4c1da018ec5442a2bee0ad3ffed0f080bfc
gf2^6_mult,384_2,0,385,385,0,0,46,3316,156,077217b56dd22f3e752133e8ab14e8dae3495c9ade7ae2cb3724f57ad62c4558
gf2^6_mult,384_2,1,385,385,0,0,108,4397,156,65595fcbbf38109402113385ac067f2901586791f349da428a659294374898d6
gf2^6_mult,384_2,2,385,385,0,0,46,120,156,c2d80cc318254f58ca429a5d0159fa81b58b939808f392b3cdf4e014aa0a45f1
gf2^6_mult,384_2,3,385,385,0,0,50,4397,156,1a9f8ed6bd5b52d3ed7babffd80521f8251efed31237bdfd55cebb93e736bded
gf2^6_mult,384_2,4,385,385,0,0,43,4406,157,43c4d1130254e22afece95b17c83977c7c3c99a25c94682eca44ab94699e6599
gf2^6_mult,384_2,5,385,386,1,-1,59,3416,159,5714854a5b83c59b08557572c0db089fe84f0c04cf7e53dc8ef2ad5373bdcb85
gf2^6_mult,384_2,6,386,386,0,0,51,44,160,833fe1402aca39f92138777024b2084c3c441d6e0ee9c003f5f8f2df1335336f
gf2^6_mult,384_2,7,386,385,-1,1,64,819,161,f33f71c99222151b69049107ae943f59d21a1f3fac41bab3575b1b0b2e0c32b0
gf2^6_mult,384_2,8,385,386,1,-1,62,4372,161,e8053703e96b50763a2d21ef053188ea5a9a38ea6c74cfb404d81dfdc71d3cf5
gf2^6_mult,384_2,9,386,386,0,0,61,4409,161,7d0502090bdbf89c1c53cc78f46c8fec61c1ba4382902b5bee20fdbb28745dfb
gf2^6_mult,384_2,10,386,385,-1,1,64,4353,161,5219b47624cb5e8e45c1f102d54bc14c03149d7cc154a5a9fc918bd4d856f903
gf2^6_mult,384_2,11,385,386,1,-1,55,944,161,1fcaf486f2f23ec65e1847d8ee700ecfe25d39a711f7b771cc23144656348261
gf2^6_mult,384_2,12,386,385,-1,1,67,941,164,e64fdc14f02fde88cb9a771617e203bd88d1e4f19d5c87bb4c1b7c259e812125
gf2^6_mult,384_2,13,385,385,0,0,62,4385,161,1fcaf486f2f23ec65e1847d8ee700ecfe25d39a711f7b771cc23144656348261
gf2^6_mult,384_2,14,385,385,0,0,57,4406,161,730ec4fef976194a34c7542e485c70c0c45f90caf2b6b72bda6c96916727aa65
gf2^6_mult,384_2,15,385,386,1,-1,58,1608,161,e9244b50477504914b6f159ca8b5523f94faa82a2a4e2dbea78cda12dd9725bd
gf2^6_mult,384_2,16,386,387,1,-1,50,816,162,04c71f4b97fd3c1ab5249759703e32662b0dacf876221ea37d1770c98e045726
gf2^6_mult,384_2,17,387,388,1,-1,50,3422,162,bfab322aeeae7fe2e6a4feea8feb6e1551a2e7f013f8765775833cf11ea57f50
gf2^6_mult,384_2,18,388,387,-1,1,39,3430,162,c0bc1308d1133e3fb5bfbda4f56887b00f610bef387f1d14fbc0e4166b9764f4
gf2^6_mult,384_2,19,387,386,-1,1,58,815,162,85be0d794ebe72a45a07dc7453e9058a3056386cc84719fd4480eafa89a5b41a
gf2^6_mult,384_2,20,386,385,-1,1,67,941,162,04c71f4b97fd3c1ab5249759703e32662b0dacf876221ea37d1770c98e045726
gf2^6_mult,384_2,21,385,385,0,0,56,4370,160,2406375f001ba81dcbb60fd1ba4173deefd52943ccff6bda930dabcc6039c7b2
gf2^6_mult,384_2,22,385,386,1,-1,65,4387,160,e38389d5dcadac3ba5296498114ee40db9ea3d99eca782ce507fe3bba6d82765
gf2^6_mult,384_2,23,386,387,1,-1,59,816,160,e95cb0c00275c2fe17d557b2197e528b6d3a875494feab213f264892361d49e8
gf2^6_mult,384_2,24,387,386,-1,1,44,817,162,df63cae0b941f18ec1faa767572cbee3b5b745fdac2e7bb4a65f28c8c839c841
gf2^6_mult,384_2,25,386,385,-1,1,66,4389,160,e95cb0c00275c2fe17d557b2197e528b6d3a875494feab213f264892361d49e8
gf2^6_mult,384_2,26,385,385,0,0,50,4397,160,2406375f001ba81dcbb60fd1ba4173deefd52943ccff6bda930dabcc6039c7b2
gf2^6_mult,384_2,27,385,385,0,0,60,1592,160,a972a4cb182311817ba7111b7b28e437af048643a506e537063fca78c6ec8120
gf2^6_mult,384_2,28,385,387,2,-2,45,40,160,dc688319227ef081bb62fd9e2b8dc9276f5bfdf3cd10ec50fa71895f1a6dcfaf
gf2^6_mult,384_2,29,387,385,-2,2,43,41,161,542976c34894fff94f85466764ade0b9dbee3afb215ec7a4f88d794788395bc3
gf2^6_mult,384_2,30,385,385,0,0,63,4409,160,dc688319227ef081bb62fd9e2b8dc9276f5bfdf3cd10ec50fa71895f1a6dcfaf
gf2^6_mult,384_2,31,385,385,0,0,32,121,159,e6a46a7ea2f4d6d486d09dbe1c46d72e577677a71e14388790afa051202cb296
gf2^6_mult,384_2,32,385,387,2,-2,64,42,159,5ba6f0b6ce50b2c925c6c8fd3d874532684e03bf188b93ed2d05541a7e52fc81
gf2^6_mult,384_2,33,387,385,-2,2,58,41,161,3dd338d3bfae15a2dd0732bc2e4cc0f0335b6ba9e013f5def0581dec5de88d2b
gf2^6_mult,384_2,34,385,387,2,-2,112,40,159,5ba6f0b6ce50b2c925c6c8fd3d874532684e03bf188b93ed2d05541a7e52fc81
gf2^6_mult,384_2,35,387,387,0,0,76,126,159,0de76446940651e5074f997ce99638e04841e877795b294a12aa15443fa000aa
gf2^6_mult,384_2,36,387,387,0,0,76,127,159,91e4b7fc7fca37681ebe1c28c67cbd8af8515ded625bcf4f00210d94ac5354cf
gf2^6_mult,384_2,37,387,385,-2,2,107,41,159,0de76446940651e5074f997ce99638e04841e877795b294a12aa15443fa000aa
gf2^6_mult,384_2,38,385,385,0,0,34,4406,159,5ba6f0b6ce50b2c925c6c8fd3d874532684e03bf188b93ed2d05541a7e52fc81
gf2^6_mult,384_2,39,385,387,2,-2,112,42,159,5bcfa2a0f7ea4b62a6af4b7e972d0b0ce694023241ae094f73596375f26b2505
gf2^6_mult,384_2,40,387,385,-2,2,107,43,160,012d8f2872953cfe9558a44e83c3d72fecb7a3da4d19b7beaa53db14a070d8a0
gf2^6_mult,384_2,41,385,385,0,0,57,120,159,5bcfa2a0f7ea4b62a6af4b7e972d0b0ce694023241ae094f73596375f26b2505
gf2^6_mult,384_2,42,385,386,1,-1,44,4411,159,b270e2d745e3625a461ff187718ff7f3306eae5df5a2264fd7ff136a20d944f9
gf2^6_mult,384_2,43,386,385,-1,1,48,4368,159,935004bdc8bdc3cb96667864bf25e99010f478d7269b275c92dc67c7bed3fdcd
gf2^6_mult,384_2,44,385,386,1,-1,45,816,159,b270e2d745e3625a461ff187718ff7f3306eae5df5a2264fd7ff136a20d944f9
gf2^6_mult,384_2,45,386,385,-1,1,36,817,159,8996015c19ae84dfff54959960f3d3658266c0fcbd7eee20c66522a14e465d52
gf2^6_mult,384_2,46,385,385,0,0,108,4358,159,b270e2d745e3625a461ff187718ff7f3306eae5df5a2264fd7ff136a20d944f9
gf2^6_mult,384_2,47,385,385,0,0,96,4394,158,cd147b89abe7c27b8a4ee7beeaefc9046f509276d993e627ae14698561126383
gf2^6_mult,384_2,48,385,385,0,0,50,4409,160,1042aa12a1d043813bdf0bd076afe22d7c128ef52a6f102e3b8893c6d378848b
gf2^6_mult,384_2,49,385,386,1,-1,47,1542,160,40a8083734955ffb51a6450dab1fbd99407a0e8babb7a54b46c3013f89043d16
gf2^6_mult,384_2,50,386,386,0,0,45,1564,161,f7616cce14ceb0223372ab719099ee246b87923697a8397c0592335817d21ade
gf2^6_mult,384_2,51,386,385,-1,1,56,1579,160,0901cf2da049a0f4bd098a4e87e48754d628a9fecee6dcc9206c7dd7af5df84a
gf2^6_mult,384_2,52,385,386,1,-1,47,1542,160,40a8083734955ffb51a6450dab1fbd99407a0e8babb7a54b46c3013f89043d16
gf2^6_mult,384_2,53,386,386,0,0,45,1564,161,f7616cce14ceb0223372ab719099ee246b87923697a8397c0592335817d21ade
gf2^6_mult,384_2,54,386,385,-1,1,56,1579,160,0901cf2da049a0f4bd098a4e87e48754d628a9fecee6dcc9206c7dd7af5df84a
gf2^6_mult,384_2,55,385,385,0,0,44,38,160,40a8083734955ffb51a6450dab1fbd99407a0e8babb7a54b46c3013f89043d16
gf2^6_mult,384_2,56,385,385,0,0,42,3316,160,d78c3d613ff68850c428a5f6a045ad3d4d56b7cbd3db363a636b1167db6216d1
gf2^6_mult,384_2,57,385,387,2,-2,100,36,160,642a24541e4f2adc8f3775ef98892a0a4693f83e8e9f30597a92d49ad3514adb
gf2^6_mult,384_2,58,387,387,0,0,75,120,162,3e9c78f3e479fc496cb71dc81d6973e513dc170fbbc8289ca1c9e0a970bee47a
gf2^6_mult,384_2,59,387,385,-2,2,119,4664,162,f2fd6c827cba136ea768bf5e17ae2618144135e73f921b94e3f907e5e4b64454
gf2^6_mult,384_2,60,385,385,0,0,78,4358,160,642a24541e4f2adc8f3775ef98892a0a4693f83e8e9f30597a92d49ad3514adb
gf2^6_mult,384_2,61,385,384,-1,1,50,819,158,01a46f5a15a2789ee4d2f4e87edad6634b85089f8ebabd2328a09665e523bd6a
gf2^6_mult,384_4,0,385,385,0,0,34,4361,158,3e2ccd8395aaf62bc8d257638dcdee6660a9999ecda86514e735ecac817db842
gf2^6_mult,384_4,1,385,386,1,-1,85,4408,158,9d6342cfec48827784195377f005f4d8250567a303ccf0197cb44ede952e9c48
gf2^6_mult,384_4,2,386,386,0,0,72,4402,165,42764d0879d11ad79e161b828f8a1e9bcab8892e211060707f4946fd86a7f61c
gf2^6_mult,384_4,3,386,387,1,-1,36,4384,165,d9cdb84c683c56e19adfb83e2e6dbc8f25f541af64d2387f06c8e0fec4f0c41f
gf2^6_mult,384_4,4,387,388,1,-1,37,810,165,ad8ef6da617e6de7569c8f7a90ba5a94cbec1cad8d81919b625728aeb10e6e1b
gf2^6_mult,384_4,5,388,386,-2,2,39,4682,167,7c71cb1b9891d82d9cded137509834f59e6a594f02347461ff9c2b3f94edbd94
gf2^6_mult,384_4,6,386,385,-1,1,72,4368,165,d9cdb84c683c56e19adfb83e2e6dbc8f25f541af64d2387f06c8e0fec4f0c41f
gf2^6_mult,384_4,7,385,386,1,-1,61,822,158,9d6342cfec48827784195377f005f4d8250567a303ccf0197cb44ede952e9c48
gf2^6_mult,384_4,8,386,385,-1,1,52,823,158,841e10b265514654cd44135fa46d200cd5a7cb79c6fc8e3365f84853c618ef24
gf2^6_mult,384_4,9,385,385,0,0,57,4394,158,9d6342cfec48827784195377f005f4d8250567a303ccf0197cb44ede952e9c48
gf2^6_mult,384_4,10,385,385,0,0,46,4358,158,c174466687197eeab842eebc868d07f76abef7ab40dbf44e9fa0f7c002d68b95
gf2^6_mult,384_4,11,385,385,0,0,57,39,158,26f5847f6a5b1b4dba5552888590acb216121c60d8be72e5bf32fbf8702e1975
gf2^6_mult,384_4,12,385,386,1,-1,58,808,158,9cd2e195490a6a8e264cdf262aaeedc8b9ef0055590aeaea4bae2af11a697729
gf2^6_mult,384_4,13,386,385,-1,1,49,823,158,91a02072e6839f19e1892efeb24843b5f51c4b5c36c7041a56f292d2de935ee1
gf2^6_mult,384_4,14,385,386,1,-1,46,4407,158,9cd2e195490a6a8e264cdf262aaeedc8b9ef0055590aeaea4bae2af11a697729
gf2^6_mult,384_4,15,386,386,0,0,37,38,160,4d5490cc9c5686a702145b88d2e929e73269a7887de8990156deeb348a378b9d
gf2^6_mult,384_4,16,386,385,-1,1,67,953,161,50fca2ea8c5734314f413ca3e2af0a492634b78ececa24c9adfc68ce054e25ec
gf2^6_mult,384_4,17,385,385,0,0,62,4409,158,e3de4bad263a0e21f36861aa64cfc6f8297cb0c2572840e1baa51576d8279149
gf2^6_mult,384_4,18,385,387,2,-2,56,132,160,1f1addcf3fc4e5276520c7476db7a3de3c9d8f27c92499f6c734c2d053e3784d
gf2^6_mult,384_4,19,387,386,-1,1,51,815,162,0c697ddf22ceca09ff641754d7cf44aec992432c92267190117b5e4116e3d17d
gf2^6_mult,384_4,20,386,386,0,0,65,120,161,fcc444e81cab64fa2488c6572ed1cf1af458472d49714a93e6da2ac8353bec35
gf2^6_mult,384_4,21,386,386,0,0,45,4382,161,deb287cd56b74bbc16b97a55da2a6d248eaab73390c2a0e36bc5b262b9ff9aa2
gf2^6_mult,384_4,22,386,386,0,0,62,4358,162,7a045b73527e46d93f919ad67f7cb693ba6e33d004be77e57f6633e2ba28cdfb
gf2^6_mult,384_4,23,386,386,0,0,56,4394,162,b5b3b7a3dbd03276109de27b1191a4389cd2a9048877c20268ab1de1c2fc05e7
gf2^6_mult,384_4,24,386,386,0,0,55,4346,162,b36365bb44e5f98cc1a1e9cfacdbb4be299bbd9ad45cd1a1ed747b786f68ae53
gf2^6_mult,384_4,25,386,386,0,0,58,4385,162,d6de4f289be49c1f2722000d6e37127c45345b5371ff740b51d6a2af565c4447
gf2^6_mult,384_4,26,386,386,0,0,61,4361,161,844cc17d288fb847f028d6b9967a279927882c361c197fad35fea3cc0e61b769
gf2^6_mult,384_4,27,386,386,0,0,58,4397,163,e1f87886be503be6383ef52ad291fd40bfc9e5909c78ec4ab9e5c71988e0e67f
gf2^6_mult,384_4,28,386,386,0,0,50,4409,161,844cc17d288fb847f028d6b9967a279927882c361c197fad35fea3cc0e61b769
gf2^6_mult,384_4,29,386,386,0,0,45,4385,161,4b1a9241e5039ab5dcaffe60ba1816ee8007e93526a90d77a7a8f2f9370ff912
gf2^6_mult,384_4,30,386,386,0,0,58,4373,162,7657a86341be6d029de22b2a661384e7853251df8733b0e310d10e30c9845775
gf2^6_mult,384_4,31,386,386,0,0,61,4349,161,4b1a9241e5039ab5dcaffe60ba1816ee8007e93526a90d77a7a8f2f9370ff912
gf2^6_mult,384_4,32,386,386,0,0,63,121,161,5cb88406bae045ca2d659086401e4abbc140db99b8b01d70080ff0982408f1a7
gf2^6_mult,384_4,33,386,386,0,0,63,1497,161,4448643ef0b50af324507812437dda7e5d50f126ba916b4be17522b6b94240bf
gf2^6_mult,384_4,34,386,387,1,-1,45,4383,162,e25bffb35b76d1a39ba0de7eb30949491fdcbc649405de381ed8597d54cd6770
gf2^6_mult,384_4,35,387,386,-1,1,59,4355,163,015a28d24d17c0aef431a4f5e8e5dd8420ab5c84e8fb75c3ba285d52c71f5579
gf2^6_mult,384_4,36,386,386,0,0,55,120,163,8265c3bb2adb33eafd9519a2dd9c67d2fe224b23cec29ffa95fc00ceea6cd403
gf2^6_mult,384_4,37,386,386,0,0,50,4370,163,7eafe7d3dc961f9163da284bdd1a4cecf842ae8e75585c2ad9b4d1f58b78fd8b
gf2^6_mult,384_4,38,386,386,0,0,58,4397,164,89f1c2791a8503e546631919492add3b8648c5b2259d361d18f2bb20c0886a43
gf2^6_mult,384_4,39,386,386,0,0,58,4349,162,d6de4f289be49c1f2722000d6e37127c45345b5371ff740b51d6a2af565c4447
gf2^6_mult,384_4,40,386,387,1,-1,61,4362,161,844cc17d288fb847f028d6b9967a279927882c361c197fad35fea3cc0e61b769
gf2^6_mult,384_4,41,387,386,-1,1,48,4368,164,4df1d166cadf837f3d0692e0f51958b9ede76058f54fa30acd15279e3ebb434b
gf2^6_mult,384_4,42,386,386,0,0,58,4409,163,e1f87886be503be6383ef52ad291fd40bfc9e5909c78ec4ab9e5c71988e0e67f
gf2^6_mult,384_4,43,386,386,0,0,61,4397,161,844cc17d288fb847f028d6b9967a279927882c361c197fad35fea3cc0e61b769
gf2^6_mult,384_4,44,386,386,0,0,58,4406,163,e1f87886be503be6383ef52ad291fd40bfc9e5909c78ec4ab9e5c71988e0e67f
gf2^6_mult,384_4,45,386,386,0,0,50,4409,161,844cc17d288fb847f028d6b9967a279927882c361c197fad35fea3cc0e61b769
gf2^6_mult,384_4,46,386,386,0,0,54,4397,161,4b1a9241e5039ab5dcaffe60ba1816ee8007e93526a90d77a7a8f2f9370ff912
gf2^6_mult,384_4,47,386,386,0,0,45,4385,161,844cc17d288fb847f028d6b9967a279927882c361c197fad35fea3cc0e61b769
gf2^6_mult,384_4,48,386,386,0,0,50,4406,162,d6de4f289be49c1f2722000d6e37127c45345b5371ff740b51d6a2af565c4447
gf2^6_mult,384_4,49,386,386,0,0,62,3310,162,7657a86341be6d029de22b2a661384e7853251df8733b0e310d10e30c9845775
gf2^6_mult,384_4,50,386,385,-1,1,55,813,163,7bdcd22d845937f897eb585f8cd828d22ea50f1120e87e9759158fefbaab035f
gf2^6_mult,384_4,51,385,385,0,0,59,120,161,f91ee56c9da2f0f6410c4ae6019cbd7c8ceaf473f152267de7427875c028a5ae
gf2^6_mult,384_4,52,385,385,0,0,85,4409,161,23ae0a5af20e19fad8fca63434729abdc1fa1d7a89beafe4083221e586b2b9e8
gf2^6_mult,384_4,53,385,386,1,-1,43,4407,166,467782260a22d30d24f66b2895ca5ae0b481ea8688296d4ac8b10e917d6958e9
gf2^6_mult,384_4,54,386,385,-1,1,56,4403,168,f856ea2c9b87b64811e240c3600541fe3c6a69f7072f16592645630cf71305aa
gf2^6_mult,384_4,55,385,386,1,-1,47,3423,166,03c3f8973f5890eec2b1892317a063a7a2d3dd64d226a1715478d4d3666ab27f
gf2^6_mult,384_4,56,386,385,-1,1,53,3430,167,f8f32a58913b7dc66f58d32853d6c24491adb18d613a5943ee9ffc873e1db190
gf2^6_mult,384_4,57,385,386,1,-1,37,1482,166,03c3f8973f5890eec2b1892317a063a7a2d3dd64d226a1715478d4d3666ab27f
gf2^6_mult,384_4,58,386,386,0,0,49,39,166,e0f7bb12613d05744d9f82d2e5b8fdb63470f1d2edd7275a72ecfeb519e88669
gf2^6_mult,384_4,59,386,386,0,0,49,121,166,85117e1dc87d8d63f1ba0bcc80dfa622f65ec9ba9f28eec2d9fda3462dd1022b
gf2^6_mult,384_4,60,386,387,1,-1,42,1482,166,aa07e0530330033a879de6ea6c7e9dc0b32f4b2e370fdaebdb4b259f5636b7a8
gf2^6_mult,384_4,61,387,387,0,0,49,38,168,1c5c4a0f23a0b2e130c5bcba5274c32621c47fbec013935e8b4574f25e35da3c
gf2^6_mult,384_4,62,387,386,-1,1,50,953,168,dbc6f841fabfff0e9fee679a7b43512dfd40effc84388bae19e11266c561175b
gf2^6_mult,384_4,63,386,385,-1,1,57,941,168,bd84d50516a0a695b7a6754fefd522ddc70b4ceee4e67c3ef6b3497c466f5716
gf2^6_mult,384_4,64,385,384,-1,1,42,3430,165,ed34116c2506b7531ec40a0068a1f219d5ba3c8b8d04d2c857299f00d1ee2476
gf2^6_mult,385_2,0,386,386,0,0,55,4394,159,1cbea0e07999e0a9a6ae3521502165d5ca036d227acfe707fbee6738bacea007
gf2^6_mult,385_2,1,386,386,0,0,54,4406,159,78da66fa5f3e22ab7d5ea458f47c0c1e3c839862da06bf4e81c68ac138e0a81f
gf2^6_mult,385_2,2,386,386,0,0,55,4361,159,1cbea0e07999e0a9a6ae3521502165d5ca036d227acfe707fbee6738bacea007
gf2^6_mult,385_2,3,386,387,1,-1,46,822,159,78da66fa5f3e22ab7d5ea458f47c0c1e3c839862da06bf4e81c68ac138e0a81f
gf2^6_mult,385_2,4,387,387,0,0,52,4358,159,8402fad7e7aaa759a5f6d5c135e181056ad51f96f2419671b77a52baa87de2c4
gf2^6_mult,385_2,5,387,386,-1,1,44,817,160,f443bfd65c977e03367496cb29fe2cc59701ebc4b253a32426721d6d6812d465
gf2^6_mult,385_2,6,386,386,0,0,56,4409,159,78da66fa5f3e22ab7d5ea458f47c0c1e3c839862da06bf4e81c68ac138e0a81f
gf2^6_mult,385_2,7,386,386,0,0,54,4394,161,a248c789846b64571519140c05eb38423ff005bc080c0f55457df9657a2dffc4
gf2^6_mult,385_2,8,386,386,0,0,55,4397,161,de9c55bebc8248c31fc4717315d1fbc8b591380e80494708b913066d1852a8ef
gf2^6_mult,385_2,9,386,386,0,0,54,4394,161,a248c789846b64571519140c05eb38423ff005bc080c0f55457df9657a2dffc4
gf2^6_mult,385_2,10,386,386,0,0,41,38,161,de9c55bebc8248c31fc4717315d1fbc8b591380e80494708b913066d1852a8ef
gf2^6_mult,385_2,11,386,386,0,0,55,4397,160,00203c25585364d9c47bd4da00abe9a2e5b4f3f0cd84684855c231216c620529
gf2^6_mult,385_2,12,386,386,0,0,53,1497,160,1a855e7599113f6260085ff207ef84c71bc81665474aa605983783428d28c9db
gf2^6_mult,385_2,13,386,386,0,0,54,4394,160,f9b103ee375a9ae71039482089515b4466f40a867c8b6279808c9d766cd420a4
gf2^6_mult,385_2,14,386,387,1,-1,46,944,160,83970dff631993551b2140bceebf90e278428ca5e4c6b78b4439ab9a2efe0474
gf2^6_mult,385_2,15,387,386,-1,1,59,959,163,5e4403a2161bf11bf2bd5b2636288e65bcf06090d3ce4f6f194145a6572b269e
gf2^6_mult,385_2,16,386,386,0,0,55,4358,160,948770eedc85333f7e8aef618e711bce4ac9f85f0f4fdde91fc5be74280a8d87
gf2^6_mult,385_2,17,386,387,1,-1,86,1492,160,fd833b98a317505300d23f83cd4e26d178ffb3e36cab0c6ef6b1bc096fecc671
gf2^6_mult,385_2,18,387,387,0,0,60,4406,162,cb95937bffc3a5755e151c8564ea39fe671c19d9cd7677f8826eaf34a45104d6
gf2^6_mult,385_2,19,387,387,0,0,54,4394,160,1a5bfe6e1980f611ae2f7d6a6a9b7d3d48bf8d3dd156330d7d649bd1c64bd80e
gf2^6_mult,385_2,20,387,387,0,0,55,4406,160,095fdd93206c5f76a5cf28f343081e2727da9fb44a923070b8d6259d91d1c566
gf2^6_mult,385_2,21,387,386,-1,1,88,2910,160,1a5bfe6e1980f611ae2f7d6a6a9b7d3d48bf8d3dd156330d7d649bd1c64bd80e
gf2^6_mult,385_2,22,386,386,0,0,54,4394,158,ec6628d07cf47f5c639ed7ee2ee76b052ea0152294e45be0eaa340bfb4ce2946
gf2^6_mult,385_2,23,386,386,0,0,55,4397,158,40619ce8f87090b3486569a79f8bbc3c6c65ad18490d812eeda7b9e88f14c29e
gf2^6_mult,385_2,24,386,386,0,0,54,4409,158,ec6628d07cf47f5c639ed7ee2ee76b052ea0152294e45be0eaa340bfb4ce2946
gf2^6_mult,385_2,25,386,386,0,0,55,4358,158,40619ce8f87090b3486569a79f8bbc3c6c65ad18490d812eeda7b9e88f14c29e
gf2^6_mult,385_2,26,386,386,0,0,46,4349,158,ec6628d07cf47f5c639ed7ee2ee76b052ea0152294e45be0eaa340bfb4ce2946
gf2^6_mult,385_2,27,386,386,0,0,57,4394,157,8603744f696ac84f5d5ae276440663ecba82d44a551c39107a2e2164ea4d0daf
gf2^6_mult,385_2,28,386,386,0,0,59,4358,157,b30a6973c5e4982861bacd9b061564e6585269263039999649cd2e56fb99296d
gf2^6_mult,385_2,29,386,385,-1,1,43,819,157,8603744f696ac84f5d5ae276440663ecba82d44a551c39107a2e2164ea4d0daf
gf2^6_mult,385_3,0,386,388,2,-2,65,40,160,9d6867aa5a7cc7911d23a562fd9ff42da1d33922eef828b3889fe1f804703f4a
gf2^6_mult,385_3,1,388,386,-2,2,65,41,162,0a3a0fda103ccb1c5b95357fb30c6aaf86ac2786cd943111228c7d60af5c26d7
gf2^6_mult,385_3,2,386,386,0,0,53,4358,160,9d6867aa5a7cc7911d23a562fd9ff42da1d33922eef828b3889fe1f804703f4a
gf2^6_mult,385_3,3,386,387,1,-1,61,3416,161,640a81f0754d8e4a73db66f9f1da39d10064bba633318f6d0dd8d711f82f5963
gf2^6_mult,385_3,4,387,387,0,0,58,4346,162,55bab58cf9eed7da53e4c8869beb9c4d865a4cd83380768cafe43391a2136ded
gf2^6_mult,385_3,5,387,387,0,0,58,4373,163,f7e05fd54fd4354bfea9cabdde2af71c4b35b893679647c0e8884ec455835c5b
gf2^6_mult,385_3,6,387,387,0,0,59,1478,163,0b60270861b42994dca198e1b6b5f83c70660d51585a49c1bd51b950a3b55cef
gf2^6_mult,385_3,7,387,388,1,-1,58,3841,162,34e0dadbbb25f7df94c5eb9d2601cd06d070785aaf1999060013f0d2004e501e
gf2^6_mult,385_3,8,388,387,-1,1,57,3844,163,88683e42744173bab4fb1ef88045c479b28e560c21df4a9441025ca9195d2009
gf2^6_mult,385_3,9,387,386,-1,1,46,823,162,34e0dadbbb25f7df94c5eb9d2601cd06d070785aaf1999060013f0d2004e501e
gf2^6_mult,385_3,10,386,386,0,0,46,4409,161,f436d7ac304f22d7fdbca3a4fd3bbe678acab519c8ed37b54fc3278f715fff4f
gf2^6_mult,385_3,11,386,386,0,0,56,4409,161,9c9601db9c1a0269343bcff3e830369c6d910ebb6d13778f54574b40f6aa7d4c
gf2^6_mult,385_3,12,386,386,0,0,52,4409,160,e3e9aa4570b3c85eebbc9016b1303b6a8cf2bbad6a369fc7069fa6d45b55fdae
gf2^6_mult,385_3,13,386,387,1,-1,51,3566,160,7248ff57f25187c3c2536009f8e02adbe6d310d96b11f906e5813bf7e3d688b2
gf2^6_mult,385_3,14,387,387,0,0,59,126,161,54043da36947b492c6df12f2af9dc6cb21360691f4ceb2cb7631048525a90fbf
gf2^6_mult,385_3,15,387,387,0,0,47,3307,160,9b53fe83a02322a20a96a1ed5f3b253abc5b339713b3d69f2fc5bb489fed972b
gf2^6_mult,385_3,16,387,387,0,0,59,336,160,e3de7493ef2e5ae7a1541058ebc7938b94fd60f771281e0104c4c5399eb0f2bd
gf2^6_mult,385_3,17,387,386,-1,1,54,4367,161,8a1307b7ed38ea5c8769fc9ba0df1717bbd27f8c728803c5a9f78281e054e1f5
gf2^6_mult,385_3,18,386,388,2,-2,95,42,160,7248ff57f25187c3c2536009f8e02adbe6d310d96b11f906e5813bf7e3d688b2
gf2^6_mult,385_3,19,388,386,-2,2,87,43,161,addf4b8dacbc4d22d7c72396182b901eff302016094602de6e215a3b9c662541
gf2^6_mult,385_3,20,386,388,2,-2,56,42,160,7248ff57f25187c3c2536009f8e02adbe6d310d96b11f906e5813bf7e3d688b2
gf2^6_mult,385_3,21,388,386,-2,2,56,41,162,b5ee566f78860d3b54b2f0f7d6522951f5dc5803db33f450654195c040cac7e3
gf2^6_mult,385_3,22,386,386,0,0,58,4358,160,7248ff57f25187c3c2536009f8e02adbe6d310d96b11f906e5813bf7e3d688b2
gf2^6_mult,385_3,23,386,387,1,-1,50,4384,160,bedf7e9db2fec3f200ac699fc04e1131c62975a6fdd6df372bed5d2b91e29b24
gf2^6_mult,385_3,24,387,386,-1,1,59,4353,163,1cbe6238f5fcd7c102fad8192473f2bab3921c1afb1ceae4b30d451d064aa9b6
gf2^6_mult,385_3,25,386,388,2,-2,41,36,160,bedf7e9db2fec3f200ac699fc04e1131c62975a6fdd6df372bed5d2b91e29b24
gf2^6_mult,385_3,26,388,388,0,0,39,120,163,93c25ac16206d19cc31d079edc032167f3d2344e465388765cb0d1015a0553c4
gf2^6_mult,385_3,27,388,388,0,0,39,120,163,540e06329720b114ed5698ca667c4d59d7acf2d7a4fd972341205cce11837d82
gf2^6_mult,385_3,28,388,386,-2,2,50,37,163,93c25ac16206d19cc31d079edc032167f3d2344e465388765cb0d1015a0553c4
gf2^6_mult,385_3,29,386,385,-1,1,54,3430,160,bedf7e9db2fec3f200ac699fc04e1131c62975a6fdd6df372bed5d2b91e29b24
gf2^6_mult,386_1,0,387,387,0,0,52,4361,164,836d40b366989c886d584f8593cfed74f805c45c17040194bcc19326906c9749
gf2^6_mult,386_1,1,387,387,0,0,56,4346,164,a286e8456c2ce3e2a618839c6035d75339ff38a536815df3a332267fd8fc2461
gf2^6_mult,386_1,2,387,387,0,0,57,4397,164,c2a7d9c358c64fea9f263d449d3786874419d47381f82a6aec185276d4a23969
gf2^6_mult,386_1,3,387,388,1,-1,51,4363,164,31d8d2201d0afece656cfca1703b660fb008126b6e134c7789e7f1c279391bca
gf2^6_mult,386_1,4,388,387,-1,1,43,4403,164,3c62d68b7386c0209148c8c44224c200a87e539f2389c483dd9c2ad0027d0aad
gf2^6_mult,386_1,5,387,387,0,0,49,4349,164,c2a7d9c358c64fea9f263d449d3786874419d47381f82a6aec185276d4a23969
gf2^6_mult,386_1,6,387,387,0,0,58,4358,164,a1553358a44dfe36bc85f07d4d2a7f983ce2b0e347b2a552f5e388c22e72d3fc
gf2^6_mult,386_1,7,387,386,-1,1,47,819,164,32c4ecde52e4e9b6c5758ea1612d289315668b692232586f521722b6f597c048
gf2^6_mult,386_2,0,387,388,1,-1,39,3434,165,031a184140eb409856dafa48826c719e6d90fa6a6ead18a281b47465ecea7c4e
gf2^6_mult,386_2,1,388,388,0,0,36,38,166,a91c9016ba4833eaba0184a853cf7bf39b12963ee7a6c9995fb33b139e78a188
gf2^6_mult,386_2,2,388,387,-1,1,42,4433,166,229c07033ac58eabd3b58cf291f7036109d05be14438be4f1fb713da074c6fd4
gf2^6_mult,386_2,3,387,387,0,0,58,4397,165,031a184140eb409856dafa48826c719e6d90fa6a6ead18a281b47465ecea7c4e
gf2^6_mult,386_2,4,387,387,0,0,52,4409,165,fa7f15fe387db2e9b48275f0e3029e590cb1f56b03964a24e0528ed1e40b89ff
gf2^6_mult,386_2,5,387,387,0,0,57,4397,165,031a184140eb409856dafa48826c719e6d90fa6a6ead18a281b47465ecea7c4e
gf2^6_mult,386_2,6,387,387,0,0,58,4361,165,317a6e39b094585d1633772e1863e488d82f88e1e3cc6c3389ee6df5b72b5698
gf2^6_mult,386_2,7,387,387,0,0,49,1535,165,630d05ff3c2e957d5dd10eb416ebdd5b091580d4543a7f166ab03184b0a78399
gf2^6_mult,386_2,8,387,387,0,0,56,1535,165,bc55085e3fbd1f341c0ea3bcf4e16bf7115777e065ff11cd82bd2298ce789043
gf2^6_mult,386_2,9,387,386,-1,1,47,819,161,2266748eac1033ae67a76fe6c392a61f71082e31a9908b33e89ed16dbfbcda77
gf2^6_mult,386_3,0,387,388,1,-1,44,936,166,b15ec8c1ad109d5044635c158033a2832d2f0e87dca397638ba01b72e23d68ee
gf2^6_mult,386_3,1,388,387,-1,1,57,819,166,4dd63362e5e69da0e0619f7e0f2699963d82aedd4759d61eee690cd22a32d60d
gf2^6_mult,386_3,2,387,387,0,0,56,4406,165,188ecd6ca59c03f832447d64d0051ed76e0c1a84491392ad322e4a8edbbf0bf9
gf2^6_mult,386_3,3,387,387,0,0,47,120,167,784060f22f9450f9c16ac18d1a115320422ea1b058fc92f8f9679df6549c415f
gf2^6_mult,386_3,4,387,387,0,0,57,4406,167,f2fc1c5406600ae28ee4d77ce9afebdcf723548ea1bfeb81ef1dcc34680c0396
gf2^6_mult,386_3,5,387,387,0,0,64,4358,167,f53357283e62fb5a99341ac877c65fb2f66eab858710c6393cbba7514981bf4f
gf2^6_mult,386_3,6,387,387,0,0,61,4370,167,72fe137d49413e686b820eb75c7cdc6e77037a72ffbfcaea3b0e708c56f7822e
gf2^6_mult,386_3,7,387,387,0,0,61,4406,167,10657ed2941e2a3241482ecf9986e84a1b9f7eefb3871edba1743deb75664352
gf2^6_mult,386_3,8,387,389,2,-2,51,36,165,b3abc229fdd74901e70fe709a73fd1d39b3dc781d388f89e36ce4a2f6bd0ab02
gf2^6_mult,386_3,9,389,389,0,0,46,120,167,3b52bd8efcc06b96c4a244c811c1e9d231dc51b371fd33806c16ac960cde3ddd
gf2^6_mult,386_3,10,389,387,-2,2,62,4676,167,706b8ed0fcdbdaed50e68ccc590b156e1adc840a2389d51ebc84450fd425cf49
gf2^6_mult,386_3,11,387,387,0,0,54,4382,165,b3abc229fdd74901e70fe709a73fd1d39b3dc781d388f89e36ce4a2f6bd0ab02
gf2^6_mult,386_3,12,387,387,0,0,59,4358,165,e8e7669e2e717d603fc259051c60d4a161932a972073748b38fe46d9b72d5a37
gf2^6_mult,386_3,13,387,387,0,0,49,4397,165,487dc6be7ed811622c70b7ee2302aa3c4e468f510ec23efaf100cd50dc339c27
gf2^6_mult,386_3,14,387,387,0,0,59,4358,167,48d7c9a9504b03987a23f172cd1b728e2462ab566427d555eccf2361fc8caa14
gf2^6_mult,386_3,15,387,387,0,0,52,4346,169,e09923f1b1116a627c574a2cb416db1efca750a1f6f08fdbded6c05d28022a18
gf2^6_mult,386_3,16,387,388,1,-1,39,3416,169,b930c57e1a7f81b30f05a66cf763c0444dfbaa1442b90cac13f1dddfa1c36879
gf2^6_mult,386_3,17,388,388,0,0,36,44,170,b912205f2b32081b07d378e858afa0f2fd632e888537748d9db956d7b5c85cf7
gf2^6_mult,386_3,18,388,389,1,-1,46,3566,170,0065919a0181eaadb82988f23cc38399d7a227b75591a6e00e7aa3d2476f2340
gf2^6_mult,386_3,19,389,388,-1,1,58,1483,173,2978c63409f5024c697b2b46ac237f06ccc3254178fb8861f3b3a84c390d1fa4
gf2^6_mult,386_3,20,388,388,0,0,53,4397,170,7c2e4d1acc01e67129b643c69ebebaba0629c285a47f066cf7612131ce705d02
gf2^6_mult,386_3,21,388,388,0,0,53,1535,169,b315343b98a19b0ff52ba5c5b2fc695d656d6c6861f69e327eb02858d615f882
gf2^6_mult,386_3,22,388,388,0,0,52,39,165,e5110d06180cc38a6228710e9cf2f7f468178cec7a164c7a6352b815d7d12870
gf2^6_mult,386_3,23,388,388,0,0,36,38,165,145341c51f22a1dda233cf8ce3bf8941a41ab67b4f9c0e0c74fcf044cddfacc5
gf2^6_mult,386_3,24,388,388,0,0,52,4349,165,e5110d06180cc38a6228710e9cf2f7f468178cec7a164c7a6352b815d7d12870
gf2^6_mult,386_3,25,388,388,0,0,54,4358,164,44d2a8565d27622f4d5e40bf174a45337eeac1b8dd4c4db16e8af3f28eae42d0
gf2^6_mult,386_3,26,388,388,0,0,43,4382,163,5aa066d9449f02dad07044218099f63d0b5b03aaa5354d24381e681527e54f2e
gf2^6_mult,386_3,27,388,387,-1,1,49,937,164,c474d86eaeaa65073d93c0a3e64aa28a1acc27e24ae7b2b7dd648370874d6968
gf2^6_mult,386_3,28,387,387,0,0,59,1535,163,6415bd928549ead3b51f19cf11c30eb9e15c80f12127c829a8b724459aa06475
gf2^6_mult,386_3,29,387,386,-1,1,44,819,159,b4d709bc7cbdc0513b0c52361fa2660e354a358edcafebb77d3524d4b12cef8a
gf2^6_mult,386_4,0,387,388,1,-1,47,1512,165,031a184140eb409856dafa48826c719e6d90fa6a6ead18a281b47465ecea7c4e
gf2^6_mult,386_4,1,388,388,0,0,49,1535,164,62770604a1a00d71ac6e9c14e72b9048a58aa5dac045fb4fe05c300fe7c6e0f7
gf2^6_mult,386_4,2,388,388,0,0,49,1564,162,93a16a67f05c6d9f576424640377a86b50e14c87afdb033c5bba317401d3ce20
gf2^6_mult,386_4,3,388,388,0,0,49,1470,162,b5615e6d5ec3d342532d95f9532507c2a01735b8264d4cbfcf1279c9be41754e
gf2^6_mult,386_4,4,388,387,-1,1,47,941,162,29bf7fb7acf4d11b8b6f221adb2dc9e4cb71879f6a9affe9497df7300c145a44
gf2^6_mult,386_4,5,387,387,0,0,32,44,162,56b59c1777fc86206b4ad91c4c270f2b6c986ecce5669c1c011cd35391826327
gf2^6_mult,386_4,6,387,387,0,0,53,4409,162,d2f8a16f6ece36c3fcbba7dafdfa6ae7eafeb148fa50b44161059f524482bcc9
gf2^6_mult,386_4,7,387,387,0,0,77,120,162,c3fed1b38be51f42f5344feb08ccf6f8939cc46e8439f70faebd3dd208bc06c9
gf2^6_mult,386_4,8,387,387,0,0,57,4358,162,fe9f11a0f2f7f96bc5ddd3498d4ad2977f9030e4f679d1a57e98ad305da11d45
gf2^6_mult,386_4,9,387,388,1,-1,48,3566,162,ff55de4ee79ca994f0e4625de15246cd2ba5a16dc656085df1c6e2be44ab802f
gf2^6_mult,386_4,10,388,387,-1,1,48,941,162,025286f993a0dcd33e52d713d0438d972e22fd22b408fcb43aa144cafdb80948
gf2^6_mult,386_4,11,387,387,0,0,52,4394,162,ff55de4ee79ca994f0e4625de15246cd2ba5a16dc656085df1c6e2be44ab802f
gf2^6_mult,386_4,12,387,387,0,0,43,4346,162,fe9f11a0f2f7f96bc5ddd3498d4ad2977f9030e4f679d1a57e98ad305da11d45
gf2^6_mult,386_4,13,387,387,0,0,57,4361,162,20c2f88e466c4a6181237f608c5792ff10ec3da10a1f1e90eced1f7594e40b40
gf2^6_mult,386_4,14,387,386,-1,1,44,819,162,cdfb86140f2ccf3ad889ea4d8c9070a75cd3b351dc523ede547aaf2ae42f42c4
gf2^6_mult,386_5,0,387,387,0,0,64,4358,169,b4d52cccd67612a6b43aac1e91d794d05922c43132cd33fb0225083396130611
gf2^6_mult,386_5,1,387,388,1,-1,46,3566,167,c2cc6a638fbfe88f28137b683e48ecebbc706f8322d9315a0da3a8e9f82ab767
gf2^6_mult,386_5,2,388,389,1,-1,42,942,170,5cb6ad9f24932036562f77ecc9e591389f7be6b369dd1a1d02083356745b0cca
gf2^6_mult,386_5,3,389,387,-2,2,58,4664,169,13e0ebd042aac388b07e7b9499e513b0f31109809170b52d42050125ffc6781b
gf2^6_mult,386_5,4,387,388,1,-1,44,3417,167,1b5336b563d4738e33d65a9824cb05e347b27195c9416e8ca1c717bf195cd0f8
gf2^6_mult,386_5,5,388,387,-1,1,44,3420,169,7ba784aa37c60bf3eec19cbbfb30e15acb9782d73c106551d3efe528736a965b
gf2^6_mult,386_5,6,387,387,0,0,57,4397,167,1b5336b563d4738e33d65a9824cb05e347b27195c9416e8ca1c717bf195cd0f8
gf2^6_mult,386_5,7,387,388,1,-1,56,814,167,d407bd336e425e6773b33f397cfe8bb4a78a6be7ad0c822b5a73945d9d952ba5
gf2^6_mult,386_5,8,388,388,0,0,39,38,166,f7ebcd929803f9e32e6192e3791950b4aee168536782d7f003c94229004d660c
gf2^6_mult,386_5,9,388,388,0,0,45,4385,166,68f81d3fcf31d0b21bc68f6487baea544f51510ce072b5be954468406f838cf4
gf2^6_mult,386_5,10,388,387,-1,1,51,3430,166,98ceb06e28906c0fe1dcb33e1b10ea38cf036a4f1bb01f3be7815e43cd5f19e6
gf2^6_mult,386_5,11,387,387,0,0,51,4361,163,d04df8e549d40baac00c9edbc61eb6f9058fde63a412e40cb199047b05731253
gf2^6_mult,386_5,12,387,388,1,-1,36,1482,163,0815d9e80b0bf50f75ae254b0a5806870d3a08a708cf7bb45a4d4c85ff650e3c
gf2^6_mult,386_5,13,388,387,-1,1,70,3568,166,62bc7b2122a9dfa212b4e4d518caa2f36bc34cc0d26f2481c9d91829b3a3aa71
gf2^6_mult,386_5,14,387,388,1,-1,49,942,163,c16328bb9ab1703a77b98ef879ab0e98b65c6a42c46003435350aa020736e41f
gf2^6_mult,386_5,15,388,387,-1,1,65,3430,164,e815e6f14c1e97a9f0676f48fadaab3501a94e29abf81393693823b1d6d0f86d
gf2^6_mult,386_5,16,387,386,-1,1,44,819,165,6b4e01f7171afd26b2fcb90e791504e6205df4f8133a145c6c10a27db5e680b6
gf2^6_mult,387_0,0,389,388,-1,1,38,819,166,725ff11b2ef5975b29e6a01f6fda59689f21c292914621644866643362379c31
gf2^6_mult,387_0,1,388,388,0,0,49,4397,166,478bc273b2238d8e091893479f82885bdf4062670bdcd8651fdbabbdd160ae41
gf2^6_mult,387_0,2,388,388,0,0,44,4358,166,806a546402b3c83022b2ab6892d520cabf2c4a44eb7a88306f45f5db98a5c430
gf2^6_mult,387_0,3,388,388,0,0,38,4409,167,3aa43d38eb6c6ae29cac4ce13530f8dbfb53ba795c6061f918adcf7d6428e6e1
gf2^6_mult,387_0,4,388,387,-1,1,55,819,167,e5528d99c2ce297c34418f15e6087031b9811e823bc39e213c274278163eb58f
gf2^6_mult,387_3,0,390,390,0,0,41,4361,167,4cf86bdf8c486445e35c09e377def92fb9b08dd44830e394460fbea70ffb8aea
gf2^6_mult,387_3,1,390,389,-1,1,43,819,167,7f4da4d24afeb246014b5606fd1b4e80af01c40db68432bbb38ad9317ad13ea2
gf2^6_mult,387_3,2,389,391,2,-2,0,24,168,2092cac024feb72f5714d45f6f1c289ea6b034ed63a4d7371e8ac94137af84f4
gf2^6_mult,387_3,3,391,389,-2,2,29,23,168,e44369933805ffd4cc736751638c0fd1c3a24e6cef7e35eaf120b7425a6e01bf
gf2^6_mult,387_3,4,389,390,1,-1,51,4360,168,2092cac024feb72f5714d45f6f1c289ea6b034ed63a4d7371e8ac94137af84f4
gf2^6_mult,387_3,5,390,389,-1,1,55,4368,169,11835a8beb4765e31502a0a684bea9f8a1057f586419c9e7b30e818c9cc59845
gf2^6_mult,387_3,6,389,388,-1,1,43,819,166,39cb642e26952bbc8d9085ae5bd68ee788758f0839225f58055e02d47f96dd7d
gf2^6_mult,387_3,7,388,388,0,0,32,44,166,a75d756049d376d56aff94434a1fcce5029407c29ccce54c7c693a2314e4ce27
gf2^6_mult,387_3,8,388,389,1,-1,53,3416,166,eb1be32d971d975f8c16caa08dce23bc802586a46106c4420c3d87bb986f0f40
gf2^6_mult,387_3,9,389,388,-1,1,59,3436,166,6399fc3609def209a15d24abb15c7410be2f009387bd27f61e57dcd23b720d57
gf2^6_mult,387_3,10,388,389,1,-1,40,3560,166,eb1be32d971d975f8c16caa08dce23bc802586a46106c4420c3d87bb986f0f40
gf2^6_mult,387_3,11,389,388,-1,1,40,937,166,ff4006caad688106033ae0f741aa35f3f23540fcd6cb761e361cd593fca147d2
gf2^6_mult,387_3,12,388,388,0,0,41,4361,166,eb1be32d971d975f8c16caa08dce23bc802586a46106c4420c3d87bb986f0f40
gf2^6_mult,387_3,13,388,388,0,0,55,4406,166,2bb81220c223de17f6f5c3e5c017ce238ef5d1f141959c9387f0227a951414b5
gf2^6_mult,387_3,14,388,387,-1,1,39,819,166,e3364b25305b224fc2714033752670cd67437484d1ad842b2c0a1df732ec8e1f
gf2^6_mult,388_0,0,389,389,0,0,45,4361,168,932edcf4d69b6c858bbcebc6faa54fd2fdda19a48ae0e3cb37f102306afabe36
gf2^6_mult,388_0,1,389,390,1,-1,41,3554,168,397437060b758d3c5d72955614e94034acd48d75c0d632d8b3fb5c410512dc8f
gf2^6_mult,388_0,2,390,389,-1,1,95,943,168,37998ab481d990ddb6ff540e46e36206a51a64da0819ec7b0b8cb6f8fcab8149
gf2^6_mult,388_0,3,389,390,1,-1,34,940,168,397437060b758d3c5d72955614e94034acd48d75c0d632d8b3fb5c410512dc8f
gf2^6_mult,388_0,4,390,389,-1,1,47,959,171,769f86a1d672d6d81e2b5eeb8c84a4cc3ee21ce4e9fab210d33dae966f323994
gf2^6_mult,388_0,5,389,390,1,-1,54,4362,168,64c8c563be8873dd3764d3a80b8104668b56758e4622b8628856116c4a773a6a
gf2^6_mult,388_0,6,390,389,-1,1,47,4404,168,0a77134669c01f43f40023b7ae60eda200f3e9fe5490709f56f1713ff8e35cc3
gf2^6_mult,388_0,7,389,389,0,0,41,4397,168,1c76d3ee3097815f85651721da3a3d937c8c26b991dbb1150b8b0cf9d61aee32
gf2^6_mult,388_0,8,389,388,-1,1,38,819,166,725ff11b2ef5975b29e6a01f6fda59689f21c292914621644866643362379c31
gf2^6_mult,388_1,0,389,389,0,0,51,4361,163,5946eee5a44d1d0aed55e295c70b41da712c4b1a11f17096c727a4a6665d0ffe
gf2^6_mult,388_1,1,389,388,-1,1,43,819,161,7dd7c6fb7783b824adc3b93d07aaee8fc9794a6a88e510cad5140ea36824e37d
gf2^6_mult,388_2,0,390,390,0,0,45,4409,168,eac9b7db0cddd0e240954ead62388c59a0ac209347b270a0d64de2efc6555f53
gf2^6_mult,388_2,1,390,391,1,-1,34,944,168,3e5132bbffabf9ba1c83441e8a1ae053fe7ab16e9f2e0a88496d89595043cf3e
gf2^6_mult,388_2,2,391,390,-1,1,47,941,169,4d5f24fd0754994a2b55b66ff5edda32464e50fecb992dd24af50353903ba2d6
gf2^6_mult,388_2,3,390,390,0,0,43,4361,168,3e5132bbffabf9ba1c83441e8a1ae053fe7ab16e9f2e0a88496d89595043cf3e
gf2^6_mult,388_2,4,390,390,0,0,49,1535,168,1cc929ea568f91a88743a0f66ce2d2d54ed269a76923b3dff179210000298f0c
gf2^6_mult,388_2,5,390,389,-1,1,38,819,167,742ee64567e804ea545c0f7946665ed176ab210fb72429efde2f4cfab652ac71
gf2^6_mult,388_2,6,389,389,0,0,42,4397,167,48787acabd19651c47f7e00a3217adcaf4c191ab471551f75b721c27a3e12785
gf2^6_mult,388_2,7,389,389,0,0,30,4406,167,9e5beb12dbfcf854767a31864ef1c27a5168ae9d4ee14f27c6f904ac92450999
gf2^6_mult,388_2,8,389,388,-1,1,37,819,167,ad2c52636ef232004658994c12195cd4f2fc9ed016f916a6a384fd94ce2fdeb7
gf2^6_mult,388_3,0,390,390,0,0,41,4361,167,4cf86bdf8c486445e35c09e377def92fb9b08dd44830e394460fbea70ffb8aea
gf2^6_mult,388_3,1,390,389,-1,1,43,819,167,7f4da4d24afeb246014b5606fd1b4e80af01c40db68432bbb38ad9317ad13ea2
gf2^6_mult,388_3,2,389,391,2,-2,0,24,168,2092cac024feb72f5714d45f6f1c289ea6b034ed63a4d7371e8ac94137af84f4
gf2^6_mult,388_3,3,391,389,-2,2,29,23,168,e44369933805ffd4cc736751638c0fd1c3a24e6cef7e35eaf120b7425a6e01bf
gf2^6_mult,388_3,4,389,390,1,-1,51,4360,168,2092cac024feb72f5714d45f6f1c289ea6b034ed63a4d7371e8ac94137af84f4
gf2^6_mult,388_3,5,390,389,-1,1,55,4368,169,11835a8beb4765e31502a0a684bea9f8a1057f586419c9e7b30e818c9cc59845
gf2^6_mult,388_3,6,389,388,-1,1,43,819,166,39cb642e26952bbc8d9085ae5bd68ee788758f0839225f58055e02d47f96dd7d
gf2^6_mult,388_4,0,389,390,1,-1,36,808,166,7697af9a4cfa2ba83462c7735921df63d1fa07b9539f7f32097ea10ca7203934
gf2^6_mult,388_4,1,390,389,-1,1,38,809,167,18424f02ce809c43caf93e4c50af286482b70468fdbcfb905e13e47b4298fba8
gf2^6_mult,388_4,2,389,389,0,0,57,4361,166,7697af9a4cfa2ba83462c7735921df63d1fa07b9539f7f32097ea10ca7203934
gf2^6_mult,388_4,3,389,391,2,-2,0,24,166,d058b9c540e9ea478824930956675e2e586ad702345d1ca182919c42e7d20942
gf2^6_mult,388_4,4,391,389,-2,2,27,23,166,78e29cda5c5dd1e6a65be894fc78a82602ea5a96e656121b33848a0a5aeab70b
gf2^6_mult,388_4,5,389,388,-1,1,47,819,166,d058b9c540e9ea478824930956675e2e586ad702345d1ca182919c42e7d20942
gf2^6_mult,388_5,0,390,391,1,-1,33,1482,168,590261f15abdb4fe555f81343ce1b6c6cc106caeb3d31f7bdb9ca8aba1545f49
gf2^6_mult,388_5,1,391,390,-1,1,38,941,168,b637d504e2def7a2691ebae4ab2aa4df9dd3744db6e9d8702d54996fc83ddfd5
gf2^6_mult,388_5,2,390,391,1,-1,46,4430,168,bad570d0a455fff96570284b96941e47929cfce1ffdf02a0cd82dded938bf6a2
gf2^6_mult,388_5,3,391,390,-1,1,61,819,169,429dcae7954b393da185f085da5802642bc0de17e9b888f5f673d026a588fd99
gf2^6_mult,388_5,4,390,391,1,-1,34,1482,168,b6dc82356c6d712bc42e0e86895acfc12520f1e6614ab261ad70f503f068edb0
gf2^6_mult,388_5,5,391,390,-1,1,47,945,170,6b0fa7b8619342af8fb4b34f640f4de68c3cc69c3443cbec0d4916be72080108
gf2^6_mult,388_5,6,390,390,0,0,8,4397,168,5c4d4d0b4f30319448d9b4aeb8b3e558655d6ab2c4cdad4cfb69d69409aa1aec
gf2^6_mult,388_5,7,390,391,1,-1,49,4410,168,e5e7a0f5a724343cb96322d3d482135d95ba98ba247c5aad1db1e0fab33d9067
gf2^6_mult,388_5,8,391,390,-1,1,56,4364,170,a0b3309ddadb953680dbd7a44601d1dfafd69e37ffb71b0808fa2d373d13bbc9
gf2^6_mult,388_5,9,390,390,0,0,39,4358,168,9c04b24ba27593b85706df1c2dead5ba761f563175fc49dc712074008b0c6e79
gf2^6_mult,388_5,10,390,390,0,0,38,4394,168,4d8e1dbd92da5da46dc2b33ad48d9f02c328d1149c6a0f85976ceb5a24d8ccbc
gf2^6_mult,388_5,11,390,390,0,0,40,4409,168,0a38e63994819cffffa461d7c206f8f6bbd88ae6b818ee49c71366257e46de18
gf2^6_mult,388_5,12,390,389,-1,1,43,819,168,2b38a6dcce3b59b7f706156b43537a50a122555e3492ccb44dc21740ee9b3fa1
gf2^6_mult,388_5,13,389,390,1,-1,38,936,168,8ee27f4cef01a65302c486c3b67d7cf04f48a69d049ad3e7b80f932bb12a8f93
gf2^6_mult,388_5,14,390,389,-1,1,38,937,167,000bc9243ea35ca9b9cf9e194f7a99e0ac23a2fd95f57749c6dcbfd2a41b3eae
gf2^6_mult,388_5,15,389,390,1,-1,46,4374,168,8ee27f4cef01a65302c486c3b67d7cf04f48a69d049ad3e7b80f932bb12a8f93
gf2^6_mult,388_5,16,390,390,0,0,39,3805,168,85649c19a7fc5038aa9def887a6399f6af0cd1878100537207d29b9203398fc0
gf2^6_mult,388_5,17,390,388,-2,2,54,3576,168,80fde4301038cf8aa8e58269ae865c7e9b4ad3360ffb2cf94defe0240179dd49
gf2^6_mult,389_0,0,390,391,1,-1,47,1492,168,0ec9da89e3f8aa82fb65078bf32d9b4f0d9209801de1e439590d6015cff4697e
gf2^6_mult,389_0,1,391,391,0,0,45,4361,169,587f7850308b43b1e2d203ca1bb30f5ff913765ac19fd34d5e95bc66eaa18e6d
gf2^6_mult,389_0,2,391,390,-1,1,46,2910,169,8e0f85e871fc7359a498551aea538c27795731c7d127b7dd0d42c040f08ce544
gf2^6_mult,389_0,3,390,389,-1,1,40,819,166,261e2fe8e85d53be81b269953bda2727f426649dccc3850e016484b05b7ea3d5
gf2^6_mult,389_1,0,390,391,1,-1,36,944,168,3fccea48af401497ea5a846819b394b8571e849b8aabbda45b1929395d56244c
gf2^6_mult,389_1,1,391,390,-1,1,55,941,169,cc3ca03bcd47a00b5edb05c3967c0d9ea9db6157d570ca349a82960e109a5bf5
gf2^6_mult,389_1,2,390,390,0,0,37,4394,168,3fccea48af401497ea5a846819b394b8571e849b8aabbda45b1929395d56244c
gf2^6_mult,389_1,3,390,390,0,0,45,4361,168,a7c5a606ed78ca93d509f584e8be6cfaf88d331422fc7ae5f6f4f3cda6b0ae4b
gf2^6_mult,389_1,4,390,389,-1,1,40,819,168,1cc3eda59c91b1bd4dd277ed8c1248394d6bf532d79ed343045d0d28f03895b3
gf2^6_mult,389_2,0,390,391,1,-1,33,944,168,eac9b7db0cddd0e240954ead62388c59a0ac209347b270a0d64de2efc6555f53
gf2^6_mult,389_2,1,391,390,-1,1,46,1483,169,986391ecad1d9c8c6c9041c20f199065731e0b676d67b480d1eac601af7695a2
gf2^6_mult,389_2,2,390,389,-1,1,36,819,168,175feedc111ff17b02b2bb58e55f14f78a0894a13eff5ed54a5abee8fc77123c
gf2^6_mult,389_3,0,390,390,0,0,41,4361,167,4cf86bdf8c486445e35c09e377def92fb9b08dd44830e394460fbea70ffb8aea
gf2^6_mult,389_3,1,390,389,-1,1,43,819,167,7f4da4d24afeb246014b5606fd1b4e80af01c40db68432bbb38ad9317ad13ea2
gf2^6_mult,389_4,0,390,390,0,0,56,4382,168,3fccea48af401497ea5a846819b394b8571e849b8aabbda45b1929395d56244c
gf2^6_mult,389_4,1,390,390,0,0,45,4406,168,ad95954f773bde92c3d60d28208ff49af6eefc417d79fcd1973dcb9dbc55ec14
gf2^6_mult,389_4,2,390,389,-1,1,40,819,168,4dd57479413170b18629a5b559ca41d4448a89f500a82ae146b8f0a042c507c6
gf2^6_mult,389_5,0,390,391,1,-1,33,1482,168,590261f15abdb4fe555f81343ce1b6c6cc106caeb3d31f7bdb9ca8aba1545f49
gf2^6_mult,389_5,1,391,390,-1,1,38,941,168,b637d504e2def7a2691ebae4ab2aa4df9dd3744db6e9d8702d54996fc83ddfd5
gf2^6_mult,389_5,2,390,391,1,-1,46,4430,168,bad570d0a455fff96570284b96941e47929cfce1ffdf02a0cd82dded938bf6a2
gf2^6_mult,389_5,3,391,390,-1,1,61,819,169,429dcae7954b393da185f085da5802642bc0de17e9b888f5f673d026a588fd99
gf2^6_mult,389_5,4,390,391,1,-1,34,1482,168,b6dc82356c6d712bc42e0e86895acfc12520f1e6614ab261ad70f503f068edb0
gf2^6_mult,389_5,5,391,390,-1,1,47,945,170,6b0fa7b8619342af8fb4b34f640f4de68c3cc69c3443cbec0d4916be72080108
gf2^6_mult,389_5,6,390,390,0,0,8,4397,168,5c4d4d0b4f30319448d9b4aeb8b3e558655d6ab2c4cdad4cfb69d69409aa1aec
gf2^6_mult,389_5,7,390,391,1,-1,49,4410,168,e5e7a0f5a724343cb96322d3d482135d95ba98ba247c5aad1db1e0fab33d9067
gf2^6_mult,389_5,8,391,390,-1,1,56,4364,170,a0b3309ddadb953680dbd7a44601d1dfafd69e37ffb71b0808fa2d373d13bbc9
gf2^6_mult,389_5,9,390,390,0,0,39,4358,168,9c04b24ba27593b85706df1c2dead5ba761f563175fc49dc712074008b0c6e79
gf2^6_mult,389_5,10,390,390,0,0,38,4394,168,4d8e1dbd92da5da46dc2b33ad48d9f02c328d1149c6a0f85976ceb5a24d8ccbc
gf2^6_mult,389_5,11,390,390,0,0,40,4409,168,0a38e63994819cffffa461d7c206f8f6bbd88ae6b818ee49c71366257e46de18
gf2^6_mult,389_5,12,390,389,-1,1,43,819,168,2b38a6dcce3b59b7f706156b43537a50a122555e3492ccb44dc21740ee9b3fa1
gf2^6_mult,390_0,0,401,401,0,0,48,4358,167,52fc5635f650fe0bf438293c7de2a4e85add736360e18c6c64ac2eec01b78565
gf2^6_mult,390_0,1,401,402,1,-1,32,4371,167,890ef270ad4ddac8d658c4f8c2ac0ea6f9ecc328a39405958433035ab6c94bd6
gf2^6_mult,390_0,2,402,402,0,0,38,4397,167,86e949ae88de3d7029cbbf879e6e0f4856eb4486a780de348dac281160e6d79c
gf2^6_mult,390_0,3,402,400,-2,2,33,4694,167,46749f82f5b597c13c2444b060132069b94acff0f261a2f8588bb70a30ebe885
gf2^6_mult,390_0,4,400,398,-2,2,12,21,167,edb6bc027cc955831e7013b72d82ed1cc8cb358e4cbdc4a4395713218a828e05
gf2^6_mult,390_0,5,398,396,-2,2,37,21,167,795a78a89fd28ca96e25ed94fc007845ea5da68b858007f16cdaf837d9d3db6e
gf2^6_mult,390_0,6,396,396,0,0,42,4382,167,c69b157dc06c14c3c5c58a0b2f6b0e534a430ef1c95303a1ab2e831b3c53ebdb
gf2^6_mult,390_0,7,396,396,0,0,37,4361,168,e16c97fdacc0377957cea364384d9a73128bc436fc05a6069bd52b0f9c50ed77
gf2^6_mult,390_0,8,396,396,0,0,36,4409,168,98aa9918b9a6fd4cda0142be9aaaa4e0bf7c6c699fb0af83fc0b9a6f0b5bb49f
gf2^6_mult,390_0,9,396,396,0,0,47,4373,170,b6a1ae0f0d8da861b6b040bc2afbb484c898f89e6e1f863eb55fb5e0d5d9bcb5
gf2^6_mult,390_0,10,396,397,1,-1,33,4350,170,ad761681dcad0b24292ad4a03021f56d1ac3dfc4560626004048fdc7dcc34ac9
gf2^6_mult,390_0,11,397,396,-1,1,37,4380,170,8f70370fb58976d06f6132be60a0dc126828af3b2d497ee95443d58f83ba5582
gf2^6_mult,390_0,12,396,396,0,0,50,4349,169,ac6a25c69837a2189b71d8e4195bebc66903f841ac9b792645142f1cea6948d5
gf2^6_mult,390_0,13,396,394,-2,2,34,27,170,267c2eab2646ec48c32d81335e7932dbaa83a3c3cf9ab60e43d4bd0bd9ce8950
gf2^6_mult,390_0,14,394,392,-2,2,42,21,170,879d0706a1b1bbe63065448f62d0cec67f4b9372d5345de7c611b73671f6efed
gf2^6_mult,390_0,15,392,390,-2,2,29,21,170,bf61d6df221b1746064fe9d9472980e8fdcd89cf5d5f0660b5c59db3772b7180
gf2^6_mult,390_2,0,397,397,0,0,37,4409,170,f134ac704691061139629e8444474960029dfbbeab2009ed810da489bc2ca214
gf2^6_mult,390_2,1,397,397,0,0,43,4358,170,f282cd65d9aa715e5d19b689e7a9fadc9d119f5cf41e8cc365e7ad5a8fa03961
gf2^6_mult,390_2,2,397,396,-1,1,38,819,170,77a61fd0f429d6a69d8b259cac90713818f9a2d547e3f37c7bbca34f72009614
gf2^6_mult,390_2,3,396,394,-2,2,34,21,170,f32654ab78d6f47c2ec1af2d6f37ac1bdf2d4e0ce00f46a0e04189bfc095c3b5
gf2^6_mult,390_2,4,394,392,-2,2,43,27,170,af8cf9be223f8816f0822189d94fe6e5cf3abbb5d0eb0acc6cd9dd0039ead1c7
gf2^6_mult,390_2,5,392,390,-2,2,29,21,170,b6dea8547862e77c609825eb5ea8b03ab207d06bf74a0c7d43aa5d78cd76f1a4
gf2^6_mult,390_5,0,395,393,-2,2,42,27,170,342d896507f9c29124c8c20a0927c9b1d5f6fc2566ae96e6ead532111e619bf5
gf2^6_mult,390_5,1,393,393,0,0,29,58,170,5ad189082eae0c9197acaf6bbce8cce57c518ddf3b188a286304f2b76c421764
gf2^6_mult,390_5,2,393,391,-2,2,42,4656,168,41b27e0cf06f05504fb36a36e08e8b0c194c1ca9d9c7f7cf71fb41e2c45fbed4
gf2^6_mult,390_5,3,391,391,0,0,55,4361,168,9a6d3519d511dd999fbb04c414b5f53d306f153b23190675741740c2395e85ab
gf2^6_mult,390_5,4,391,391,0,0,45,4361,168,a79772e5d97d8fbb3e2bb199e41531da289ef109ac6c66914a6f2f5df9f58afc
gf2^6_mult,390_5,5,391,391,0,0,50,4382,168,543d163aa72ef86d541b6b547a010b27de8c217d473abc6b2191e4033b4b6700
gf2^6_mult,390_5,6,391,390,-1,1,40,819,168,b3c7b71b56ec674a6ca0b358b991ecd68b933fb173028f69c90b76cd07be02e7
gf2^6_mult,391_1,0,397,397,0,0,37,4406,167,a397e6ed2191e56781757c4417b1c67244a57f78b8343963677d04f28429caac
gf2^6_mult,391_1,1,397,397,0,0,42,4361,167,59a827e7acb98eee1920bba8fcf5b713e0fc1431b34d87e94dc3ab8ade1af5fd
gf2^6_mult,391_1,2,397,397,0,0,45,4406,167,b309c1688ff5f1280ad06c568bda10565cbcf0f182f123551538ddc6196c83cb
gf2^6_mult,391_1,3,397,397,0,0,48,4361,167,2fcbcdae3e9661a7cbb06743661a8a88414280fdbafe78cf230cd34df4c4bf5e
gf2^6_mult,391_1,4,397,397,0,0,46,4346,167,370fce5d31406bae08e6f7d34fff8b4da3b8c007a1cf30913f7ca504e4bb8266
gf2^6_mult,391_1,5,397,398,1,-1,39,4371,168,1ec1bca52e9ac5cd28804cccad7bcb2bfa097668ea76896daa4ad52cd32169d4
gf2^6_mult,391_1,6,398,397,-1,1,47,4376,169,86f5e97f8ca8be80a20e4e1dd7551f901dccebaab358a411b4ce68035358635e
gf2^6_mult,391_1,7,397,395,-2,2,33,21,168,1ec1bca52e9ac5cd28804cccad7bcb2bfa097668ea76896daa4ad52cd32169d4
gf2^6_mult,391_1,8,395,393,-2,2,40,21,168,f80e94ea3f1cff6b31d09bcfb92fb6d3b3bbbfa1ae5948625b007ed5dcd2122d
gf2^6_mult,391_1,9,393,391,-2,2,30,21,168,0d3438336907333c361c9f7c4cd0e3ebb7fee35939145681410d8b6baf531c77
gf2^6_mult,391_3,0,401,401,0,0,37,4346,167,52fc5635f650fe0bf438293c7de2a4e85add736360e18c6c64ac2eec01b78565
gf2^6_mult,391_3,1,401,401,0,0,42,4394,168,b264aad0dc74584f58d9a3425fb44cdcb2ba6192fb45ecccdd83583dd36f322b
gf2^6_mult,391_3,2,401,401,0,0,43,4406,168,a27eb720a923b64abefaae1e95bccc7741528f40af7348a7124fbf013c8b2499
gf2^6_mult,391_3,3,401,401,0,0,42,4409,168,7bcafeb498eb9558f90d4379cf750f0374957501621884f08cf22b1b89b5c1a3
gf2^6_mult,391_3,4,401,401,0,0,32,4370,168,f3e4423b9626494bec0d497f73f3f810bf81fc5ffb8638524fb1fd88e416071b
gf2^6_mult,391_3,5,401,401,0,0,51,4349,168,294ece9ac5b00fabb56634e7f141416740a432fc1c4127426d06caa28493b60c
gf2^6_mult,391_3,6,401,401,0,0,40,4346,169,2b6e42805465e5e1a21d9e19a36262f966abe9a70408e1001f676cb03ee0f614
gf2^6_mult,391_3,7,401,399,-2,2,12,21,170,8e0c459dcbdf668b7bd569e656151c394c87b3e711cf674ccaef2e8ad1d51290
gf2^6_mult,391_3,8,399,399,0,0,38,4346,170,58f5f0fe78edcc31c294b5cf5e7256ce5574c1159407b3f9dc22429340eed3b5
gf2^6_mult,391_3,9,399,397,-2,2,38,27,170,152a8b549c3459bdc6a5beba17f8f97b2fcf25ba90948b8d439a8c3566a5a5e5
gf2^6_mult,391_3,10,397,398,1,-1,81,4396,170,4bd755d5c18799f70892171afa7107542d20b54455539c9131cd0084b85d40e9
gf2^6_mult,391_3,11,398,397,-1,1,75,4364,171,39cb4842f397f3c163a3ea43419c11f94dd3124752d7f70c2eeff8a73f167b5a
gf2^6_mult,391_3,12,397,395,-2,2,33,21,170,0036cb1904fb6319fdaf3c5061db27706704d2368d1ad463604514c6e97dee4a
gf2^6_mult,391_3,13,395,393,-2,2,40,27,170,8788a041510cf842069c4cd81c39548cd11d4a8dbfb78a1924e4560f872fdfc9
gf2^6_mult,391_3,14,393,391,-2,2,30,21,170,946e0a243932829836ce441e6c6259713b2ca596c378296beffa605a9c27622a
gf2^6_mult,391_4,0,399,399,0,0,48,4409,167,cf3fbc10633ddf0d18f058fedb00f3eef5cd779da528daa9692b59e74a162c42
gf2^6_mult,391_4,1,399,400,1,-1,35,4347,167,3e8c9ad799257de21cbb0770e0bf1c3d7598b8b04469d698ef7ef5e4fd25f6cf
gf2^6_mult,391_4,2,400,399,-1,1,39,4379,167,614c731cc2152dc0fb390df291aed0f81de873b9a7050f1f020904fb4cccb8af
gf2^6_mult,391_4,3,399,399,0,0,80,4406,167,5e38f1a87082397b32f78f88a2631daacc374079014eb2610bd397c9daa9f2bf
gf2^6_mult,391_4,4,399,399,0,0,37,4370,167,dadb6914dc189aefe42e4cbb42b24d5da8d0a043509dc3f0678fddd165f342e1
gf2^6_mult,391_4,5,399,399,0,0,45,4358,168,6f669f6297ba91ad88777758c71cdb51ba5f75654b9966a74e3ce459a924e2a4
gf2^6_mult,391_4,6,399,399,0,0,81,4361,168,a93988ede54307cbcfff9e1526c72062eb1f384998771e94519225e7c24fef0a
gf2^6_mult,391_4,7,399,397,-2,2,37,27,169,7c90a297615a829bdf948f87035d3e6d2eb55da762dc58a2998900ceaeef270c
gf2^6_mult,391_4,8,397,398,1,-1,53,4375,169,94da982104b10e80142cea2e7f7c0b7fa10ad54728b114b8492ff2e04c31d190
gf2^6_mult,391_4,9,398,397,-1,1,57,4353,172,711fa8381f8544d83358c5df617c1c11a547218fc71f3d000294a32413037662
gf2^6_mult,391_4,10,397,397,0,0,69,4406,171,c2d142eeb5fd4b19773d9f6038b62b895a9619859e94c5d102e90b82e3af11a0
gf2^6_mult,391_4,11,397,398,1,-1,52,4407,170,1585c5a4a5381e5d70583ecada36d7251a35c8abcd2dab4d6357b0af49f668b3
gf2^6_mult,391_4,12,398,397,-1,1,48,4412,171,a64a78ce2419aafcb83b76dc6a927b87fb72b0c1107b881e90972f48f3b046f7
gf2^6_mult,391_4,13,397,395,-2,2,36,21,170,1585c5a4a5381e5d70583ecada36d7251a35c8abcd2dab4d6357b0af49f668b3
gf2^6_mult,391_4,14,395,393,-2,2,41,27,170,4d6a31750f9292c847f7b15d344fdf86a9ed33342773e174a293131456b19b02
gf2^6_mult,391_4,15,393,391,-2,2,30,27,170,6149519d2383876c56ad8c32a0e0f823ad59abe2a43c9c10b619bd7eb492f039
gf2^6_mult,391_5,0,401,399,-2,2,12,21,167,52fc5635f650fe0bf438293c7de2a4e85add736360e18c6c64ac2eec01b78565
gf2^6_mult,391_5,1,399,399,0,0,42,4382,167,774456300a8788c713d82a88d3f64ba8e717e17205404eebc365a0029a6db367
gf2^6_mult,391_5,2,399,399,0,0,37,4349,168,e2da472dec6b2db5e99e7c4e27917dd539f2a78681af50730d88c6155999c95f
gf2^6_mult,391_5,3,399,397,-2,2,37,27,169,ebbec42a3a4c53fca8cb218b3b1a74e6c8777a1bf18a1bb2235ec0bf7abcfcef
gf2^6_mult,391_5,4,397,397,0,0,51,4349,169,489f3f4a1716a0b092ffac79f33c7456de715160e22525850695388ff41d20fe
gf2^6_mult,391_5,5,397,397,0,0,43,4382,169,b05ae0ed7d83eb75d063b9404742f4588b5b65efc7b1e32e1e55391363d895f4
gf2^6_mult,391_5,6,397,398,1,-1,38,3417,170,b42cec202ee033a41052fd6e46301d672ca9cc5b39c9f89eac80a0dcec7953c2
gf2^6_mult,391_5,7,398,399,1,-1,55,4362,171,05f70b6b6177839adb812fd121ea15443ea63482fe1153704a30e5e8b9763335
gf2^6_mult,391_5,8,399,398,-1,1,52,817,172,9f271995aa62d3eef5c73b0c0d657477a8237a3dc3887d3776ea0cc8241289e1
gf2^6_mult,391_5,9,398,397,-1,1,48,4368,170,f07c3dc1d25f8bf439ae8f4df063ecf9f2ceb013dd627e5e149f5b038accd87a
gf2^6_mult,391_5,10,397,395,-2,2,31,27,170,1854f576c70259f0ebbc0a0cb23fcebcdba641277ebbcb85a84ec63d90e7fef5
gf2^6_mult,391_5,11,395,393,-2,2,42,27,170,342d896507f9c29124c8c20a0927c9b1d5f6fc2566ae96e6ead532111e619bf5
gf2^6_mult,391_5,12,393,391,-2,2,29,21,170,5ad189082eae0c9197acaf6bbce8cce57c518ddf3b188a286304f2b76c421764
gf2^6_mult,392_0,0,401,401,0,0,48,4358,167,52fc5635f650fe0bf438293c7de2a4e85add736360e18c6c64ac2eec01b78565
gf2^6_mult,392_0,1,401,402,1,-1,32,4371,167,890ef270ad4ddac8d658c4f8c2ac0ea6f9ecc328a39405958433035ab6c94bd6
gf2^6_mult,392_0,2,402,402,0,0,38,4397,167,86e949ae88de3d7029cbbf879e6e0f4856eb4486a780de348dac281160e6d79c
gf2^6_mult,392_0,3,402,400,-2,2,33,4694,167,46749f82f5b597c13c2444b060132069b94acff0f261a2f8588bb70a30ebe885
gf2^6_mult,392_0,4,400,398,-2,2,12,21,167,edb6bc027cc955831e7013b72d82ed1cc8cb358e4cbdc4a4395713218a828e05
gf2^6_mult,392_0,5,398,396,-2,2,37,21,167,795a78a89fd28ca96e25ed94fc007845ea5da68b858007f16cdaf837d9d3db6e
gf2^6_mult,392_0,6,396,396,0,0,42,4382,167,c69b157dc06c14c3c5c58a0b2f6b0e534a430ef1c95303a1ab2e831b3c53ebdb
gf2^6_mult,392_0,7,396,396,0,0,37,4361,168,e16c97fdacc0377957cea364384d9a73128bc436fc05a6069bd52b0f9c50ed77
gf2^6_mult,392_0,8,396,396,0,0,36,4409,168,98aa9918b9a6fd4cda0142be9aaaa4e0bf7c6c699fb0af83fc0b9a6f0b5bb49f
gf2^6_mult,392_0,9,396,396,0,0,47,4373,170,b6a1ae0f0d8da861b6b040bc2afbb484c898f89e6e1f863eb55fb5e0d5d9bcb5
gf2^6_mult,392_0,10,396,397,1,-1,33,4350,170,ad761681dcad0b24292ad4a03021f56d1ac3dfc4560626004048fdc7dcc34ac9
gf2^6_mult,392_0,11,397,396,-1,1,37,4380,170,8f70370fb58976d06f6132be60a0dc126828af3b2d497ee95443d58f83ba5582
gf2^6_mult,392_0,12,396,396,0,0,50,4349,169,ac6a25c69837a2189b71d8e4195bebc66903f841ac9b792645142f1cea6948d5
gf2^6_mult,392_0,13,396,394,-2,2,34,27,170,267c2eab2646ec48c32d81335e7932dbaa83a3c3cf9ab60e43d4bd0bd9ce8950
gf2^6_mult,392_0,14,394,392,-2,2,42,21,170,879d0706a1b1bbe63065448f62d0cec67f4b9372d5345de7c611b73671f6efed
gf2^6_mult,392_2,0,397,397,0,0,37,4409,170,f134ac704691061139629e8444474960029dfbbeab2009ed810da489bc2ca214
gf2^6_mult,392_2,1,397,397,0,0,43,4358,170,f282cd65d9aa715e5d19b689e7a9fadc9d119f5cf41e8cc365e7ad5a8fa03961
gf2^6_mult,392_2,2,397,396,-1,1,38,819,170,77a61fd0f429d6a69d8b259cac90713818f9a2d547e3f37c7bbca34f72009614
gf2^6_mult,392_2,3,396,394,-2,2,34,21,170,f32654ab78d6f47c2ec1af2d6f37ac1bdf2d4e0ce00f46a0e04189bfc095c3b5
gf2^6_mult,392_2,4,394,392,-2,2,43,27,170,af8cf9be223f8816f0822189d94fe6e5cf3abbb5d0eb0acc6cd9dd0039ead1c7
gf2^6_mult,393_1,0,397,397,0,0,37,4406,167,a397e6ed2191e56781757c4417b1c67244a57f78b8343963677d04f28429caac
gf2^6_mult,393_1,1,397,397,0,0,42,4361,167,59a827e7acb98eee1920bba8fcf5b713e0fc1431b34d87e94dc3ab8ade1af5fd
gf2^6_mult,393_1,2,397,397,0,0,45,4406,167,b309c1688ff5f1280ad06c568bda10565cbcf0f182f123551538ddc6196c83cb
gf2^6_mult,393_1,3,397,397,0,0,48,4361,167,2fcbcdae3e9661a7cbb06743661a8a88414280fdbafe78cf230cd34df4c4bf5e
gf2^6_mult,393_1,4,397,397,0,0,46,4346,167,370fce5d31406bae08e6f7d34fff8b4da3b8c007a1cf30913f7ca504e4bb8266
gf2^6_mult,393_1,5,397,398,1,-1,39,4371,168,1ec1bca52e9ac5cd28804cccad7bcb2bfa097668ea76896daa4ad52cd32169d4
gf2^6_mult,393_1,6,398,397,-1,1,47,4376,169,86f5e97f8ca8be80a20e4e1dd7551f901dccebaab358a411b4ce68035358635e
gf2^6_mult,393_1,7,397,395,-2,2,33,21,168,1ec1bca52e9ac5cd28804cccad7bcb2bfa097668ea76896daa4ad52cd32169d4
gf2^6_mult,393_1,8,395,393,-2,2,40,21,168,f80e94ea3f1cff6b31d09bcfb92fb6d3b3bbbfa1ae5948625b007ed5dcd2122d
gf2^6_mult,393_3,0,401,401,0,0,37,4346,167,52fc5635f650fe0bf438293c7de2a4e85add736360e18c6c64ac2eec01b78565
gf2^6_mult,393_3,1,401,401,0,0,42,4394,168,b264aad0dc74584f58d9a3425fb44cdcb2ba6192fb45ecccdd83583dd36f322b
gf2^6_mult,393_3,2,401,401,0,0,43,4406,168,a27eb720a923b64abefaae1e95bccc7741528f40af7348a7124fbf013c8b2499
gf2^6_mult,393_3,3,401,401,0,0,42,4409,168,7bcafeb498eb9558f90d4379cf750f0374957501621884f08cf22b1b89b5c1a3
gf2^6_mult,393_3,4,401,401,0,0,32,4370,168,f3e4423b9626494bec0d497f73f3f810bf81fc5ffb8638524fb1fd88e416071b
gf2^6_mult,393_3,5,401,401,0,0,51,4349,168,294ece9ac5b00fabb56634e7f141416740a432fc1c4127426d06caa28493b60c
gf2^6_mult,393_3,6,401,401,0,0,40,4346,169,2b6e42805465e5e1a21d9e19a36262f966abe9a70408e1001f676cb03ee0f614
gf2^6_mult,393_3,7,401,399,-2,2,12,21,170,8e0c459dcbdf668b7bd569e656151c394c87b3e711cf674ccaef2e8ad1d51290
gf2^6_mult,393_3,8,399,399,0,0,38,4346,170,58f5f0fe78edcc31c294b5cf5e7256ce5574c1159407b3f9dc22429340eed3b5
gf2^6_mult,393_3,9,399,397,-2,2,38,27,170,152a8b549c3459bdc6a5beba17f8f97b2fcf25ba90948b8d439a8c3566a5a5e5
gf2^6_mult,393_3,10,397,398,1,-1,81,4396,170,4bd755d5c18799f70892171afa7107542d20b54455539c9131cd0084b85d40e9
gf2^6_mult,393_3,11,398,397,-1,1,75,4364,171,39cb4842f397f3c163a3ea43419c11f94dd3124752d7f70c2eeff8a73f167b5a
gf2^6_mult,393_3,12,397,395,-2,2,33,21,170,0036cb1904fb6319fdaf3c5061db27706704d2368d1ad463604514c6e97dee4a
gf2^6_mult,393_3,13,395,393,-2,2,40,27,170,8788a041510cf842069c4cd81c39548cd11d4a8dbfb78a1924e4560f872fdfc9
gf2^6_mult,393_4,0,399,399,0,0,48,4409,167,cf3fbc10633ddf0d18f058fedb00f3eef5cd779da528daa9692b59e74a162c42
gf2^6_mult,393_4,1,399,400,1,-1,35,4347,167,3e8c9ad799257de21cbb0770e0bf1c3d7598b8b04469d698ef7ef5e4fd25f6cf
gf2^6_mult,393_4,2,400,399,-1,1,39,4379,167,614c731cc2152dc0fb390df291aed0f81de873b9a7050f1f020904fb4cccb8af
gf2^6_mult,393_4,3,399,399,0,0,80,4406,167,5e38f1a87082397b32f78f88a2631daacc374079014eb2610bd397c9daa9f2bf
gf2^6_mult,393_4,4,399,399,0,0,37,4370,167,dadb6914dc189aefe42e4cbb42b24d5da8d0a043509dc3f0678fddd165f342e1
gf2^6_mult,393_4,5,399,399,0,0,45,4358,168,6f669f6297ba91ad88777758c71cdb51ba5f75654b9966a74e3ce459a924e2a4
gf2^6_mult,393_4,6,399,399,0,0,81,4361,168,a93988ede54307cbcfff9e1526c72062eb1f384998771e94519225e7c24fef0a
gf2^6_mult,393_4,7,399,397,-2,2,37,27,169,7c90a297615a829bdf948f87035d3e6d2eb55da762dc58a2998900ceaeef270c
gf2^6_mult,393_4,8,397,398,1,-1,53,4375,169,94da982104b10e80142cea2e7f7c0b7fa10ad54728b114b8492ff2e04c31d190
gf2^6_mult,393_4,9,398,397,-1,1,57,4353,172,711fa8381f8544d83358c5df617c1c11a547218fc71f3d000294a32413037662
gf2^6_mult,393_4,10,397,397,0,0,69,4406,171,c2d142eeb5fd4b19773d9f6038b62b895a9619859e94c5d102e90b82e3af11a0
gf2^6_mult,393_4,11,397,398,1,-1,52,4407,170,1585c5a4a5381e5d70583ecada36d7251a35c8abcd2dab4d6357b0af49f668b3
gf2^6_mult,393_4,12,398,397,-1,1,48,4412,171,a64a78ce2419aafcb83b76dc6a927b87fb72b0c1107b881e90972f48f3b046f7
gf2^6_mult,393_4,13,397,395,-2,2,36,21,170,1585c5a4a5381e5d70583ecada36d7251a35c8abcd2dab4d6357b0af49f668b3
gf2^6_mult,393_4,14,395,393,-2,2,41,27,170,4d6a31750f9292c847f7b15d344fdf86a9ed33342773e174a293131456b19b02
gf2^6_mult,393_5,0,401,399,-2,2,12,21,167,52fc5635f650fe0bf438293c7de2a4e85add736360e18c6c64ac2eec01b78565
gf2^6_mult,393_5,1,399,399,0,0,42,4382,167,774456300a8788c713d82a88d3f64ba8e717e17205404eebc365a0029a6db367
gf2^6_mult,393_5,2,399,399,0,0,37,4349,168,e2da472dec6b2db5e99e7c4e27917dd539f2a78681af50730d88c6155999c95f
gf2^6_mult,393_5,3,399,397,-2,2,37,27,169,ebbec42a3a4c53fca8cb218b3b1a74e6c8777a1bf18a1bb2235ec0bf7abcfcef
gf2^6_mult,393_5,4,397,397,0,0,51,4349,169,489f3f4a1716a0b092ffac79f33c7456de715160e22525850695388ff41d20fe
gf2^6_mult,393_5,5,397,397,0,0,43,4382,169,b05ae0ed7d83eb75d063b9404742f4588b5b65efc7b1e32e1e55391363d895f4
gf2^6_mult,393_5,6,397,398,1,-1,38,3417,170,b42cec202ee033a41052fd6e46301d672ca9cc5b39c9f89eac80a0dcec7953c2
gf2^6_mult,393_5,7,398,399,1,-1,55,4362,171,05f70b6b6177839adb812fd121ea15443ea63482fe1153704a30e5e8b9763335
gf2^6_mult,393_5,8,399,398,-1,1,52,817,172,9f271995aa62d3eef5c73b0c0d657477a8237a3dc3887d3776ea0cc8241289e1
gf2^6_mult,393_5,9,398,397,-1,1,48,4368,170,f07c3dc1d25f8bf439ae8f4df063ecf9f2ceb013dd627e5e149f5b038accd87a
gf2^6_mult,393_5,10,397,395,-2,2,31,27,170,1854f576c70259f0ebbc0a0cb23fcebcdba641277ebbcb85a84ec63d90e7fef5
gf2^6_mult,393_5,11,395,393,-2,2,42,27,170,342d896507f9c29124c8c20a0927c9b1d5f6fc2566ae96e6ead532111e619bf5
gf2^6_mult,394_0,0,401,401,0,0,48,4358,167,52fc5635f650fe0bf438293c7de2a4e85add736360e18c6c64ac2eec01b78565
gf2^6_mult,394_0,1,401,402,1,-1,32,4371,167,890ef270ad4ddac8d658c4f8c2ac0ea6f9ecc328a39405958433035ab6c94bd6
gf2^6_mult,394_0,2,402,402,0,0,38,4397,167,86e949ae88de3d7029cbbf879e6e0f4856eb4486a780de348dac281160e6d79c
gf2^6_mult,394_0,3,402,400,-2,2,33,4694,167,46749f82f5b597c13c2444b060132069b94acff0f261a2f8588bb70a30ebe885
gf2^6_mult,394_0,4,400,398,-2,2,12,21,167,edb6bc027cc955831e7013b72d82ed1cc8cb358e4cbdc4a4395713218a828e05
gf2^6_mult,394_0,5,398,396,-2,2,37,21,167,795a78a89fd28ca96e25ed94fc007845ea5da68b858007f16cdaf837d9d3db6e
gf2^6_mult,394_0,6,396,396,0,0,42,4382,167,c69b157dc06c14c3c5c58a0b2f6b0e534a430ef1c95303a1ab2e831b3c53ebdb
gf2^6_mult,394_0,7,396,396,0,0,37,4361,168,e16c97fdacc0377957cea364384d9a73128bc436fc05a6069bd52b0f9c50ed77
gf2^6_mult,394_0,8,396,396,0,0,36,4409,168,98aa9918b9a6fd4cda0142be9aaaa4e0bf7c6c699fb0af83fc0b9a6f0b5bb49f
gf2^6_mult,394_0,9,396,396,0,0,47,4373,170,b6a1ae0f0d8da861b6b040bc2afbb484c898f89e6e1f863eb55fb5e0d5d9bcb5
gf2^6_mult,394_0,10,396,397,1,-1,33,4350,170,ad761681dcad0b24292ad4a03021f56d1ac3dfc4560626004048fdc7dcc34ac9
gf2^6_mult,394_0,11,397,396,-1,1,37,4380,170,8f70370fb58976d06f6132be60a0dc126828af3b2d497ee95443d58f83ba5582
gf2^6_mult,394_0,12,396,396,0,0,50,4349,169,ac6a25c69837a2189b71d8e4195bebc66903f841ac9b792645142f1cea6948d5
gf2^6_mult,394_0,13,396,394,-2,2,34,27,170,267c2eab2646ec48c32d81335e7932dbaa83a3c3cf9ab60e43d4bd0bd9ce8950
gf2^6_mult,394_2,0,397,397,0,0,37,4409,170,f134ac704691061139629e8444474960029dfbbeab2009ed810da489bc2ca214
gf2^6_mult,394_2,1,397,397,0,0,43,4358,170,f282cd65d9aa715e5d19b689e7a9fadc9d119f5cf41e8cc365e7ad5a8fa03961
gf2^6_mult,394_2,2,397,396,-1,1,38,819,170,77a61fd0f429d6a69d8b259cac90713818f9a2d547e3f37c7bbca34f72009614
gf2^6_mult,394_2,3,396,394,-2,2,34,21,170,f32654ab78d6f47c2ec1af2d6f37ac1bdf2d4e0ce00f46a0e04189bfc095c3b5
gf2^6_mult,395_1,0,397,397,0,0,37,4406,167,a397e6ed2191e56781757c4417b1c67244a57f78b8343963677d04f28429caac
gf2^6_mult,395_1,1,397,397,0,0,42,4361,167,59a827e7acb98eee1920bba8fcf5b713e0fc1431b34d87e94dc3ab8ade1af5fd
gf2^6_mult,395_1,2,397,397,0,0,45,4406,167,b309c1688ff5f1280ad06c568bda10565cbcf0f182f123551538ddc6196c83cb
gf2^6_mult,395_1,3,397,397,0,0,48,4361,167,2fcbcdae3e9661a7cbb06743661a8a88414280fdbafe78cf230cd34df4c4bf5e
gf2^6_mult,395_1,4,397,397,0,0,46,4346,167,370fce5d31406bae08e6f7d34fff8b4da3b8c007a1cf30913f7ca504e4bb8266
gf2^6_mult,395_1,5,397,398,1,-1,39,4371,168,1ec1bca52e9ac5cd28804cccad7bcb2bfa097668ea76896daa4ad52cd32169d4
gf2^6_mult,395_1,6,398,397,-1,1,47,4376,169,86f5e97f8ca8be80a20e4e1dd7551f901dccebaab358a411b4ce68035358635e
gf2^6_mult,395_1,7,397,395,-2,2,33,21,168,1ec1bca52e9ac5cd28804cccad7bcb2bfa097668ea76896daa4ad52cd32169d4
gf2^6_mult,395_3,0,401,401,0,0,37,4346,167,52fc5635f650fe0bf438293c7de2a4e85add736360e18c6c64ac2eec01b78565
gf2^6_mult,395_3,1,401,401,0,0,42,4394,168,b264aad0dc74584f58d9a3425fb44cdcb2ba6192fb45ecccdd83583dd36f322b
gf2^6_mult,395_3,2,401,401,0,0,43,4406,168,a27eb720a923b64abefaae1e95bccc7741528f40af7348a7124fbf013c8b2499
gf2^6_mult,395_3,3,401,401,0,0,42,4409,168,7bcafeb498eb9558f90d4379cf750f0374957501621884f08cf22b1b89b5c1a3
gf2^6_mult,395_3,4,401,401,0,0,32,4370,168,f3e4423b9626494bec0d497f73f3f810bf81fc5ffb8638524fb1fd88e416071b
gf2^6_mult,395_3,5,401,401,0,0,51,4349,168,294ece9ac5b00fabb56634e7f141416740a432fc1c4127426d06caa28493b60c
gf2^6_mult,395_3,6,401,401,0,0,40,4346,169,2b6e42805465e5e1a21d9e19a36262f966abe9a70408e1001f676cb03ee0f614
gf2^6_mult,395_3,7,401,399,-2,2,12,21,170,8e0c459dcbdf668b7bd569e656151c394c87b3e711cf674ccaef2e8ad1d51290
gf2^6_mult,395_3,8,399,399,0,0,38,4346,170,58f5f0fe78edcc31c294b5cf5e7256ce5574c1159407b3f9dc22429340eed3b5
gf2^6_mult,395_3,9,399,397,-2,2,38,27,170,152a8b549c3459bdc6a5beba17f8f97b2fcf25ba90948b8d439a8c3566a5a5e5
gf2^6_mult,395_3,10,397,398,1,-1,81,4396,170,4bd755d5c18799f70892171afa7107542d20b54455539c9131cd0084b85d40e9
gf2^6_mult,395_3,11,398,397,-1,1,75,4364,171,39cb4842f397f3c163a3ea43419c11f94dd3124752d7f70c2eeff8a73f167b5a
gf2^6_mult,395_3,12,397,395,-2,2,33,21,170,0036cb1904fb6319fdaf3c5061db27706704d2368d1ad463604514c6e97dee4a
gf2^6_mult,395_4,0,399,399,0,0,48,4409,167,cf3fbc10633ddf0d18f058fedb00f3eef5cd779da528daa9692b59e74a162c42
gf2^6_mult,395_4,1,399,400,1,-1,35,4347,167,3e8c9ad799257de21cbb0770e0bf1c3d7598b8b04469d698ef7ef5e4fd25f6cf
gf2^6_mult,395_4,2,400,399,-1,1,39,4379,167,614c731cc2152dc0fb390df291aed0f81de873b9a7050f1f020904fb4cccb8af
gf2^6_mult,395_4,3,399,399,0,0,80,4406,167,5e38f1a87082397b32f78f88a2631daacc374079014eb2610bd397c9daa9f2bf
gf2^6_mult,395_4,4,399,399,0,0,37,4370,167,dadb6914dc189aefe42e4cbb42b24d5da8d0a043509dc3f0678fddd165f342e1
gf2^6_mult,395_4,5,399,399,0,0,45,4358,168,6f669f6297ba91ad88777758c71cdb51ba5f75654b9966a74e3ce459a924e2a4
gf2^6_mult,395_4,6,399,399,0,0,81,4361,168,a93988ede54307cbcfff9e1526c72062eb1f384998771e94519225e7c24fef0a
gf2^6_mult,395_4,7,399,397,-2,2,37,27,169,7c90a297615a829bdf948f87035d3e6d2eb55da762dc58a2998900ceaeef270c
gf2^6_mult,395_4,8,397,398,1,-1,53,4375,169,94da982104b10e80142cea2e7f7c0b7fa10ad54728b114b8492ff2e04c31d190
gf2^6_mult,395_4,9,398,397,-1,1,57,4353,172,711fa8381f8544d83358c5df617c1c11a547218fc71f3d000294a32413037662
gf2^6_mult,395_4,10,397,397,0,0,69,4406,171,c2d142eeb5fd4b19773d9f6038b62b895a9619859e94c5d102e90b82e3af11a0
gf2^6_mult,395_4,11,397,398,1,-1,52,4407,170,1585c5a4a5381e5d70583ecada36d7251a35c8abcd2dab4d6357b0af49f668b3
gf2^6_mult,395_4,12,398,397,-1,1,48,4412,171,a64a78ce2419aafcb83b76dc6a927b87fb72b0c1107b881e90972f48f3b046f7
gf2^6_mult,395_4,13,397,395,-2,2,36,21,170,1585c5a4a5381e5d70583ecada36d7251a35c8abcd2dab4d6357b0af49f668b3
gf2^6_mult,395_5,0,401,399,-2,2,12,21,167,52fc5635f650fe0bf438293c7de2a4e85add736360e18c6c64ac2eec01b78565
gf2^6_mult,395_5,1,399,399,0,0,42,4382,167,774456300a8788c713d82a88d3f64ba8e717e17205404eebc365a0029a6db367
gf2^6_mult,395_5,2,399,399,0,0,37,4349,168,e2da472dec6b2db5e99e7c4e27917dd539f2a78681af50730d88c6155999c95f
gf2^6_mult,395_5,3,399,397,-2,2,37,27,169,ebbec42a3a4c53fca8cb218b3b1a74e6c8777a1bf18a1bb2235ec0bf7abcfcef
gf2^6_mult,395_5,4,397,397,0,0,51,4349,169,489f3f4a1716a0b092ffac79f33c7456de715160e22525850695388ff41d20fe
gf2^6_mult,395_5,5,397,397,0,0,43,4382,169,b05ae0ed7d83eb75d063b9404742f4588b5b65efc7b1e32e1e55391363d895f4
gf2^6_mult,395_5,6,397,398,1,-1,38,3417,170,b42cec202ee033a41052fd6e46301d672ca9cc5b39c9f89eac80a0dcec7953c2
gf2^6_mult,395_5,7,398,399,1,-1,55,4362,171,05f70b6b6177839adb812fd121ea15443ea63482fe1153704a30e5e8b9763335
gf2^6_mult,395_5,8,399,398,-1,1,52,817,172,9f271995aa62d3eef5c73b0c0d657477a8237a3dc3887d3776ea0cc8241289e1
gf2^6_mult,395_5,9,398,397,-1,1,48,4368,170,f07c3dc1d25f8bf439ae8f4df063ecf9f2ceb013dd627e5e149f5b038accd87a
gf2^6_mult,395_5,10,397,395,-2,2,31,27,170,1854f576c70259f0ebbc0a0cb23fcebcdba641277ebbcb85a84ec63d90e7fef5
gf2^6_mult,396_0,0,401,401,0,0,48,4358,167,52fc5635f650fe0bf438293c7de2a4e85add736360e18c6c64ac2eec01b78565
gf2^6_mult,396_0,1,401,402,1,-1,32,4371,167,890ef270ad4ddac8d658c4f8c2ac0ea6f9ecc328a39405958433035ab6c94bd6
gf2^6_mult,396_0,2,402,402,0,0,38,4397,167,86e949ae88de3d7029cbbf879e6e0f4856eb4486a780de348dac281160e6d79c
gf2^6_mult,396_0,3,402,400,-2,2,33,4694,167,46749f82f5b597c13c2444b060132069b94acff0f261a2f8588bb70a30ebe885
gf2^6_mult,396_0,4,400,398,-2,2,12,21,167,edb6bc027cc955831e7013b72d82ed1cc8cb358e4cbdc4a4395713218a828e05
gf2^6_mult,396_0,5,398,396,-2,2,37,21,167,795a78a89fd28ca96e25ed94fc007845ea5da68b858007f16cdaf837d9d3db6e
gf2^6_mult,396_2,0,401,401,0,0,37,4361,167,52fc5635f650fe0bf438293c7de2a4e85add736360e18c6c64ac2eec01b78565
gf2^6_mult,396_2,1,401,401,0,0,51,4370,167,2013349cccb466c651b0b7103da033475178af300015238e3d7cebc14919b909
gf2^6_mult,396_2,2,401,399,-2,2,12,21,169,0736c9a4aef953163a32f66ed024ada235b209e99ca2df69bcb58650fac81469
gf2^6_mult,396_2,3,399,399,0,0,48,4346,169,a908f57332f025f60b692309e30958f5993f570aa3108a0a5a32885011620e0f
gf2^6_mult,396_2,4,399,400,1,-1,44,4351,170,c56710329c8098fd5d0908079fb35c8967ada905670146ec8fc191543ac2c164
gf2^6_mult,396_2,5,400,399,-1,1,50,4377,170,ea963f3a53ddca3e3fbed8d9284e8d0e9d37bd0929941f4980a40760d7fd7804
gf2^6_mult,396_2,6,399,400,1,-1,35,4374,170,b2bc362fa91e41136a1970b004ba806c1204ee90a2de71113c4bcd246289b5b1
gf2^6_mult,396_2,7,400,399,-1,1,39,4377,170,7a26649844e79229c94b0e81f632977be1ef822f12cb3cc8dc897c2c2441ed3f
gf2^6_mult,396_2,8,399,400,1,-1,46,4407,170,b2bc362fa91e41136a1970b004ba806c1204ee90a2de71113c4bcd246289b5b1
gf2^6_mult,396_2,9,400,399,-1,1,37,4416,172,a194b00150477dfc3400147faf0a3db4cb5d0c43b7e759017c9e3a2ccedb7e4d
gf2^6_mult,396_2,10,399,399,0,0,46,4361,170,b2bc362fa91e41136a1970b004ba806c1204ee90a2de71113c4bcd246289b5b1
gf2^6_mult,396_2,11,399,399,0,0,35,4349,170,c7099313380f4be13a5f548b018970aabdba4b01afafdd17ce88ca5a3f083f65
gf2^6_mult,396_2,12,399,397,-2,2,38,27,170,7d8701993b5a684d82ba1091a8c8d0882bdd3d89aa19f43a520c2e768f92351b
gf2^6_mult,396_2,13,397,397,0,0,40,4409,170,217d4f8a91562bb82075d5230859519ec646a5b9e0918019bdc37efe63cd7317
gf2^6_mult,396_2,14,397,396,-1,1,35,819,170,205c6d8444956d7d968d439ca7cc956e03fbb658df81eaecf4f2d83431f12869
gf2^6_mult,396_4,0,401,401,0,0,42,4349,167,52fc5635f650fe0bf438293c7de2a4e85add736360e18c6c64ac2eec01b78565
gf2^6_mult,396_4,1,401,401,0,0,51,4373,168,7be8b07dbd4ca9e60bc94d0bfb0330bbea430e2d2c8bb159350c36afc947710a
gf2^6_mult,396_4,2,401,401,0,0,40,4370,169,cfeb80fec5f85dcd5477718d055d42d399816dcc9f1198f21f5f2ac570a210c5
gf2^6_mult,396_4,3,401,401,0,0,37,4370,170,3b624b57e33e6eb639bba153a46d27b80bab0202fb7dc209468ff83e4cbb973e
gf2^6_mult,396_4,4,401,401,0,0,41,4406,171,fce97d50996438b2a9c60c76fd10d10455af9c325171608e4149c2b29a5b2649
gf2^6_mult,396_4,5,401,400,-1,1,35,819,170,61728182fa331e6785b5703690b7ad382a70b6338684c3e16f78755218bd8bf0
gf2^6_mult,396_4,6,400,401,1,-1,51,4360,170,c1fba8596fb11d8ae07e0fe598b714280337efd5c04cfc302320eebbcbeaa398
gf2^6_mult,396_4,7,401,400,-1,1,49,4413,172,f95727e8248d7b7af3ded0b15bc7fd45699d854b6bcde8ecfc453097ba4f7196
gf2^6_mult,396_4,8,400,400,0,0,51,4358,170,c1fba8596fb11d8ae07e0fe598b714280337efd5c04cfc302320eebbcbeaa398
gf2^6_mult,396_4,9,400,398,-2,2,12,21,170,f33091b49f80b2cb4f225ec690522ebecaddff7dbdbce31aefac20648121ed1d
gf2^6_mult,396_4,10,398,399,1,-1,35,4374,170,556119839b83e3a536f1cac4e7a127c4f2628aa94f4d9ac2694cf42228c9277d
gf2^6_mult,396_4,11,399,398,-1,1,39,4388,170,aed9c854a6b803a24a2aaa6edcda774728340ef7c1ac31fb5446eca502b29a4b
gf2^6_mult,396_4,12,398,398,0,0,42,4361,170,c036c8f3a44b1823eba44790e393c8ab961fc64ac01fab849311af6fbe0c8d0b
gf2^6_mult,396_4,13,398,396,-2,2,38,21,170,9919f1ca2ae529f0f12b7d11a9850b8da01a9608f06b623680d7e25f8dafccde
gf2^6_mult,397_0,0,401,399,-2,2,12,21,167,52fc5635f650fe0bf438293c7de2a4e85add736360e18c6c64ac2eec01b78565
gf2^6_mult,397_0,1,399,399,0,0,51,4361,167,774456300a8788c713d82a88d3f64ba8e717e17205404eebc365a0029a6db367
gf2^6_mult,397_0,2,399,399,0,0,37,4358,167,2cf1eefababcf0f5bc05653e840d78396b2c6c2ca4a9eee41cd62a95f34198b5
gf2^6_mult,397_0,3,399,397,-2,2,36,27,167,3b08e3f5a6b1cac23e2a2b9f541ee455ed6942f61aa1cc1bd1b3b2eca3e57791
gf2^6_mult,397_1,0,401,399,-2,2,12,27,167,52fc5635f650fe0bf438293c7de2a4e85add736360e18c6c64ac2eec01b78565
gf2^6_mult,397_1,1,399,397,-2,2,37,27,167,774456300a8788c713d82a88d3f64ba8e717e17205404eebc365a0029a6db367
gf2^6_mult,397_2,0,401,402,1,-1,42,4372,167,52fc5635f650fe0bf438293c7de2a4e85add736360e18c6c64ac2eec01b78565
gf2^6_mult,397_2,1,402,401,-1,1,50,4388,168,2e86f569686ee43e4d1bcad8ecdf3590f14edc3d4fd8b6dd0d7036e8cf9180fc
gf2^6_mult,397_2,2,401,402,1,-1,35,4372,168,7be8b07dbd4ca9e60bc94d0bfb0330bbea430e2d2c8bb159350c36afc947710a
gf2^6_mult,397_2,3,402,401,-1,1,38,4355,168,d94490ca778b9e0fd09dd65323e5cd6fc379f7b034142840cb04a52822308dee
gf2^6_mult,397_2,4,401,399,-2,2,12,21,168,7be8b07dbd4ca9e60bc94d0bfb0330bbea430e2d2c8bb159350c36afc947710a
gf2^6_mult,397_2,5,399,399,0,0,48,4349,168,fd12e035d3ca38d734fe9bc55e5ff1ef7eeb7680dd493a95d1dbdd83c215bff3
gf2^6_mult,397_2,6,399,397,-2,2,38,27,170,caa44df019dba0516c8339cdfa406f67fa260277795ebbb1fd4fc9989dc4c4e8
gf2^6_mult,397_3,0,401,402,1,-1,48,4360,167,52fc5635f650fe0bf438293c7de2a4e85add736360e18c6c64ac2eec01b78565
gf2^6_mult,397_3,1,402,401,-1,1,48,4412,169,e7e799fcd1d96adde87e07f585a03233a3e865adaf2ae528faca4732310f41a5
gf2^6_mult,397_3,2,401,401,0,0,37,4358,167,890ef270ad4ddac8d658c4f8c2ac0ea6f9ecc328a39405958433035ab6c94bd6
gf2^6_mult,397_3,3,401,401,0,0,32,4361,167,5763eaa4ce08d5a18e4abff7b860be2b09163c1bd6d6d54a7764bd8b5bb2f60e
gf2^6_mult,397_3,4,401,399,-2,2,12,21,167,6341dbb87e72ee136edd795816afd9cac9846495d3ab53f6a9ef33f766f86ffc
gf2^6_mult,397_3,5,399,400,1,-1,41,4387,167,a3f56086ccccd0ee43c1d2269f190e7f77901ac768a45228d5adcd39a083dc42
gf2^6_mult,397_3,6,400,399,-1,1,51,4389,168,1d8875a044c95fdd1a564258c7c9ad74bdc2be300987e5f3cb73d790960c32dd
gf2^6_mult,397_3,7,399,399,0,0,43,4406,168,9709c0b50e7a017d4f2d86e391c4bf7ffb047ef641a7b33aaabc4cdec2ff79d2
gf2^6_mult,397_3,8,399,397,-2,2,37,27,168,2b2bee2b6233679c70c707fce6fdc9d05d5d60637f7f33d0ae00308498d73c47
gf2^6_mult,397_4,0,401,401,0,0,42,4397,167,52fc5635f650fe0bf438293c7de2a4e85add736360e18c6c64ac2eec01b78565
gf2^6_mult,397_4,1,401,401,0,0,42,4361,167,f243223384278e94b514e2819efa60b4491babb74f39e78e8ccd19e4de425fd0
gf2^6_mult,397_4,2,401,401,0,0,81,4346,167,711ea4cc1abb4f89fd110f6a63eecd9e1ffb84b3ca7c36d84e0b1a22bb1a30e7
gf2^6_mult,397_4,3,401,401,0,0,48,4382,167,a49c6fda68dae0e1b52c5ce56d74f69d68c4ccb6197ffceee0ae571696548297
gf2^6_mult,397_4,4,401,402,1,-1,42,4351,169,c3da04022843c9f901a706a866403964024221b76115a1f16dcf6db416d6ac4a
gf2^6_mult,397_4,5,402,401,-1,1,44,4353,170,71840a5a5b7055e627cfde86073ea34e5a2520000bef61795b5e95117ed6bcc6
gf2^6_mult,397_4,6,401,399,-2,2,12,21,170,7c005b1affde6a2a06ab22ae451f176cb47aeb95bf9f43b3cbcb65391911a5d3
gf2^6_mult,397_4,7,399,397,-2,2,38,27,170,05e1a009ad9e5f05208e041409d809bb21645623a1320e1653516e9559c9e8e9
gf2^6_mult,397_5,0,401,399,-2,2,12,21,167,52fc5635f650fe0bf438293c7de2a4e85add736360e18c6c64ac2eec01b78565
gf2^6_mult,397_5,1,399,399,0,0,35,4397,167,774456300a8788c713d82a88d3f64ba8e717e17205404eebc365a0029a6db367
gf2^6_mult,397_5,2,399,397,-2,2,37,27,167,3b3f09cb8c23967b63dc3a6cf98bea523204a8f3de533d2939ca220395c34c33
gf2^6_mult,399_0,0,401,399,-2,2,12,21,167,52fc5635f650fe0bf438293c7de2a4e85add736360e18c6c64ac2eec01b78565
gf2^6_mult,399_1,0,401,399,-2,2,12,27,167,52fc5635f650fe0bf438293c7de2a4e85add736360e18c6c64ac2eec01b78565
gf2^6_mult,399_2,0,401,401,0,0,37,4361,167,52fc5635f650fe0bf438293c7de2a4e85add736360e18c6c64ac2eec01b78565
gf2^6_mult,399_2,1,401,401,0,0,51,4370,167,2013349cccb466c651b0b7103da033475178af300015238e3d7cebc14919b909
gf2^6_mult,399_2,2,401,399,-2,2,12,21,169,0736c9a4aef953163a32f66ed024ada235b209e99ca2df69bcb58650fac81469
gf2^6_mult,399_3,0,401,399,-2,2,12,21,167,52fc5635f650fe0bf438293c7de2a4e85add736360e18c6c64ac2eec01b78565
gf2^6_mult,399_4,0,401,399,-2,2,12,21,167,52fc5635f650fe0bf438293c7de2a4e85add736360e18c6c64ac2eec01b78565
gf2^6_mult,399_5,0,401,399,-2,2,12,21,167,52fc5635f650fe0bf438293c7de2a4e85add736360e18c6c64ac2eec01b78565
